CASDataID,CASNumber,ChemicalName,CWCFlag,TheftFlag,CarcinogenFlag,Pictograms,,,
1,1333-74-0,hydrogen, , , ,"GHS02,GHS04,Dgr",,,
2,16853-85-3,aluminium lithium hydride, , , ,"GHS02,GHS05,Dgr",,,
3,7646-69-7,sodium hydride, , , ,"GHS02,Dgr",,,
4,7789-78-8,calcium hydride, , , ,"GHS02,Dgr",,,
5,7439-93-2,lithium, , , ,"GHS02,GHS05,Dgr",,,
6,21369-64-2,n-hexyllithium, , , ,"GHS02,GHS05,Dgr",,,
7,920-36-5,(2-methylpropyl)lithium, , , ,"GHS02,GHS05,GHS07,GHS09,Dgr",,,
8,7440-41-7,beryllium, , , ,"GHS06,GHS08,Dgr",,,
9,1304-56-9,beryllium oxide, , , ,"GHS06,GHS08,Dgr",,,
10,7/2/7637,boron trifluoride, , , ,"GHS04,GHS06,GHS05,Dgr",,,
11,10294-34-5,boron trichloride, , , ,"GHS04,GHS06,GHS05,Dgr",,,
12,10294-33-4,boron tribromide, , , ,"GHS06,GHS05,Dgr",,,
13,121-43-7,trimethyl borate, , , ,"GHS02,GHS07,Wng",,,
14,75113-37-0,dibutyltin hydrogen borate, , , ,"GHS05,GHS08,GHS07,GHS09,Dgr",,,
15,10043-35-3,boric acid, , , ,"GHS08,Dgr",,,
16,11113-50-1,boric acid, , , ,"GHS08,Dgr",,,
17,1303-86-2,diboron trioxide, , , ,"GHS08,Dgr",,,
18,120307-06-4,tetrabutylammonium butyltriphenylborate, , , ,"GHS07,GHS09,Wng",,,
19,118612-00-3,"N,N-dimethylanilinium tetrakis(pentafluorophenyl)borate", , , ,"GHS08,GHS05,GHS07,Dgr",,,
20,1330-43-4,"disodium tetraborate, anhydrous", , , ,"GHS08,Dgr",,,
21,12267-73-1,"disodium tetraborate, anhydrous", , , ,"GHS08,Dgr",,,
22,13840-56-7,"disodium tetraborate, anhydrous", , , ,"GHS08,Dgr",,,
23,1303-96-4,disodium tetraborate decahydrate, , , ,"GHS08,Dgr",,,
24,12179-04-3,disodium tetraborate pentahydrate, , , ,"GHS08,Dgr",,,
25,141714-54-7,"diethyl{}{4-[1,5,5-tris(4-diethylaminophenyl)penta-2,4-dienylidene]cyclohexa-2,5-dienylidene}}ammonium butyltriphenylborate", , , ,"GHS07,GHS09,Wng",,,
26,7397-46-8,diethylmethoxyborane, , , ,"GHS02,GHS05,GHS08,GHS07,Dgr",,,
27,87199-17-5,4-formylphenylboronic acid, , , ,"GHS07,Wng",,,
28,140681-55-6,"1-chloromethyl-4-fluoro-1,4-diazoniabicyclo[2.2.2]octane bis(tetrafluoroborate)", , , ,"GHS05,GHS07,Dgr",,,
29,15120-21-5,sodium perborate, , , ,"GHS05,Dgr,GHS06,GHS08,GHS07,GHS03",,,
30,4/4/7632,sodium perborate, , , ,"GHS05,Dgr,GHS06,GHS08,GHS07,GHS03",,,
31,13517-20-9,"perboric acid (H3BO2(O2)), monosodium salt trihydrate", , , ,"GHS05,GHS08,GHS07,Dgr",,,
32,37244-98-7,"perboric acid (H3BO2(O2)), monosodium salt trihydrate", , , ,"GHS05,GHS08,GHS07,Dgr",,,
33,10486-00-7,"perboric acid (H3BO2(O2)), monosodium salt trihydrate", , , ,"GHS05,GHS08,GHS07,Dgr",,,
34,11138-47-9,"perboric acid, sodium salt", , , ,"GHS05,Dgr,GHS06,GHS08,GHS07,GHS03",,,
35,12040-72-1,"perboric acid, sodium salt", , , ,"GHS05,Dgr,GHS06,GHS08,GHS07,GHS03",,,
36,10332-33-9,"perboric acid, sodium salt", , , ,"GHS05,Dgr,GHS06,GHS08,GHS07,GHS03",,,
37,12008-41-2,disodium octaborate anhydrous, , , ,"GHS08,Dgr",,,
38,12280-03-4,disodium octaborate anhydrous, , , ,"GHS08,Dgr",,,
39,630-08-0,carbon monoxide, , , ,"GHS02,GHS04,GHS06,GHS08,Dgr",,,
40,75-44-5,phosgene, , , ,"GHS04,GHS06,GHS05,Dgr",,,
41,75-15-0,carbon disulphide, , , ,"GHS02,GHS08,GHS07,Dgr",,,
42,75-20-7,calcium carbide, , , ,"GHS02,Dgr",,,
43,137-26-8,thiram, , , ,"GHS08,GHS07,GHS09,Wng",,,
44,74-90-8,hydrogen cyanide, , , ,"GHS09,Dgr,GHS02,GHS06",,,
45,86-88-4,antu, , , ,"GHS06,GHS08,Dgr",,,
46,119-38-0,1-isopropyl-3-methylpyrazol-5-yl dimethylcarbamate, , , ,"GHS06,Dgr",,,
47,122-15-6,"5,5-dimethyl-3-oxocyclohex-1-enyl dimethylcarbamate 5,5-dimethyldihydroresorcinol dimethylcarbamate", , , ,"GHS06,Dgr",,,
48,63-25-2,carbaryl, , , ,"GHS08,GHS07,GHS09,Wng",,,
49,137-30-4,ziram, , , ,"GHS06,GHS08,GHS05,GHS09,Dgr",,,
50,137-42-8,metam-sodium, , , ,"GHS05,GHS07,GHS09,Dgr",,,
51,142-59-6,nabam, , , ,"GHS07,GHS09,Wng",,,
52,330-54-1,diuron, , , ,"GHS08,GHS07,GHS09,Wng",,,
53,114-26-1,propoxur, , , ,"GHS06,GHS09,Dgr",,,
54,116-06-3,aldicarb, , , ,"GHS06,GHS09,Dgr",,,
55,2032-59-9,aminocarb, , , ,"GHS06,GHS09,Dgr",,,
56,2303-16-4,di-allate, , , ,"GHS08,GHS07,GHS09,Wng",,,
57,101-27-9,barban, , , ,"GHS07,GHS09,Wng",,,
58,330-55-2,linuron, , , ,"GHS08,GHS07,GHS09,Dgr",,,
59,1563-67-3,decarbofuran, , , ,"GHS06,Dgr",,,
60,2032-65-7,mercaptodimethur, , , ,"GHS06,GHS09,Dgr",,,
61,140-93-2,proxan-sodium, , , ,"GHS07,GHS09,Wng",,,
62,584-79-2,allethrin, , , ,"GHS07,GHS09,Wng",,,
63,28434-00-6,allethrin, , , ,"GHS07,GHS09,Wng",,,
64,84030-86-4,allethrin, , , ,"GHS07,GHS09,Wng",,,
65,1563-66-2,carbofuran, , , ,"GHS06,GHS09,Dgr",,,
66,973-21-7,dinobuton, , , ,"GHS06,GHS09,Dgr",,,
67,6988-21-2,dioxacarb, , , ,"GHS06,GHS09,Dgr",,,
68,759-94-4,EPTC, , , ,"GHS07,Wng",,,
69,22259-30-9,formetanate, , , ,"GHS06,GHS09,Dgr",,,
70,1746-81-2,monolinuron, , , ,"GHS08,GHS07,GHS09,Wng",,,
71,19937-59-8,metoxuron, , , ,"GHS09,Wng",,,
72,1114-71-2,pebulate, , , ,"GHS07,GHS09,Wng",,,
73,23103-98-2,pirimicarb, , , ,"GHS08,GHS06,GHS09,Dgr",,,
74,1929-88-0,benzthiazuron, , , ,"GHS07,Wng",,,
75,2631-37-0,promecarb, , , ,"GHS06,GHS09,Dgr",,,
76,95-06-7,sulfallate, , , ,"GHS08,GHS07,GHS09,Dgr",,,
77,2303-17-5,tri-allate, , , ,"GHS08,GHS07,GHS09,Wng",,,
78,2532-43-6,3-methylpyrazol-5-yl-dimethylcarbamate, , , ,"GHS06,Dgr",,,
79,79-44-7,dimethylcarbamoyl chloride, , , ,"GHS06,GHS08,Dgr",,,
80,150-68-5,monuron, , , ,"GHS08,GHS07,GHS09,Wng",,,
81,140-41-0,"3-(4-chlorophenyl)-1,1-dimethyluronium trichloroacetate", , , ,"GHS08,GHS07,GHS09,Wng",,,
82,34123-59-6,isoproturon, , , ,"GHS08,GHS09,Wng",,,
83,16752-77-5,methomyl, , , ,"GHS06,GHS09,Dgr",,,
84,22781-23-3,bendiocarb, , , ,"GHS06,GHS09,Dgr",,,
85,8065-36-9,bufencarb, , , ,"GHS06,GHS09,Dgr",,,
86,29973-13-5,ethiofencarb, , , ,"GHS07,GHS09,Wng",,,
87,502-55-6,dixanthogen, , , ,"GHS07,Wng",,,
88,4482-55-7,"1,1-dimethyl-3-phenyluronium trichloroacetate", , , ,"GHS07,GHS09,Wng",,,
89,14484-64-1,ferbam, , , ,"GHS07,GHS09,Wng",,,
90,23422-53-9,formetanate hydrochloride, , , ,"GHS06,GHS09,Dgr",,,
91,2631-40-5,isoprocarb, , , ,"GHS07,GHS09,Wng",,,
92,315-18-4,mexacarbate, , , ,"GHS06,GHS09,Dgr",,,
93,10/7/2425,xylylcarb, , , ,"GHS07,GHS09,Wng",,,
94,1129-41-5,metolcarb, , , ,"GHS07,GHS09,Wng",,,
95,1929-82-4,nitrapyrin, , , ,"GHS07,GHS09,Wng",,,
96,2163-79-3,noruron, , , ,"GHS07,Wng",,,
97,23135-22-0,oxamyl, , , ,"GHS06,GHS09,Dgr",,,
98,5259-88-1,oxycarboxin, , , ,"GHS07,Wng",,,
99,19622-19-6,S-ethyl N-(dimethylaminopropyl)thiocarbamatehydrochloride, , , ,"GHS07,GHS09,Wng",,,
100,1918-18-9,"methyl 3,4-dichlorophenylcarbanilate", , , ,"GHS07,Wng",,,
101,28249-77-6,thiobencarb, , , ,"GHS07,GHS09,Wng",,,
102,39196-18-4,thiofanox, , , ,"GHS06,GHS09,Dgr",,,
103,15271-41-7,"3-chloro-6-cyano-bicyclo(2,2,1)heptan-2-one-O-(N-methylcarbamoyl)oxime", , , ,"GHS06,GHS09,Dgr",,,
104,1929-77-7,vernolate, , , ,"GHS07,GHS09,Wng",,,
105,2655-14-3,XMC, , , ,"GHS07,Wng",,,
106,334-88-3,diazomethane, , , ,"GHS08,Dgr",,,
107,23564-05-8,thiophanate-methyl, , , ,"GHS08,GHS07,GHS09,Wng",,,
108,60568-05-0,furmecyclox, , , ,"GHS08,GHS09,Wng",,,
109,87731-18-8,cyclooct-4-en-1-yl methyl carbonate, , , ,"GHS07,Wng",,,
110,52888-80-9,prosulfocarb, , , ,"GHS07,GHS09,Wng",,,
111,31506-43-1,3-(dimethylamino)propylurea, , , ,"GHS05,Dgr",,,
112,2094-99-7,2-(3-(prop-1-en-2-yl)phenyl)prop-2-yl isocyanate, , , ,"GHS06,GHS08,GHS05,GHS09,Dgr",,,
113,1/7/8018,mancozeb, , , ,"GHS08,GHS07,GHS09,Wng",,,
114,12427-38-2,maneb, , , ,"GHS08,GHS07,GHS09,Wng",,,
115,12122-67-7,zineb, , , ,"GHS07,Wng",,,
116,97-77-8,disulfiram, , , ,"GHS08,GHS07,GHS09,Wng",,,
117,97-74-5,tetramethylthiuram monosulphide, , , ,"GHS07,GHS09,Wng",,,
118,136-23-2,zinc bis(dibutyldithiocarbamate), , , ,"GHS07,GHS09,Wng",,,
119,14324-55-1,zinc bis(diethyldithiocarbamate), , , ,"GHS07,GHS09,Wng",,,
120,34681-10-2,butocarboxim, , , ,"GHS02,GHS06,GHS09,Dgr",,,
121,55285-14-8,carbosulfan, , , ,"GHS06,GHS09,Dgr",,,
122,3766-81-2,fenobucarb, , , ,"GHS07,GHS09,Wng",,,
123,72490-01-8,fenoxycarb, , , ,"GHS08,GHS09,Wng",,,
124,65907-30-4,furathiocarb, , , ,"GHS06,GHS08,GHS09,Dgr",,,
125,82560-54-1,benfuracarb, , , ,"GHS06,GHS08,GHS09,Dgr",,,
126,88558-41-2,2-(3-iodoprop-2-yn-1-yloxy)ethyl phenylcarbamate, , , ,"GHS05,GHS07,Dgr",,,
127,9016-72-2,propineb, , , ,"GHS08,GHS07,GHS09,Wng",,,
128,98737-29-2,tert-butyl (1S)-N-[1-((2S)-2-oxiranyl)-2-phenylethyl]carbamate, , , ,"GHS09,Wng",,,
129,103122-66-3,O-isobutyl-N-ethoxy carbonylthiocarbamate, , , ,"GHS02,GHS08,GHS07,GHS09,Dgr",,,
130,39148-24-8,fosetyl-aluminium, , , ,"GHS05,Dgr",,,
131,101-21-3,chlorpropham, , , ,"GHS08,GHS09,Wng",,,
132,13909-63-2,1-phenyl-3-(p-toluenesulfonyl)urea, , , ,"GHS08,GHS07,Wng",,,
133,134575-17-0,"tert-butyl (1R,5S)-3-azabicyclo[3.1.0]hex-6-ylcarbamate", , , ,"GHS05,GHS08,GHS07,Dgr",,,
134,232938-43-1,N-(p-toluenesulfonyl)-N'-(3-(p-toluenesulfonyloxy)phenyl)urea, , , ,GHS09,,,
135,7664-41-7,"ammonia, anhydrous", , , ,"GHS04,GHS06,GHS05,GHS09,Dgr",,,
136,1336-21-6,ammonia ....%, , , ,"GHS05,GHS09,Dgr",,,
137,10102-44-0,nitrogen dioxide, , , ,"GHS04,GHS03,GHS06,GHS05,Dgr",,,
138,10544-72-6,nitrogen dioxide, , , ,"GHS04,GHS03,GHS06,GHS05,Dgr",,,
139,999-81-5,chlormequat chloride, , , ,"GHS07,Wng",,,
140,7697-37-2,nitric acid ... %, , , ,"GHS03,GHS05,Dgr",,,
141,109-95-5,ethyl nitrite, , , ,"GHS02,GHS04,GHS07,Dgr",,,
142,625-58-1,ethyl nitrate, , , ,"GHS01,Dgr",,,
143,302-01-2,hydrazine, , , ,"GHS02,GHS06,GHS08,GHS05,GHS09,Dgr",,,
144,3129-91-7,dicyclohexylammonium nitrite, , , ,"GHS07,Wng",,,
145,7632-00-0,sodium nitrite, , , ,"GHS03,GHS06,GHS09,Dgr",,,
146,7758-09-0,potassium nitrite, , , ,"GHS03,GHS06,GHS09,Dgr",,,
147,57-14-7,"N,N-dimethylhydrazine", , , ,"GHS02,GHS06,GHS08,GHS05,GHS09,Dgr",,,
148,540-73-8,"1,2-dimethylhydrazine", , , ,"GHS06,GHS08,GHS09,Dgr",,,
149,624-86-2,O-ethylhydroxylamine, , , ,"GHS02,GHS06,GHS08,GHS09,Dgr",,,
150,544-16-1,butyl nitrite, , , ,"GHS02,GHS06,Dgr",,,
151,542-56-3,isobutyl nitrite, , , ,"GHS02,GHS08,GHS07,Dgr",,,
152,924-43-6,sec-butyl nitrite, , , ,"GHS02,GHS07,Dgr",,,
153,540-80-7,tert-butyl nitrite, , , ,"GHS02,GHS07,Dgr",,,
154,463-04-7,pentyl nitrite, , , ,"GHS02,GHS07,Dgr",,,
155,110-46-3,pentyl nitrite, , , ,"GHS02,GHS07,Dgr",,,
156,122-66-7,hydrazobenzene, , , ,"GHS08,GHS07,GHS09,Dgr",,,
157,36362-09-1,2-(decylthio)ethylammonium chloride, , , ,"GHS08,GHS05,GHS09,Dgr",,,
158,81880-96-8,(4-hydrazinophenyl)-N-methylmethanesulfonamide hydrochloride, , , ,"GHS06,GHS08,GHS09,Dgr",,,
159,122035-71-6,"oxo-((2,2,6,6-tetramethylpiperidin-4-yl)amino)carbonylacetohydrazide", , , ,"GHS05,GHS07,Dgr",,,
160,771478-66-1,"1,6-bis(3,3-bis((1-methylpentylidenimino)propyl)ureido)hexane", , , ,"GHS08,GHS05,GHS07,GHS09,Dgr",,,
161,13465-08-2,hydroxylammonium nitrate, , , ,"GHS01,GHS06,GHS08,GHS09,Dgr",,,
162,95500-19-9,diethyldimethylammonium hydroxide, , , ,"GHS05,GHS07,Dgr",,,
163,7782-44-7,oxygen, , , ,"GHS03,GHS04,Dgr",,,
164,7722-84-1,hydrogen peroxide solution ...%, , , ,"GHS03,GHS05,GHS07,Dgr",,,
165,7782-41-4,fluorine, , , ,"GHS04,GHS03,GHS06,GHS05,Dgr",,,
166,7664-39-3,hydrogen fluoride, , , ,"GHS06,GHS05,Dgr",,,
167,7681-49-4,sodium fluoride, , , ,"GHS06,Dgr",,,
168,7789-23-3,potassium fluoride, , , ,"GHS06,Dgr",,,
169,12125-01-8,ammonium fluoride, , , ,"GHS06,Dgr",,,
170,1333-83-1,sodium bifluoride, , , ,"GHS06,GHS05,Dgr",,,
171,7789-29-9,potassium bifluoride, , , ,"GHS06,GHS05,Dgr",,,
172,1341-49-7,ammonium bifluoride, , , ,"GHS06,GHS05,Dgr",,,
173,16872-11-0,fluoroboric acid ... %, , , ,"GHS05,Dgr",,,
174,16961-83-4,fluorosilicic acid ... %, , , ,"GHS05,Dgr",,,
175,16893-85-9,alkali fluorosilicates(Na), , , ,"GHS06,Dgr",,,
176,16871-90-2,alkali fluorosilicates(Na), , , ,"GHS06,Dgr",,,
177,16919-19-0,alkali fluorosilicates(Na), , , ,"GHS06,Dgr",,,
178,25808-74-6,lead hexafluorosilicate, , , ,"GHS08,GHS07,GHS09,Dgr",,,
179,2699-79-8,sulphuryl difluoride, , , ,"GHS04,GHS06,GHS08,GHS09,Dgr",,,
180,13775-53-6,trisodium hexafluoroaluminate, , , ,"GHS07,GHS08,GHS09,Dgr",,,
181,15096-52-3,trisodium hexafluoroaluminate, , , ,"GHS07,GHS08,GHS09,Dgr",,,
182,12091-08-6,potassium mu-fluoro-bis(triethylaluminium), , , ,"GHS02,GHS05,GHS07,Dgr",,,
183,16949-65-8,magnesium hexafluorosilicate, , , ,"GHS06,Dgr",,,
184,7440-23-5,sodium, , , ,"GHS02,GHS05,Dgr",,,
185,1310-73-2,sodium hydroxide, , , ,"GHS05,Dgr",,,
186,1313-60-6,sodium peroxide, , , ,"GHS03,GHS05,Dgr",,,
187,26628-22-8,sodium azide, , , ,"GHS06,GHS09,Dgr",,,
188,497-19-8,sodium carbonate, , , ,"GHS07,Wng",,,
189,917-61-3,sodium cyanate, , , ,"GHS07,Wng",,,
190,181274-15-7,propoxycarbazone-sodium, , , ,"GHS09,Wng",,,
191,7439-95-4,magnesium powder (pyrophoric), , , ,"GHS02,Dgr",,,
192,7429-90-5,aluminium powder (pyrophoric), , , ,"GHS02,Dgr",,,
193,7446-70-0,"aluminium chloride, anhydrous", , , ,"GHS05,Dgr",,,
194,55426-95-4,diethyl(ethyldimethylsilanolato)aluminium, , , ,"GHS02,GHS05,Dgr",,,
195,7585-14-0,di-n-octylaluminium iodide, , , ,"GHS02,GHS05,GHS09,Dgr",,,
196,151841-65-5,"hydroxy aluminium bis(2,4,8,10-tetra-tert-butyl-6-hydroxy-12H-dibenzo[d,g][1.3.2]dioxaphosphocin-6-oxide)", , , ,GHS09,,,
197,10025-78-2,trichlorosilane, , , ,"GHS02,GHS05,GHS07,Dgr",,,
198,10026-04-7,silicon tetrachloride, , , ,"GHS07,Wng",,,
199,75-78-5,dimethyldichlorosilane, , , ,"GHS02,GHS07,Dgr",,,
200,75-79-6,trichloro(methyl)silane, , , ,"GHS02,GHS07,Dgr",,,
201,78-10-4,tetraethyl silicate, , , ,"GHS02,GHS07,Wng",,,
202,17980-47-1,triethoxyisobutylsilane, , , ,"GHS07,Wng",,,
203,85491-26-5,(chloromethyl)bis(4-fluorophenyl)methylsilane, , , ,GHS09,,,
204,111439-76-0,isobutylisopropyldimethoxysilane, , , ,"GHS02,GHS07,Wng",,,
205,6834-92-0,disodium metasilicate, , , ,"GHS05,GHS07,Dgr",,,
206,17865-32-6,cyclohexyldimethoxymethylsilane, , , ,"GHS07,GHS09,Wng",,,
207,37894-46-5,etacelasil, , , ,"GHS08,GHS07,Dgr",,,
208,85509-19-9,flusilazole, , , ,"GHS08,GHS07,GHS09,Dgr",,,
209,556-67-2,octamethylcyclotetrasiloxane, , , ,"GHS08,Wng",,,
210,53863-99-3,"bis(1,1-dimethyl-2-propynyloxy)dimethylsilane", , , ,"GHS07,Wng",,,
211,52301-18-5,tris(isopropenyloxy)phenyl silane, , , ,"GHS09,Wng",,,
212,125613-45-8,"α, ω-dihydroxypoly(hex-5-en-1-ylmethylsiloxane)hoxysilane with (hydrolysis product of silica and methyltrimethoxysilane)iazole", , , ,GHS09,,,
213,121626-74-2,1-((3-(3-chloro-4-fluorophenyl)propyl)dimethylsilanyl)-4-ethoxybenzene, , , ,GHS09,,,
214,102089-33-8,"4-[3-(diethoxymethylsilylpropoxy)-2,2,6,6-tetramethyl]piperidine", , , ,"GHS08,GHS05,GHS07,Dgr",,,
215,770722-36-6,dichloro-(3-(3-chloro-4-fluorophenyl)propyl)methylsilane, , , ,"GHS05,Dgr",,,
216,770722-46-8,chloro(3-(3-chloro-4-fluorophenyl)propyl)dimethylsilane, , , ,"GHS05,Dgr",,,
217,193159-06-7,α-[3-(1-oxoprop-2-eny)l-1-oxypropyl]dimethoxysilyloxy-ω-[3(1-oxoprop-2-enyl)-1-oxypropyl]dimethoxysilyl poly(dimethylsiloxane), , , ,"GHS07,Wng",,,
218,156145-66-3,"O,O'-(ethenylmethylsilylene)di[(4-methylpentan-2-one)oxime]", , , ,"GHS08,GHS07,Wng",,,
219,137390-08-0,"[(dimethylsilylene)bis((1,2,3,3a,7a-η)-1H-inden-1-ylidene)dimethyl]hafnium", , , ,"GHS06,Dgr",,,
220,18230-61-0,bis(1-methylethyl)-dimethoxysilane, , , ,"GHS02,GHS07,Wng",,,
221,126990-35-0,dicyclopentyldimethoxysilane, , , ,"GHS05,GHS09,Dgr",,,
222,125804-20-8,2-methyl-3-(trimethoxysilyl)propyl-2-propenoate hydrolysis product with silica, , , ,"GHS02,GHS07,Dgr",,,
223,1873-90-1,3-hexylheptamethyltrisiloxane, , , ,"GHS07,Wng",,,
224,10217-34-2,"2-(3,4-epoxycyclohexyl)ethyltriethoxy silane", , , ,"GHS07,Wng",,,
225,105024-66-6,(4-ethoxyphenyl)(3-(4-fluoro-3-phenoxyphenyl)propyl)dimethylsilane, , , ,"GHS08,GHS09,Dgr",,,
226,34036-80-1,"2-butanone-O,O',O''-(phenylsilylidyne)trioxime", , , ,"GHS08,GHS07,Wng",,,
227,220727-26-4,S-(3-(triethoxysilyl)propyl)octanethioate, , , ,"GHS07,Wng",,,
228,142877-45-0,"(2,3-dimethylbut-2-yl)-trimethoxysilane", , , ,"GHS05,Dgr",,,
229,201290-01-9,"N,N-bis(trimethylsilyl)aminopropylmethyldiethoxysilane", , , ,"GHS07,Wng",,,
230,12185-10-3,white phosphorus, , , ,"GHS02,GHS06,GHS05,GHS09,Dgr",,,
231,7723-14-0,red phosphorus, , , ,"GHS02,Dgr",,,
232,1305-99-3,calcium phosphide, , , ,"GHS02,GHS06,GHS05,GHS09,Dgr",,,
233,20859-73-8,aluminium phosphide, , , ,"GHS02,GHS06,GHS09,Dgr",,,
234,12057-74-8,magnesium phosphide, , , ,"GHS02,GHS06,GHS09,Dgr",,,
235,1314-84-7,trizinc diphosphide, , , ,"GHS02,GHS06,GHS09,Dgr",,,
236,12/2/7719,phosphorus trichloride, , , ,"GHS06,GHS08,GHS05,Dgr",,,
237,10026-13-8,phosphorus pentachloride, , , ,"GHS06,GHS08,GHS05,Dgr",,,
238,10025-87-3,phosphoryl trichloride, , , ,"GHS06,GHS08,GHS05,Dgr",,,
239,1314-56-3,phosphorus pentoxide, , , ,"GHS05,Dgr",,,
240,7664-38-2,"phosphoric acid ... %, orthophosphoric acid ... %", , , ,"GHS05,Dgr",,,
241,1314-85-8,tetraphosphorus trisulphide, , , ,"GHS02,GHS07,GHS09,Dgr",,,
242,78-40-0,triethyl phosphate, , , ,"GHS07,Wng",,,
243,126-73-8,tributyl phosphate, , , ,"GHS08,GHS07,Wng",,,
244,78-30-8,"tricresyl phosphate (o-o-o-, o-o-m-, o-o-p-, o-m-m-, o-m-p-, o-p-p-)", , , ,"GHS08,GHS09,Dgr",,,
245,78-32-0,"tricresyl phosphate (m-m-m-, m-m-p-, m-p-p-, p-p-p-)", , , ,"GHS07,GHS09,Wng",,,
246,62-73-7,dichlorvos, , , ,"GHS06,GHS09,Dgr",,,
247,7786-34-7,mevinphos, , , ,"GHS06,GHS09,Dgr",,,
248,52-68-6,trichlorfon, , , ,"GHS07,GHS09,Wng",,,
249,13171-21-6,phosphamidon, , , ,"GHS06,GHS08,GHS09,Dgr",,,
250,108-34-9,pyrazoxon, , , ,"GHS06,Dgr",,,
251,1031-47-6,triamiphos, , , ,"GHS06,Dgr",,,
252,107-49-3,TEPP, , , ,"GHS06,GHS09,Dgr",,,
253,152-16-9,schradan, , , ,"GHS06,Dgr",,,
254,3689-24-5,sulfotep, , , ,"GHS06,GHS09,Dgr",,,
255,298-03-3,demeton-O, , , ,"GHS06,GHS09,Dgr",,,
256,126-75-0,demeton-S, , , ,"GHS06,Dgr",,,
257,867-27-6,demeton-O-methyl, , , ,"GHS06,Dgr",,,
258,919-86-8,demeton-S-methyl, , , ,"GHS06,GHS09,Dgr",,,
259,2275-18-5,prothoate, , , ,"GHS06,Dgr",,,
260,298-02-2,phorate, , , ,"GHS06,GHS09,Dgr",,,
261,56-38-2,parathion, , , ,"GHS06,GHS08,GHS09,Dgr",,,
262,298-00-0,parathion - methyl, , , ,"GHS02,GHS06,GHS08,GHS09,Dgr",,,
263,2104-64-5,O-ethyl O-4-nitrophenyl phenylphosphonothioate, , , ,"GHS06,GHS09,Dgr",,,
264,2275-14-1,phenkapton, , , ,"GHS06,GHS09,Dgr",,,
265,56-72-4,coumaphos, , , ,"GHS06,GHS09,Dgr",,,
266,86-50-0,azinphos-methyl, , , ,"GHS06,GHS09,Dgr",,,
267,333-41-5,diazinon, , , ,"GHS07,GHS09,Wng",,,
268,121-75-5,malathion, , , ,"GHS07,GHS09,Wng",,,
269,500-28-7,chlorthion, , , ,"GHS07,GHS09,Wng",,,
270,5826-76-6,phosnichlor, , , ,"GHS07,Wng",,,
271,786-19-6,carbophenothion, , , ,"GHS06,GHS09,Dgr",,,
272,2595-54-2,mecarbam, , , ,"GHS06,GHS09,Dgr",,,
273,301-12-2,oxydemeton-methyl, , , ,"GHS06,GHS09,Dgr",,,
274,563-12-2,ethion, , , ,"GHS06,GHS09,Dgr",,,
275,55-38-9,fenthion, , , ,"GHS06,GHS08,GHS09,Dgr",,,
276,4/3/2778,endothion, , , ,"GHS06,Dgr",,,
277,640-15-3,thiometon, , , ,"GHS06,Dgr",,,
278,60-51-5,dimethoate, , , ,"GHS07,Wng",,,
279,299-84-3,fenchlorphos, , , ,"GHS07,GHS09,Wng",,,
280,78-57-9,menazon, , , ,"GHS07,Wng",,,
281,122-14-5,fenitrothion, , , ,"GHS07,GHS09,Wng",,,
282,300-76-5,naled, , , ,"GHS07,GHS09,Wng",,,
283,2642-71-9,azinphos-ethyl, , , ,"GHS06,GHS09,Dgr",,,
284,2540-82-1,formothion, , , ,"GHS07,Wng",,,
285,144-41-2,morphothion, , , ,"GHS06,GHS09,Dgr",,,
286,2275-23-2,vamidothion, , , ,"GHS06,GHS09,Dgr",,,
287,298-04-4,disulfoton, , , ,"GHS06,GHS09,Dgr",,,
288,115-26-4,dimefox, , , ,"GHS06,Dgr",,,
289,371-86-8,mipafox, , , ,"GHS08,Dgr",,,
290,78-34-2,dioxathion, , , ,"GHS06,GHS09,Dgr",,,
291,4824-78-6,bromophos-ethyl, , , ,"GHS06,GHS09,Dgr",,,
292,2703-37-9,"S-[2-(ethylsulphinyl)ethyl] O,O-dimethyl phosphorodithioate", , , ,"GHS06,GHS09,Dgr",,,
293,1113-02-6,omethoate, , , ,"GHS06,GHS09,Dgr",,,
294,2310-17-0,phosalone, , , ,"GHS06,GHS09,Dgr",,,
295,97-17-6,dichlofenthion, , , ,"GHS07,GHS09,Wng",,,
296,950-37-8,methidathion, , , ,"GHS06,GHS09,Dgr",,,
297,3734-95-0,cyanthoate, , , ,"GHS06,Dgr",,,
298,470-90-6,chlorfenvinphos, , , ,"GHS06,GHS09,Dgr",,,
299,6923-22-4,monocrotophos, , , ,"GHS06,GHS08,GHS09,Dgr",,,
300,141-66-2,dicrotophos, , , ,"GHS06,GHS09,Dgr",,,
301,299-86-5,crufomate, , , ,"GHS07,GHS09,Wng",,,
302,2635-50-9,"S-[2-(isopropylsulphinyl)ethyl] O,O-dimethyl phosphorothioate", , , ,"GHS06,Dgr",,,
303,299-45-6,potasan, , , ,"GHS06,GHS09,Dgr",,,
304,7076-53-1,"2,2-dichlorovinyl 2-ethylsulphinylethyl methyl phosphate", , , ,"GHS06,Dgr",,,
305,17040-19-6,demeton-S-methylsulphon, , , ,"GHS06,GHS09,Dgr",,,
306,30560-19-1,acephate, , , ,"GHS07,Wng",,,
307,919-76-6,amidithion, , , ,"GHS07,Wng",,,
308,3244-90-4,"O,O,O',O'-tetrapropyl dithiopyrophosphate", , , ,"GHS07,GHS09,Wng",,,
309,5834-96-8,azothoate, , , ,"GHS07,Wng",,,
310,741-58-2,bensulide, , , ,"GHS07,GHS09,Wng",,,
311,2921-88-2,chlorpyrifos, , , ,"GHS06,GHS09,Dgr",,,
312,115-78-6,chlorphonium chloride, , , ,"GHS06,Dgr",,,
313,572-48-5,coumithoate, , , ,"GHS06,Dgr",,,
314,2636-26-2,cyanophos, , , ,"GHS07,GHS09,Wng",,,
315,10311-84-9,dialifos, , , ,"GHS06,GHS09,Dgr",,,
316,116-01-8,ethoate-methyl, , , ,"GHS07,Wng",,,
317,115-90-2,fensulfothion, , , ,"GHS06,GHS09,Dgr",,,
318,944-22-9,fonofos, , , ,"GHS06,GHS09,Dgr",,,
319,4104-14-7,phosacetim, , , ,"GHS06,GHS09,Dgr",,,
320,21609-90-5,leptophos, , , ,"GHS06,GHS08,GHS09,Dgr",,,
321,950-10-7,mephosfolan, , , ,"GHS06,GHS09,Dgr",,,
322,10265-92-6,methamidophos, , , ,"GHS06,GHS09,Dgr",,,
323,7/6/2497,oxydisulfoton, , , ,"GHS06,GHS09,Dgr",,,
324,3/7/2597,phenthoate, , , ,"GHS07,GHS09,Wng",,,
325,327-98-0,trichloronate, , , ,"GHS06,GHS09,Dgr",,,
326,23505-41-1,pirimiphos-ethyl, , , ,"GHS06,GHS09,Dgr",,,
327,14816-18-3,phoxim, , , ,"GHS08,GHS07,GHS09,Wng",,,
328,732-11-6,phosmet, , , ,"GHS08,GHS06,GHS09,Dgr",,,
329,115-96-8,tris(2-chloroethyl)phosphate, , , ,"GHS08,GHS07,GHS09,Dgr",,,
330,7789-60-8,phosphorus tribromide, , , ,"GHS05,GHS07,Dgr",,,
331,1314-80-3,diphosphorus pentasulphide, , , ,"GHS02,GHS07,GHS09,Dgr",,,
332,101-02-0,triphenyl phosphite, , , ,"GHS07,GHS09,Wng",,,
333,680-31-9,hexamethylphosphoric triamide, , , ,"GHS08,Dgr",,,
334,13194-48-4,ethoprophos, , , ,"GHS06,GHS09,Dgr",,,
335,2104-96-3,bromophos, , , ,"GHS07,GHS09,Wng",,,
336,7700-17-6,crotoxyphos, , , ,"GHS06,GHS09,Dgr",,,
337,13067-93-1,cyanofenphos, , , ,"GHS06,GHS08,GHS09,Dgr",,,
338,947-02-4,phosfolan, , , ,"GHS06,Dgr",,,
339,297-97-2,thionazin, , , ,"GHS06,Dgr",,,
340,57018-04-9,tolclofos-methyl, , , ,"GHS07,GHS09,Wng",,,
341,24934-91-6,chlormephos, , , ,"GHS06,GHS09,Dgr",,,
342,21923-23-9,chlorthiophos, , , ,"GHS06,GHS09,Dgr",,,
343,682-80-4,demephion-O, , , ,"GHS06,Dgr",,,
344,2587-90-8,demephion-S, , , ,"GHS06,Dgr",,,
345,8065-48-3,demeton, , , ,"GHS06,GHS09,Dgr",,,
346,3254-63-5,dimethyl 4-(methylthio)phenyl phosphate, , , ,"GHS06,Dgr",,,
347,5131-24-8,ditalimfos, , , ,"GHS07,Wng",,,
348,17109-49-8,edifenphos, , , ,"GHS06,GHS09,Dgr",,,
349,38260-54-7,etrimfos, , , ,"GHS07,GHS09,Wng",,,
350,22224-92-6,fenamiphos, , , ,"GHS06,GHS09,Dgr",,,
351,21548-32-3,fosthietan, , , ,"GHS06,Dgr",,,
352,2439-99-8,glyphosine, , , ,"GHS05,Dgr",,,
353,23560-59-0,heptenophos, , , ,"GHS06,GHS09,Dgr",,,
354,26087-47-8,iprobenfos, , , ,"GHS07,GHS09,Wng",,,
355,5/4/5827,IPSP, , , ,"GHS06,GHS09,Dgr",,,
356,25311-71-1,isofenphos, , , ,"GHS06,GHS09,Dgr",,,
357,36614-38-7,isothioate, , , ,"GHS06,Dgr",,,
358,18854-01-8,isoxathion, , , ,"GHS06,GHS09,Dgr",,,
359,953-17-3,"S-(chlorophenylthiomethyl) O,O-dimethylphosphorodithioate", , , ,"GHS06,GHS09,Dgr",,,
360,24151-93-7,piperophos, , , ,"GHS07,GHS09,Wng",,,
361,29232-93-7,pirimiphos-methyl, , , ,"GHS07,GHS09,Wng",,,
362,41198-08-7,profenofos, , , ,"GHS07,GHS09,Wng",,,
363,31218-83-4,trans-isopropyl-3-[[(ethylamino)methoxyfosfinothioyl]oxy]crotonate, , , ,"GHS06,GHS09,Dgr",,,
364,13457-18-6,pyrazophos, , , ,"GHS07,GHS09,Wng",,,
365,13593-03-8,quinalphos, , , ,"GHS06,GHS09,Dgr",,,
366,13071-79-9,terbufos, , , ,"GHS06,GHS09,Dgr",,,
367,24017-47-8,triazophos, , , ,"GHS06,GHS09,Dgr",,,
368,87025-52-3,reaction mass of pentyl methylphosphinate and 2-methylbutyl methylphosphinate, , , ,"GHS05,Dgr",,,
369,51395-42-7,2-(diphosphonomethyl)succinic acid, , , ,"GHS05,GHS07,Dgr",,,
370,86608-70-0,"(2-(1,3-dioxolan-2-yl)ethyl)triphenylphosphonium bromide", , , ,"GHS08,GHS05,GHS07,Dgr",,,
371,3811-49-2,dioxabenzofos, , , ,"GHS06,GHS08,GHS09,Dgr",,,
372,42509-80-8,isazofos, , , ,"GHS06,GHS08,GHS09,Dgr",,,
373,16672-87-0,ethephon, , , ,"GHS06,GHS05,GHS09,Dgr",,,
374,77182-82-2,glufosinate ammonium, , , ,"GHS08,GHS07,Dgr",,,
375,30864-28-9,methyl 3-[(dimethoxyphosphinothioyl)oxy]methacrylate, , , ,"GHS07,GHS09,Wng",,,
376,62610-77-9,methyl 3-[(dimethoxyphosphinothioyl)oxy]methacrylate, , , ,"GHS07,GHS09,Wng",,,
377,13598-36-2,phosphonic acid, , , ,"GHS05,GHS07,Dgr",,,
378,10294-56-1,phosphonic acid, , , ,"GHS05,GHS07,Dgr",,,
379,23783-26-8,hydroxyphosphonoacetic acid, , , ,"GHS08,GHS05,GHS07,Dgr",,,
380,58834-75-6,vanadyl pyrophosphate, , , ,"GHS07,Wng",,,
381,65232-89-5,divanadyl pyrophosphate, , , ,"GHS05,GHS07,GHS09,Dgr",,,
382,145052-34-2,"bis(2,6-dimethoxybenzoyl)-2,4,4-trimethylpentylphosphinoxide", , , ,"GHS07,GHS09,Wng",,,
383,14657-64-8,3-(hydroxyphenylphosphinyl)propanoic acid, , , ,"GHS05,Dgr",,,
384,98886-44-3,fosthiazate, , , ,"GHS06,GHS09,Dgr",,,
385,117291-73-3,"methyl [2-(1,1-dimethylethyl)-6-methoxypyrimidin-4-yl]ethylphosphonothioate", , , ,"GHS07,GHS09,Wng",,,
386,82857-68-9,"1-chloro-N,N-diethyl-1,1-diphenyl-1-(phenylmethyl)phosphoramine", , , ,"GHS06,GHS05,GHS09,Dgr",,,
387,35000-38-5,tert-butyl (triphenylphosphoranylidene) acetate, , , ,"GHS06,GHS08,GHS09,Dgr",,,
388,116163-96-3,"P,P,P',P'-tetrakis-(o-methoxyphenyl)propane-1,3-diphosphine", , , ,"GHS09,Wng",,,
389,83623-61-4,((4-phenylbutyl)hydroxyphosphoryl)acetic acid, , , ,"GHS08,GHS05,Dgr",,,
390,25383-07-7,"(R)-α-phenylethylammonium (-)-(1R, 2S)-(1,2-epoxypropyl)phosphonate monohydrate", , , ,"GHS08,GHS09,Wng",,,
391,166242-53-1,"UVCB condensation product of: tetrakis-hydroxymethylphosphonium chloride, urea and distilled hydrogenated C16-18 tallow alkylamine", , , ,"GHS08,GHS05,GHS07,GHS09,Dgr",,,
392,137590-32-0,"[R-(R*,S*)]-[[2-methyl-1-(1-oxopropoxy)propoxy]-(4-phenylbutyl)phosphinyl] acetic acid, (-)-cinchonidine (1:1) salt", , , ,"GHS05,GHS07,Dgr",,,
393,7803-51-2,phosphine, , , ,"GHS02,GHS04,GHS06,GHS05,GHS09,Dgr",,,
394,10596-22-2,tetrapropan-2-yl (dichloromethanediyl)bis(phosphonate), , , ,"GHS07,Wng",,,
395,16610-63-2,(1-hydroxydodecylidene)diphosphonic acid, , , ,"GHS05,GHS09,Dgr",,,
396,5598-13-0,"chlorpyrifos-methyl ,", , , ,"GHS07,GHS09,Wng",,,
397,162881-26-7,"phenyl bis(2,4,6-trimethylbenzoyl)-phosphine oxide", , , ,"GHS07,Wng",,,
398,154862-43-8,"bis(2,4-dicumylphenyl) neopentyl diphosphite", , , ,-,,,
399,27460-02-2,dodecyldiphenyl phosphate, , , ,"GHS07,Wng",,,
400,139189-30-3,"tetrakis(2,6-dimethylphenyl)-m-phenylene biphosphate", , , ,"GHS07,Wng",,,
401,332350-93-3,"triphenyl(phenylmethyl)phosphonium 1,1,2,2,3,3,4,4,4-nonafluoro-N-methyl-1-butanesulfonamide (1:1)", , , ,"GHS05,GHS06,GHS09,Dgr",,,
402,220689-12-3,tetrabutyl-phosphonium nonafluoro-butane-1-sulfonate, , , ,"GHS07,Wng",,,
403,107667-02-7,"bis(2,4,4-trimethylpentyl)dithiophosphonic acid", , , ,"GHS02,GHS06,GHS05,GHS09,Dgr",,,
404,86552-32-1,(4-phenylbutyl)phosphinic acid, , , ,"GHS05,GHS08,Dgr",,,
405,13674-87-8,tris[2-chloro-1-(chloromethyl)ethyl] phosphate, , , ,"GHS08,Wng",,,
406,22398-80-7,indium phosphide, , , ,"GHS08,Dgr",,,
407,25155-23-1,trixylyl phosphate, , , ,"GHS08,Dgr",,,
408,26523-78-4,tris(nonylphenyl) phosphite, , , ,"GHS07,GHS09,Wng",,,
409,75980-60-8,"diphenyl(2,4,6-trimethylbenzoyl)phosphine oxide", , , ,"GHS08,Wng",,,
410,6/4/7783,hydrogen sulphide, , , ,"GHS02,GHS04,GHS06,GHS09,Dgr",,,
411,21109-95-5,barium sulphide, , , ,"GHS07,GHS09,Wng",,,
412,50864-67-0,barium polysulphides, , , ,"GHS07,GHS09,Wng",,,
413,20548-54-3,calcium sulphide, , , ,"GHS07,GHS09,Wng",,,
414,1344-81-6,calcium polysulphides, , , ,"GHS07,GHS09,Wng",,,
415,1312-73-8,dipotassium sulphide, , , ,"GHS05,GHS09,Dgr",,,
416,37199-66-9,potassium polysulphides, , , ,"GHS05,GHS09,Dgr",,,
417,9080-17-5,ammonium polysulphides, , , ,"GHS05,GHS09,Dgr",,,
418,1313-82-2,disodium sulfide, , , ,"GHS06,GHS05,GHS09,Dgr",,,
419,1344-08-7,sodium polysulphides, , , ,"GHS06,GHS05,GHS09,Dgr",,,
420,9/5/7446,sulphur dioxide, , , ,"GHS04,GHS06,GHS05,Dgr",,,
421,10025-67-9,disulphur dichloride, , , ,"GHS06,GHS05,GHS09,Dgr",,,
422,10545-99-0,sulphur dichloride, , , ,"GHS05,GHS07,GHS09,Dgr",,,
423,13451-08-6,sulphur tetrachloride, , , ,"GHS05,GHS09,Dgr",,,
424,9/7/7719,thionyl dichloride, , , ,"GHS05,GHS07,Dgr",,,
425,7791-25-5,sulphuryl chloride, , , ,"GHS05,GHS07,Dgr",,,
426,7790-94-5,chlorosulphonic acid, , , ,"GHS05,GHS07,Dgr",,,
427,7789-21-1,fluorosulphonic acid, , , ,"GHS05,GHS07,Dgr",,,
428,7664-93-9,sulphuric acid ... %, , , ,"GHS05,Dgr",,,
429,74-93-1,methanethiol, , , ,"GHS02,GHS04,GHS06,GHS09,Dgr",,,
430,75-08-1,ethanethiol, , , ,"GHS02,GHS07,GHS09,Dgr",,,
431,77-78-1,dimethyl sulphate, , , ,"GHS06,GHS08,GHS05,Dgr",,,
432,1468-37-7,dimexano, , , ,"GHS07,GHS09,Wng",,,
433,149-26-8,disul, , , ,"GHS05,GHS07,Dgr",,,
434,5329-14-6,sulphamidic acid, , , ,"GHS07,Wng",,,
435,64-67-5,diethyl sulphate, , , ,"GHS05,GHS08,GHS07,Dgr",,,
436,7775-14-6,sodium dithionite, , , ,"GHS02,GHS07,Dgr",,,
437,104-15-4,p-toluenesulphonic acid (containing a maximum of 5 % H2SO4), , , ,"GHS07,Wng",,,
438,126-33-0,"tetrahydrothiophene-1,1-dioxide", , , ,"GHS07,Wng",,,
439,1120-71-4,"1,3-propanesultone", , , ,"GHS08,GHS07,Dgr",,,
440,13360-57-1,dimethylsulfamoylchloride, , , ,"GHS06,GHS05,GHS08,Dgr",,,
441,81898-60-4,"tetrasodium 3,3'-(piperazine-1,4-diylbis((6-chloro-1,3,5-triazine-2,4-diyl)imino(2-acetamido)-4,1-phenyleneazo))bis(naphthalene-1,5-disulphonate)", , , ,"GHS07,Wng",,,
442,85153-93-1,disodium 1-amino-4-(4-benzenesulphonamido-3-sulphonatoanilino)anthraquinone-2-sulphonate, , , ,"GHS05,Dgr",,,
443,86393-35-3,"disodium 6-((4-chloro-6-(N-methyl)-2-toluidino)-1,3,5-triazin-2-ylamino)-1-hydroxy-2-(4-methoxy-2-sulphonatophenylazo)naphthalene-3-sulphonate", , , ,"GHS07,Wng",,,
444,85665-97-0,"tetrasodium 5-benzamido-3-(5-(4-fluoro-6-(1-sulphonato-2-naphthylamino)-1,3,5-triazin-2-ylamino)-2-sulphonatophenylazo)-4-hydroxynaphthalene-2,7- disulphonate", , , ,"GHS07,Wng",,,
445,108624-00-6,"lithium sodium hydrogen 4-amino-6-(5-(5-chloro-2,6-difluoropyrimidin-4-ylamino)-2-sulphonatophenylazo)-5-hydroxy-3-(4-(2-(sulphonatooxy)ethylsulphonyl)phenylazo)naphthalene-2,7-disulphonate", , , ,"GHS07,Wng",,,
446,7681-38-1,sodium hydrogensulphate, , , ,"GHS05,Dgr",,,
447,85665-96-9,"hexasodium 7-(4-(4-(4-(2,5-disulphonatoanilino)-6-fluoro-1,3,5-triazin-2-ylamino)-2-methylphenylazo)-7-sulphonatonaphthylazo)naphthalene-1,3,5- trisulphonate", , , ,"GHS07,Wng",,,
448,106359-91-5,"trisodium 7-(4-(6-fluoro-4-(2-(2-vinylsulphonylethoxy)ethylamino)-1,3,5-triazin-2-ylamino)-2-ureidophenylazo)naphthalene-1,3,6- trisulphonate", , , ,"GHS07,Wng",,,
449,102561-46-6,benzyltributylammonium 4-hydroxynaphthalene-1-sulphonate, , , ,"GHS07,GHS09,Wng",,,
450,7646-93-7,potassium hydrogensulphate, , , ,"GHS05,GHS07,Dgr",,,
451,2633-67-2,styrene-4-sulfonyl chloride, , , ,"GHS05,GHS07,Dgr",,,
452,17339-60-5,"N,N,N',N'-tetramethyldithiobis(ethylene)diamine dihydrochloride", , , ,"GHS07,GHS09,Wng",,,
453,7727-54-0,diammonium peroxodisulphate, , , ,"GHS03,GHS08,GHS07,Dgr",,,
454,7727-21-1,dipotassium peroxodisulphate, , , ,"GHS03,GHS08,GHS07,Dgr",,,
455,17606-31-4,bensultap, , , ,"GHS07,GHS09,Wng",,,
456,7681-57-4,sodium metabisulphite, , , ,"GHS05,GHS07,Dgr",,,
457,7631-90-5,sodium hydrogensulphite … %, , , ,"GHS07,Wng",,,
458,84057-97-6,sodium 1-amino-4-[2-methyl-5-(4-methylphenylsulfonylamino)phenylamino]anthraquinone-2-sulfonate, , , ,GHS09,,,
459,155160-86-4,"sodium 3,5-bis(tetradecyloxycarbonyl)benzenesulfinate", , , ,"GHS07,GHS09,Wng",,,
460,141915-64-2,"3,5-bis-(tetradecyloxycarbonyl)benzenesulfinic acid", , , ,"GHS07,GHS09,Wng",,,
461,136248-03-8,"trisodium 3-amino-6,13-dichloro-10-((3-((4-chloro-6-(2-sulfophenylamino)-1,3,5-triazin-2-yl)amino)propyl) amino)-4,11-triphenoxydioxazinedisulfonate", , , ,"GHS07,Wng",,,
462,112195-27-4,3-amino-4-hydroxy-N-(2-methoxyethyl)-benzenesulfonamide, , , ,"GHS05,GHS07,GHS09,Dgr",,,
463,41481-66-7,"2,2'-diallyl-4,4'-sulfonyldiphenol", , , ,"GHS07,GHS09,Wng",,,
464,131538-00-6,"2,3-bis((2-mercaptoethyl)thio)-1-propanethiol", , , ,"GHS08,GHS07,GHS09,Wng",,,
465,42413-03-6,2-chloro-p-toluenesulfochloride, , , ,"GHS05,GHS07,Dgr",,,
466,16695-22-0,"N,N-bis(2-(p-toluenesulfonyloxy)ethyl)-p-toluenesulfonamide", , , ,"GHS07,Wng",,,
467,31361-99-6,sodium 2-anilino-5-(2-nitro-4-(N-phenylsulfamoyl))anilinobenzenesulfonate, , , ,"GHS05,Dgr",,,
468,126801-58-9,ethoxysulfuron, , , ,"GHS09,Wng",,,
469,135158-54-2,acibenzolar-S-methyl, , , ,"GHS07,GHS09,Wng",,,
470,94125-34-5,prosulfuron, , , ,"GHS07,GHS09,Wng",,,
471,104040-78-0,flazasulfuron, , , ,"GHS09,Wng",,,
472,109125-56-6,"tetrasodium 10-amino-6,13-dichloro-3-(3-(4-(2,5-disulfonatoanilino)-6-fluoro-1,3,5-triazin-2-ylamino)prop-3-ylamino)-5,12-dioxa-7,14-diazapentacene-4,11-disulfonate", , , ,"GHS05,Dgr",,,
473,104558-95-4,"reaction mass of: thiobis(4,1-phenylene)-S,S,S',S'-tetraphenyldisulfonium bishexafluorophosphate", , , ,"GHS07,GHS09,Wng",,,
474,14653-91-9,4-methyl-N-(methylsulfonyl)benzenesulfonamide, , , ,"GHS05,GHS07,Dgr",,,
475,140698-96-0,"reaction mass of: 4-(7-hydroxy-2,4,4-trimethyl-2-chromanyl)resorcinol-4-yl-tris(6-diazo-5,6-dihydro-5-oxonaphthalen-1-sulfonate)", , , ,"GHS02,GHS08,Dgr",,,
476,7704-34-9,sulfur, , , ,"GHS07,Wng",,,
477,79277-27-3,thifensulfuron-methyl, , , ,"GHS09,Wng",,,
478,32047-53-3,1-amino-2-methyl-2-propanethiol hydrochloride, , , ,"GHS05,GHS07,Dgr",,,
479,7782-50-5,chlorine, , , ,"GHS03,GHS04,GHS06,GHS09,Dgr",,,
480,7647-01-0,hydrogen chloride, , , ,"GHS04,GHS06,GHS05,Dgr",,,
481,13477-00-4,barium chlorate, , , ,"GHS03,GHS07,GHS09,Dgr",,,
482,4/9/3811,potassium chlorate, , , ,"GHS03,GHS07,GHS09,Dgr",,,
483,9/9/7775,sodium chlorate, , , ,"GHS03,GHS07,GHS09,Dgr",,,
484,7601-90-3,perchloric acid ... %, , , ,"GHS03,GHS05,Dgr",,,
485,13465-95-7,barium perchlorate, , , ,"GHS03,GHS07,Dgr",,,
486,7778-74-7,potassium perchlorate, , , ,"GHS03,GHS07,Dgr",,,
487,7790-98-9,ammonium perchlorate, , , ,"GHS01,Dgr",,,
488,7601-89-0,sodium perchlorate, , , ,"GHS03,GHS07,Dgr",,,
489,7681-52-9,"sodium hypochlorite, solution ... % Cl active", , , ,"GHS05,GHS09,Dgr",,,
490,7778-54-3,calcium hypochlorite, , , ,"GHS03,GHS05,GHS07,GHS09,Dgr",,,
491,10043-52-4,calcium chloride, , , ,"GHS07,Wng",,,
492,12125-02-9,ammonium chloride, , , ,"GHS07,Wng",,,
493,61807-67-8,(2-(aminomethyl)phenyl)acetylchloride hydrochloride, , , ,"GHS05,GHS07,Dgr",,,
494,1031-15-8,methyltriphenylphosphonium chloride, , , ,"GHS05,GHS07,GHS09,Dgr",,,
495,120086-58-0,"(Z)-13-docosenyl-N,N-bis(2-hydroxyethyl)-N-methyl-ammonium-chloride", , , ,"GHS05,GHS09,Dgr",,,
496,54417-53-7,"(R)-1,2,3,4-tetrahydro-6,7-dimethoxy-1-veratrylisoquinoline hydrochloride", , , ,"GHS07,Wng",,,
497,13014-29-4,ethyl propoxy aluminium chloride, , , ,"GHS02,GHS05,Dgr",,,
498,136920-10-0,behenamidopropyl-dimethyl-(dihydroxypropyl) ammonium chloride, , , ,"GHS05,GHS07,GHS09,Dgr",,,
499,197179-61-6,"[phosphinyldynetris(oxy)] tris[3-aminopropyl-2-hydroxy-N,N-dimethyl-N-(C6-18)-alkyl] trichlorides", , , ,"GHS05,GHS09,Dgr",,,
500,10049-04-4,chlorine dioxide, , , ,"GHS09,GHS05,Dgr,GHS04,GHS06,GHS03",,,
501,9/7/7440,potassium, , , ,"GHS02,GHS05,Dgr",,,
502,1310-58-3,potassium hydroxide, , , ,"GHS05,GHS07,Dgr",,,
503,24634-61-5,"potassium (E,E)-hexa-2,4-dienoate", , , ,"GHS07,Wng",,,
504,7440-70-2,calcium, , , ,"GHS02,Dgr",,,
505,592-01-8,calcium cyanide, , , ,"GHS06,GHS09,Dgr",,,
506,7550-45-0,titanium tetrachloride, , , ,"GHS05,Dgr",,,
507,125051-32-3,"bis(η5-cyclopentadienyl)-bis(2,6-difluoro-3-[pyrrol-1-yl]-phenyl)titanium", , , ,"GHS02,GHS08,GHS09,Dgr",,,
508,12056-51-8,potassium titanium oxide (K2Ti6O13), , , ,"GHS08,Wng",,,
509,169104-71-6,"[N-(1,1-dimethylethyl)-1,1-dimethyl-1-[(1,2,3,4,5-η)-2,3,4,5-tetramethyl-2,4-cyclopentadien-1-yl]silanaminato(2-)-κN][(1,2,3,4-η)-1,3-pentadiene]-titanium", , , ,"GHS02,GHS05,GHS07,Dgr",,,
510,1314-62-1,divanadium pentaoxide, , , ,"GHS08,GHS07,GHS09,Dgr",,,
511,1333-82-0,chromium (VI) trioxide, , , ,"GHS03,GHS06,GHS08,GHS05,GHS09,Dgr",,,
512,7778-50-9,potassium dichromate, , , ,"GHS03,GHS06,GHS08,GHS05,GHS09,Dgr",,,
513,9/5/7789,ammonium dichromate, , , ,"GHS03,GHS06,GHS08,GHS05,GHS09,Dgr",,,
514,10588-01-9,sodium dichromate, , , ,"GHS03,GHS06,GHS05,GHS08,GHS09,Dgr",,,
515,14977-61-8,chromyl dichloride, , , ,"GHS03,GHS08,GHS05,GHS07,GHS09,Dgr",,,
516,7789-00-6,potassium chromate, , , ,"GHS08,GHS07,GHS09,Dgr",,,
517,13765-19-0,calcium chromate, , , ,"GHS08,GHS07,GHS09,Dgr",,,
518,6/2/7789,strontium chromate, , , ,"GHS08,GHS07,GHS09,Dgr",,,
519,24613-89-6,dichromium tris(chromate), , , ,"GHS03,GHS08,GHS05,GHS07,GHS09,Dgr",,,
520,109125-51-1,"ammonium bis(1-(3,5-dinitro-2-oxidophenylazo)-3-(N-phenylcarbamoyl)-2-naphtholato)chromate(1-)", , , ,"GHS02,GHS09,Dgr",,,
521,93952-24-0,trisodium bis(2-(5-chloro-4-nitro-2-oxidophenylazo)-5-sulphonato-1-naphtholato)chromate(1-), , , ,"GHS05,Dgr",,,
522,88377-66-6,tetradecylammonium bis(1-(5-chloro-2-oxidophenylazo)-2-naphtholato)chromate(1-), , , ,"GHS08,Wng",,,
523,11/3/7775,sodium chromate, , , ,"GHS06,GHS08,GHS05,GHS09,Dgr",,,
524,1313-13-9,manganese dioxide, , , ,"GHS07,Wng",,,
525,7722-64-7,potassium permanganate, , , ,"GHS03,GHS08,GHS07,GHS09,Dgr",,,
526,7785-87-7,manganese sulphate, , , ,"GHS08,GHS09,Wng",,,
527,116633-53-5,"bis(N,N',N''-trimethyl-1,4,7-triazacyclononane)-trioxo-dimanganese (IV) di(hexafluorophosphate) monohydrate", , , ,GHS09,,,
528,100011-37-8,(η-cumene)-(η-cyclopentadienyl)iron(II) hexafluoroantimonate, , , ,"GHS05,GHS07,Dgr",,,
529,117549-13-0,(η-cumene)-(η-cyclopentadienyl)iron(II) trifluoromethane-sulfonate, , , ,"GHS07,Wng",,,
530,7720-78-7,iron (II) sulfate, , , ,"GHS07,Wng",,,
531,7782-63-0,iron (II) sulfate (1:1) heptahydrate, , , ,"GHS07,Wng",,,
532,12160-44-0,potassium ferrite, , , ,"GHS05,GHS07,Dgr",,,
533,7440-48-4,cobalt, , , ,"GHS08,Dgr",,,
534,1307-96-6,cobalt oxide, , , ,"GHS07,GHS09,Wng",,,
535,1317-42-6,cobalt sulfide, , , ,"GHS07,GHS09,Wng",,,
536,7646-79-9,cobalt dichloride, , , ,"GHS08,GHS07,GHS09,Dgr",,,
537,10124-43-3,cobalt sulfate, , , ,"GHS08,GHS07,GHS09,Dgr",,,
538,71-48-7,cobalt di(acetate), , , ,"GHS08,GHS09,Dgr",,,
539,10141-05-6,cobalt dinitrate, , , ,"GHS08,GHS09,Dgr",,,
540,513-79-1,cobalt carbonate, , , ,"GHS08,GHS09,Dgr",,,
541,13463-39-3,tetracarbonylnickel, , , ,"GHS02,GHS06,GHS08,GHS09,Dgr",,,
542,7440-02-0,nickel, , , ,"GHS08,GHS07,Dgr",,,
543,1313-99-1,nickel monoxide, , , ,"GHS08,GHS07,Dgr",,,
544,11099-02-8,nickel monoxide, , , ,"GHS08,GHS07,Dgr",,,
545,34492-97-2,nickel monoxide, , , ,"GHS08,GHS07,Dgr",,,
546,12035-36-8,nickel dioxide, , , ,"GHS08,GHS07,Dgr",,,
547,1314-06-3,dinickel trioxide, , , ,"GHS08,GHS07,Dgr",,,
548,16812-54-7,nickel (II) sulfide, , , ,"GHS08,GHS07,GHS09,Dgr",,,
549,11113-75-0,nickel (II) sulfide, , , ,"GHS08,GHS07,GHS09,Dgr",,,
550,1314-04-1,nickel (II) sulfide, , , ,"GHS08,GHS07,GHS09,Dgr",,,
551,12035-72-2,trinickel disulfide, , , ,"GHS08,GHS07,GHS09,Dgr",,,
552,12035-71-1,trinickel disulfide, , , ,"GHS08,GHS07,GHS09,Dgr",,,
553,12054-48-7,nickel dihydroxide, , , ,"GHS08,GHS07,GHS09,Dgr",,,
554,11113-74-9,nickel dihydroxide, , , ,"GHS08,GHS07,GHS09,Dgr",,,
555,7786-81-4,nickel sulfate, , , ,"GHS08,GHS07,GHS09,Dgr",,,
556,3333-67-3,nickel carbonate, , , ,"GHS08,GHS07,GHS09,Dgr",,,
557,16337-84-1,nickel carbonate, , , ,"GHS08,GHS07,GHS09,Dgr",,,
558,65405-96-1,nickel carbonate, , , ,"GHS08,GHS07,GHS09,Dgr",,,
559,12607-70-4,nickel carbonate, , , ,"GHS08,GHS07,GHS09,Dgr",,,
560,7718-54-9,nickel dichloride, , , ,"GHS06,GHS08,GHS09,Dgr",,,
561,13138-45-9,nickel dinitrate, , , ,"GHS03,GHS05,GHS08,GHS07,GHS09,Dgr",,,
562,14216-75-2,nickel dinitrate, , , ,"GHS03,GHS05,GHS08,GHS07,GHS09,Dgr",,,
563,69012-50-6,nickel matte, , , ,"GHS08,GHS07,GHS09,Dgr",,,
564,92129-57-2,"slimes and sludges, copper electrolytic refining, decopperised, nickel sulfate", , , ,"GHS08,GHS07,GHS09,Dgr",,,
565,94551-87-8,"slimes and sludges, copper electrolyte refining, decopperised", , , ,"GHS08,GHS09,Dgr",,,
566,13637-71-3,nickel diperchlorate, , , ,"GHS05,GHS08,GHS09,Dgr",,,
567,13842-46-1,nickel dipotassium bis(sulfate), , , ,"GHS08,GHS07,GHS09,Dgr",,,
568,15699-18-0,nickel dipotassium bis(sulfate), , , ,"GHS08,GHS07,GHS09,Dgr",,,
569,13770-89-3,nickel bis(sulfamidate), , , ,"GHS08,GHS09,Dgr",,,
570,14708-14-6,nickel bis(tetrafluoroborate), , , ,"GHS08,GHS09,Dgr",,,
571,6/2/3349,nickel diformate, , , ,"GHS08,GHS09,Dgr",,,
572,15843-02-4,nickel diformate, , , ,"GHS08,GHS09,Dgr",,,
573,68134-59-8,nickel diformate, , , ,"GHS08,GHS09,Dgr",,,
574,373-02-4,nickel di(acetate), , , ,"GHS08,GHS07,GHS09,Dgr",,,
575,14998-37-9,nickel di(acetate), , , ,"GHS08,GHS07,GHS09,Dgr",,,
576,553-71-9,nickel dibenzoate, , , ,"GHS08,GHS09,Dgr",,,
577,3906-55-6,nickel bis(4-cyclohexylbutyrate), , , ,"GHS08,GHS09,Dgr",,,
578,2223-95-2,nickel(II) stearate, , , ,"GHS08,GHS09,Dgr",,,
579,16039-61-5,nickel dilactate, , , ,"GHS08,GHS09,Dgr",,,
580,4995-91-9,nickel(II) octanoate, , , ,"GHS05,GHS08,GHS09,Dgr",,,
581,10028-18-9,nickel difluoride, , , ,"GHS08,GHS09,Dgr",,,
582,13462-88-9,nickel difluoride, , , ,"GHS08,GHS09,Dgr",,,
583,13462-90-3,nickel difluoride, , , ,"GHS08,GHS09,Dgr",,,
584,11132-10-8,nickel difluoride, , , ,"GHS08,GHS09,Dgr",,,
585,26043-11-8,nickel hexafluorosilicate, , , ,"GHS08,GHS09,Dgr",,,
586,15060-62-5,nickel selenate, , , ,"GHS08,GHS09,Dgr",,,
587,14332-34-4,nickel hydrogen phosphate, , , ,"GHS08,GHS09,Dgr",,,
588,18718-11-1,nickel hydrogen phosphate, , , ,"GHS08,GHS09,Dgr",,,
589,10381-36-9,nickel hydrogen phosphate, , , ,"GHS08,GHS09,Dgr",,,
590,14448-18-1,nickel hydrogen phosphate, , , ,"GHS08,GHS09,Dgr",,,
591,14507-36-9,nickel hydrogen phosphate, , , ,"GHS08,GHS09,Dgr",,,
592,36026-88-7,nickel hydrogen phosphate, , , ,"GHS08,GHS09,Dgr",,,
593,17169-61-8,nickel hydrogen phosphate, , , ,"GHS08,GHS09,Dgr",,,
594,19372-20-4,nickel hydrogen phosphate, , , ,"GHS08,GHS09,Dgr",,,
595,74195-78-1,diammonium nickel hexacyanoferrate, , , ,"GHS08,GHS09,Dgr",,,
596,557-19-7,nickel dicyanide, , , ,"GHS08,GHS09,Dgr",,,
597,14721-18-7,nickel chromate, , , ,"GHS08,GHS09,Dgr",,,
598,21784-78-1,nickel(II) silicate, , , ,"GHS08,GHS07,GHS09,Dgr",,,
599,13775-54-7,nickel(II) silicate, , , ,"GHS08,GHS07,GHS09,Dgr",,,
600,31748-25-1,nickel(II) silicate, , , ,"GHS08,GHS07,GHS09,Dgr",,,
601,37321-15-6,nickel(II) silicate, , , ,"GHS08,GHS07,GHS09,Dgr",,,
602,12519-85-6,nickel(II) silicate, , , ,"GHS08,GHS07,GHS09,Dgr",,,
603,14874-78-3,dinickel hexacyanoferrate, , , ,"GHS08,GHS07,GHS09,Dgr",,,
604,13477-70-8,trinickel bis(arsenate), , , ,"GHS08,GHS07,GHS09,Dgr",,,
605,547-67-1,nickel oxalate, , , ,"GHS08,GHS07,GHS09,Dgr",,,
606,20543-06-0,nickel oxalate, , , ,"GHS08,GHS07,GHS09,Dgr",,,
607,12142-88-0,nickel telluride, , , ,"GHS08,GHS07,GHS09,Dgr",,,
608,12137-12-1,trinickel tetrasulfide, , , ,"GHS08,GHS07,GHS09,Dgr",,,
609,74646-29-0,trinickel bis(arsenite), , , ,"GHS08,GHS07,GHS09,Dgr",,,
610,68186-89-0,cobalt nickel gray periclase, , , ,"GHS08,GHS07,Dgr",,,
611,58591-45-0,cobalt nickel gray periclase, , , ,"GHS08,GHS07,Dgr",,,
612,12737-30-3,cobalt nickel gray periclase, , , ,"GHS08,GHS07,Dgr",,,
613,12035-38-0,nickel tin trioxide, , , ,"GHS08,GHS07,Dgr",,,
614,15780-33-3,nickel triuranium decaoxide, , , ,"GHS08,GHS07,Dgr",,,
615,13689-92-4,nickel dithiocyanate, , , ,"GHS08,GHS09,Dgr",,,
616,15586-38-6,nickel dichromate, , , ,"GHS08,GHS09,Dgr",,,
617,10101-96-9,nickel(II) selenite, , , ,"GHS08,GHS09,Dgr",,,
618,1314-05-2,nickel selenide, , , ,"GHS08,GHS07,GHS09,Dgr",,,
619,68130-19-8,"silicic acid, lead nickel salt", , , ,"GHS08,GHS07,GHS09,Dgr",,,
620,12068-61-0,nickel diarsenide, , , ,"GHS08,GHS07,GHS09,Dgr",,,
621,27016-75-7,nickel diarsenide, , , ,"GHS08,GHS07,GHS09,Dgr",,,
622,68610-24-2,nickel barium titanium primrose priderite, , , ,"GHS08,GHS07,Dgr",,,
623,67952-43-6,nickel dichlorate, , , ,"GHS08,GHS09,Dgr",,,
624,14550-87-9,nickel dichlorate, , , ,"GHS08,GHS09,Dgr",,,
625,71720-48-4,nickel dichlorate, , , ,"GHS08,GHS09,Dgr",,,
626,16083-14-0,nickel(II) trifluoroacetate, , , ,"GHS08,GHS09,Dgr",,,
627,8/4/3349,nickel(II) trifluoroacetate, , , ,"GHS08,GHS09,Dgr",,,
628,39819-65-3,nickel(II) trifluoroacetate, , , ,"GHS08,GHS09,Dgr",,,
629,18721-51-2,nickel(II) trifluoroacetate, , , ,"GHS08,GHS09,Dgr",,,
630,18283-82-4,nickel(II) trifluoroacetate, , , ,"GHS08,GHS09,Dgr",,,
631,22605-92-1,nickel(II) trifluoroacetate, , , ,"GHS08,GHS09,Dgr",,,
632,4454-16-4,nickel(II) trifluoroacetate, , , ,"GHS08,GHS09,Dgr",,,
633,7580-31-6,nickel(II) trifluoroacetate, , , ,"GHS08,GHS09,Dgr",,,
634,93983-68-7,nickel(II) trifluoroacetate, , , ,"GHS08,GHS09,Dgr",,,
635,29317-63-3,nickel(II) trifluoroacetate, , , ,"GHS08,GHS09,Dgr",,,
636,27637-46-3,nickel(II) trifluoroacetate, , , ,"GHS08,GHS09,Dgr",,,
637,84852-37-9,nickel(II) trifluoroacetate, , , ,"GHS08,GHS09,Dgr",,,
638,93920-10-6,nickel(II) trifluoroacetate, , , ,"GHS08,GHS09,Dgr",,,
639,85508-43-6,nickel(II) trifluoroacetate, , , ,"GHS08,GHS09,Dgr",,,
640,85508-44-7,nickel(II) trifluoroacetate, , , ,"GHS08,GHS09,Dgr",,,
641,51818-56-5,nickel(II) trifluoroacetate, , , ,"GHS08,GHS09,Dgr",,,
642,93920-09-3,nickel(II) trifluoroacetate, , , ,"GHS08,GHS09,Dgr",,,
643,71957-07-8,nickel(II) trifluoroacetate, , , ,"GHS08,GHS09,Dgr",,,
644,52625-25-9,nickel(II) trifluoroacetate, , , ,"GHS08,GHS09,Dgr",,,
645,13654-40-5,nickel(II) trifluoroacetate, , , ,"GHS08,GHS09,Dgr",,,
646,85508-45-8,nickel(II) trifluoroacetate, , , ,"GHS08,GHS09,Dgr",,,
647,85508-46-9,nickel(II) trifluoroacetate, , , ,"GHS08,GHS09,Dgr",,,
648,84852-35-7,nickel(II) trifluoroacetate, , , ,"GHS08,GHS09,Dgr",,,
649,84852-39-1,nickel(II) trifluoroacetate, , , ,"GHS08,GHS09,Dgr",,,
650,85135-77-9,nickel(II) trifluoroacetate, , , ,"GHS08,GHS09,Dgr",,,
651,85166-19-4,nickel(II) trifluoroacetate, , , ,"GHS08,GHS09,Dgr",,,
652,84852-36-8,nickel(II) trifluoroacetate, , , ,"GHS08,GHS09,Dgr",,,
653,85551-28-6,nickel(II) trifluoroacetate, , , ,"GHS08,GHS09,Dgr",,,
654,91697-41-5,nickel(II) trifluoroacetate, , , ,"GHS08,GHS09,Dgr",,,
655,84776-45-4,nickel(II) trifluoroacetate, , , ,"GHS08,GHS09,Dgr",,,
656,72319-19-8,nickel(II) trifluoroacetate, , , ,"GHS08,GHS09,Dgr",,,
657,7757-95-1,nickel(II) sulfite, , , ,"GHS08,GHS09,Dgr",,,
658,15851-52-2,nickel(II) sulfite, , , ,"GHS08,GHS09,Dgr",,,
659,15852-21-8,nickel(II) sulfite, , , ,"GHS08,GHS09,Dgr",,,
660,68130-36-9,nickel(II) sulfite, , , ,"GHS08,GHS09,Dgr",,,
661,12007-00-0,nickel boride (NiB), , , ,"GHS08,GHS07,GHS09,Dgr",,,
662,12007-01-1,nickel boride (NiB), , , ,"GHS08,GHS07,GHS09,Dgr",,,
663,12007-02-2,nickel boride (NiB), , , ,"GHS08,GHS07,GHS09,Dgr",,,
664,12619-90-8,nickel boride (NiB), , , ,"GHS08,GHS07,GHS09,Dgr",,,
665,12059-14-2,nickel boride (NiB), , , ,"GHS08,GHS07,GHS09,Dgr",,,
666,12201-89-7,nickel boride (NiB), , , ,"GHS08,GHS07,GHS09,Dgr",,,
667,12035-64-2,nickel boride (NiB), , , ,"GHS08,GHS07,GHS09,Dgr",,,
668,65229-23-4,nickel boride (NiB), , , ,"GHS08,GHS07,GHS09,Dgr",,,
669,12004-35-2,dialuminium nickel tetraoxide, , , ,"GHS08,GHS07,Dgr",,,
670,12035-39-1,dialuminium nickel tetraoxide, , , ,"GHS08,GHS07,Dgr",,,
671,12653-76-8,dialuminium nickel tetraoxide, , , ,"GHS08,GHS07,Dgr",,,
672,52502-12-2,dialuminium nickel tetraoxide, , , ,"GHS08,GHS07,Dgr",,,
673,68016-03-5,dialuminium nickel tetraoxide, , , ,"GHS08,GHS07,Dgr",,,
674,70692-93-2,dialuminium nickel tetraoxide, , , ,"GHS08,GHS07,Dgr",,,
675,14177-55-0,dialuminium nickel tetraoxide, , , ,"GHS08,GHS07,Dgr",,,
676,14177-51-6,dialuminium nickel tetraoxide, , , ,"GHS08,GHS07,Dgr",,,
677,68515-84-4,dialuminium nickel tetraoxide, , , ,"GHS08,GHS07,Dgr",,,
678,12031-65-1,dialuminium nickel tetraoxide, , , ,"GHS08,GHS07,Dgr",,,
679,12673-58-4,dialuminium nickel tetraoxide, , , ,"GHS08,GHS07,Dgr",,,
680,7758-89-6,copper chloride, , , ,"GHS07,GHS09,Wng",,,
681,1317-39-1,dicopper oxide, , , ,"GHS07,GHS05,GHS09,Dgr",,,
682,1338-02-9,"Naphthenic acids, copper salts", , , ,"GHS02,GHS07,GHS09,Wng",,,
683,7758-98-7,copper sulphate, , , ,"GHS07,GHS09,Wng",,,
684,89797-01-3,"(trisodium (2-((3-(6-(2-chloro-5-sulfonato)anilino)-4-(3-carboxypyridinio)-1,3,5-triazin-2-ylamino)-2-oxido-5-sulfonatophenylazo)phenylmethylazo)-4-sulfonatobenzoato)copper(3-)) hydroxide", , , ,"GHS07,Wng",,,
685,54253-62-2,copper(II) methanesulfonate, , , ,"GHS05,GHS07,GHS09,Dgr",,,
686,101408-30-4,reaction mass of compounds from (dodecakis(p-tolylthio)phthalocyaninato)copper(II) to (hexadecakis(p-tolylthio)phthalocyaninato)copper(II), , , ,"GHS07,Wng",,,
687,150522-10-4,"sodium [29H,31H-phthalocyaninato-(2-)-N29,N30,N31,N32]-((3-(N-methyl-N-(2-hydroxyethyl)amino)propyl)amino)sulfonyl-sulfonato, copper complex", , , ,"GHS05,Dgr",,,
688,124719-24-0,sodium ((N-(3-trimethylammoniopropyl)sulfamoyl)methylsulfonatophthalocyaninato)copper(II), , , ,"GHS05,Dgr",,,
689,130201-51-3,"trisodium(2-(α-(3-(4-chloro-6-(2-(2-(vinylsulfonyl)ethoxy)ethylamino)-1,3,5-triazin-2-ylamino)-2-oxido-5-sulfonatophenylazo)benzylidenehydrazino)-4-sulfonatobenzoato)copper(II)", , , ,"GHS05,Dgr",,,
690,171866-24-3,"reaction mass of:  2,2'-[[cis-1,2-cyclohexanediylbis(nitrilomethylidene)]bis[phenolate]](2-)N,N',O,O'-copper complex", , , ,"GHS08,GHS09,Wng",,,
691,1111-67-7,copper thiocyanate, , , ,"GHS09,Wng",,,
692,1317-38-0,copper(II) oxide, , , ,"GHS09,Wng",,,
693,1332-65-6,dicopper chloride trihydroxide, , , ,"GHS06,GHS09,Dgr",,,
694,1333-22-8,tetracopper hexahydroxide sulphate, , , ,"GHS07,GHS09,Wng",,,
695,12527-76-3,tetracopper hexahydroxide sulphate, , , ,"GHS07,GHS09,Wng",,,
696,12069-69-1,copper(II) carbonate--copper(II) hydroxide (1:1), , , ,"GHS07,GHS09,Wng",,,
697,20427-59-2,copper dihydroxide, , , ,"GHS06,GHS05,GHS09,Dgr",,,
698,8011-63-0,bordeaux mixture, , , ,"GHS07,GHS05,GHS09,Dgr",,,
699,7758-99-8,copper sulphate pentahydrate, , , ,"GHS07,GHS05,GHS09,Dgr",,,
700,7440-66-6,zinc powder - zinc dust (pyrophoric), , , ,"GHS09,Dgr,GHS02,Wng",,,
701,7646-85-7,zinc chloride, , , ,"GHS05,GHS07,GHS09,Dgr",,,
702,544-97-8,dimethylzinc, , , ,"GHS02,GHS05,GHS09,Dgr",,,
703,557-20-0,dimethylzinc, , , ,"GHS02,GHS05,GHS09,Dgr",,,
704,7446-19-7,"zinc sulphate (hydrous) (mono-, hexa- and hepta hydrate)", , , ,"GHS05,GHS07,GHS09,Dgr",,,
705,7733-02-0,"zinc sulphate (hydrous) (mono-, hexa- and hepta hydrate)", , , ,"GHS05,GHS07,GHS09,Dgr",,,
706,42405-40-3,"bis(3,5-di-tert-butylsalicylato-O1,O2)zinc", , , ,"GHS02,GHS07,GHS09,Dgr",,,
707,113036-91-2,hydroxo(2-(benzenesulfonamido)benzoato)zinc(II), , , ,"GHS07,GHS09,Wng",,,
708,7779-90-0,trizinc bis(orthophosphate), , , ,"GHS09,Wng",,,
709,169314-88-9,aluminium-magnesium-zinc-carbonate-hydroxide, , , ,-,,,
710,1314-13-2,zinc oxide, , , ,"GHS09,Wng",,,
711,1303-00-0,gallium arsenide, , , ,"GHS08,Dgr",,,
712,7440-38-2,arsenic, , , ,"GHS06,GHS09,Dgr",,,
713,1327-53-3,diarsenic trioxide, , , ,"GHS06,GHS08,GHS05,GHS09,Dgr",,,
714,1303-28-2,diarsenic pentaoxide, , , ,"GHS06,GHS08,GHS09,Dgr",,,
715,7784-42-1,arsine, , , ,"GHS02,GHS04,GHS06,GHS08,GHS09,Dgr",,,
716,4262-43-5,tert-butylarsine, , , ,"GHS02,GHS06,Dgr",,,
717,7782-49-2,selenium, , , ,"GHS06,GHS08,Dgr",,,
718,10102-18-8,sodium selenite, , , ,"GHS06,GHS09,Dgr",,,
719,7726-95-6,bromine, , , ,"GHS06,GHS05,GHS09,Dgr",,,
720,10035-10-6,hydrogen bromide, , , ,"GHS04,GHS05,GHS07,Dgr",,,
721,1/2/7758,potassium bromate, , , ,"GHS03,GHS06,GHS08,Dgr",,,
722,7440-67-7,zirconium powder (pyrophoric), , , ,"GHS02,Dgr",,,
723,226996-19-6,"reaction product of 3,5-di-tert-butylsalicylic acid and zirconium oxychloride, dehydrated, basic Zr : DTBS = 1.0 : 1.0 to 1.0 : 1.5", , , ,"GHS09,Wng",,,
724,1313-27-5,molybdenum trioxide, , , ,"GHS08,GHS07,Wng",,,
725,117342-25-3,tetrakis(dimethylditetradecylammonium) hexa-μ-oxotetra-μ3-oxodi-μ5-oxotetradecaoxooctamolybdate(4-), , , ,"GHS06,GHS05,Dgr",,,
726,116810-46-9,tetrakis(trimethylhexadecylammonium) hexa-mu-oxotetra-mu3-oxodi-mu5-oxotetradecaoxooctamolybdate(4-), , , ,"GHS02,GHS05,GHS09,Dgr",,,
727,134620-00-1,tetraammine palladium (II) hydrogen carbonate, , , ,"GHS05,GHS08,GHS07,GHS09,Dgr",,,
728,7761-88-8,silver nitrate, , , ,"GHS03,GHS05,GHS09,Dgr",,,
729,130328-20-0,"silver zinc zeolite (Zeolite, LTA framework type, surface-modified with silver and zinc ions)", , , ,"GHS08,GHS05,GHS09,Dgr",,,
730,7440-43-9,cadmium (non-pyrophoric), , , ,"GHS09,Dgr,GHS02,GHS06,GHS08",,,
731,1306-19-0,cadmium (non-pyrophoric), , , ,"GHS06,GHS08,GHS09,Dgr",,,
732,4464-23-7,cadmium diformate, , , ,"GHS06,GHS08,GHS09,Dgr",,,
733,542-83-6,cadmium cyanide, , , ,"GHS06,GHS08,GHS09,Dgr",,,
734,17010-21-8,cadmiumhexafluorosilicate(2-), , , ,"GHS06,GHS08,GHS09,Dgr",,,
735,7790-79-6,cadmium fluoride, , , ,"GHS06,GHS08,GHS09,Dgr",,,
736,7790-80-9,cadmium iodide, , , ,"GHS06,GHS08,GHS09,Dgr",,,
737,10108-64-2,cadmium chloride, , , ,"GHS06,GHS08,GHS09,Dgr",,,
738,10124-36-4,cadmium sulphate, , , ,"GHS06,GHS08,GHS09,Dgr",,,
739,1306-23-6,cadmium sulphide, , , ,"GHS08,GHS07,Dgr",,,
740,513-78-0,cadmium carbonate, , , ,"GHS08,GHS07,GHS09,Dgr",,,
741,21041-95-2,cadmium hydroxide, , , ,"GHS08,GHS07,GHS09,Dgr",,,
742,10325-94-7,cadmium nitrate, , , ,"GHS08,GHS07,GHS09,Dgr",,,
743,7646-78-8,tin tetrachloride, , , ,"GHS05,Dgr",,,
744,13121-70-5,cyhexatin, , , ,"GHS07,GHS09,Wng",,,
745,900-95-8,fentin acetate, , , ,"GHS06,GHS05,GHS08,GHS09,Dgr",,,
746,76-87-9,fentin hydroxide, , , ,"GHS06,GHS05,GHS08,GHS09,Dgr",,,
747,20153-49-5,fluorotripentylstannane, , , ,"GHS07,GHS09,Wng",,,
748,25637-27-8,fluorotripentylstannane, , , ,"GHS07,GHS09,Wng",,,
749,20153-50-8,fluorotrihexylstannane, , , ,"GHS07,GHS09,Wng",,,
750,1449-55-4,tetracyclohexylstannane, , , ,"GHS07,GHS09,Wng",,,
751,3091-32-5,tetracyclohexylstannane, , , ,"GHS07,GHS09,Wng",,,
752,7067-44-9,tetracyclohexylstannane, , , ,"GHS07,GHS09,Wng",,,
753,13356-08-6,fenbutatin oxide, , , ,"GHS06,GHS09,Dgr",,,
754,53408-94-9,tin(II) methanesulphonate, , , ,"GHS05,GHS07,GHS09,Dgr",,,
755,41083-11-8,azocyclotin, , , ,"GHS06,GHS05,GHS09,Dgr",,,
756,869-59-0,trioctylstannane, , , ,"GHS08,GHS07,Dgr",,,
757,3542-36-7,dichlorodioctyl stannane, , , ,"GHS06,GHS08,Dgr",,,
758,683-18-1,dibutyltin dichloride, , , ,"GHS06,GHS05,GHS08,GHS09,Dgr",,,
759,993-16-8,trichloromethylstannane, , , ,"GHS08,Wng",,,
760,57583-34-3,"2-ethylhexyl 10-ethyl-4-[[2-[(2-ethylhexyl)oxy]-2-oxoethyl]thio]-4-methyl-7-oxo-8-oxa-3,5-dithia-4-stannatetradecanoate", , , ,"GHS08,Wng",,,
761,15571-58-1,"2-ethylhexyl 10-ethyl-4,4-dioctyl-7-oxo-8-oxa-3,5-dithia-4-stannatetradecanoate", , , ,"GHS08,Dgr",,,
762,57583-35-4,"2-ethylhexyl 10-ethyl-4,4-dimethyl-7-oxo-8-oxa-3,5-dithia-4-stannatetradecanoate", , , ,"GHS08,GHS07,Dgr",,,
763,753-73-1,dimethyltin dichloride, , , ,"GHS08,GHS06,GHS05,Dgr",,,
764,77-58-7,dibutyltin dilaurate, , , ,"GHS08,Dgr",,,
765,10025-91-9,antimony trichloride, , , ,"GHS05,GHS09,Dgr",,,
766,7647-18-9,antimony pentachloride, , , ,"GHS05,GHS09,Dgr",,,
767,7783-56-4,antimony trifluoride, , , ,"GHS06,GHS09,Dgr",,,
768,1309-64-4,antimony trioxide, , , ,"GHS08,Wng",,,
769,71786-70-4,bis(4-dodecylphenyl)iodonium hexafluoroantimonate, , , ,"GHS07,Wng",,,
770,7553-56-2,iodine, , , ,"GHS07,GHS09,Wng",,,
771,10034-85-2,hydrogen iodide, , , ,"GHS04,GHS05,Dgr",,,
772,696-33-3,iodoxybenzene, , , ,****,,,
773,178233-72-2,(4-(1-methylethyl)phenyl)-(4-methylphenyl)iodonium tetrakis(pentafluorophenyl)borate (1-), , , ,"GHS08,GHS07,GHS09,Wng",,,
774,1304-29-6,barium peroxide, , , ,"GHS03,GHS07,Dgr",,,
775,513-77-9,barium carbonate, , , ,"GHS07,Wng",,,
776,10361-37-2,barium chloride, , , ,"GHS06,Dgr",,,
777,51285-81-5,gadolinium(III)sulfite trihydrate, , , ,GHS09,,,
778,22411-22-9,hafnium tetra-n-butoxide, , , ,"GHS05,GHS07,Dgr",,,
779,12141-67-2,hexasodium tungstate hydrate, , , ,"GHS05,GHS07,Dgr",,,
780,20816-12-0,osmium tetraoxide, , , ,"GHS06,GHS05,Dgr",,,
781,13820-41-2,diammonium tetrachloroplatinate, , , ,"GHS06,GHS05,GHS08,Dgr",,,
782,10026-00-3,disodium tetrachloroplatinate, , , ,"GHS06,GHS05,GHS08,Dgr",,,
783,10025-99-7,dipotassium tetrachloroplatinate, , , ,"GHS06,GHS05,GHS08,Dgr",,,
784,16923-58-3,disodium hexachloroplatinate, , , ,"GHS06,GHS05,GHS08,Dgr",,,
785,16921-30-5,dipotassium hexachloroplatinate, , , ,"GHS06,GHS05,GHS08,Dgr",,,
786,16919-58-7,diammonium hexachloroplatinate, , , ,"GHS06,GHS05,GHS08,Dgr",,,
787,16941-12-1,hexachloroplatinic acid, , , ,"GHS06,GHS05,GHS08,Dgr",,,
788,123439-82-7,tetraammine platinum (II) hydrogen carbonate, , , ,"GHS05,GHS07,Dgr",,,
789,61420-92-6,hydroxydisulfito platinum(II) acid, , , ,"GHS05,GHS08,GHS07,Dgr",,,
790,7439-97-6,mercury, , , ,"GHS06,GHS08,GHS09,Dgr",,,
791,10112-91-1,dimercury dichloride, , , ,"GHS07,GHS09,Wng",,,
792,628-86-4,mercury difulminate, , , ,"GHS01,GHS06,GHS08,GHS09,Dgr",,,
793,1335-31-5,dimercury dicyanide oxide, , , ,"GHS01,GHS06,GHS08,GHS09,Dgr",,,
794,593-74-8,dimethylmercury, , , ,"GHS06,GHS08,GHS09,Dgr",,,
795,627-44-1,dimethylmercury, , , ,"GHS06,GHS08,GHS09,Dgr",,,
796,55-68-5,phenylmercury nitrate, , , ,"GHS06,GHS08,GHS05,GHS09,Dgr",,,
797,100-57-2,phenylmercury nitrate, , , ,"GHS06,GHS08,GHS05,GHS09,Dgr",,,
798,5/2/8003,phenylmercury nitrate, , , ,"GHS06,GHS08,GHS05,GHS09,Dgr",,,
799,123-88-6,2-methoxyethylmercury chloride, , , ,"GHS06,GHS08,GHS05,GHS09,Dgr",,,
800,7487-94-7,mercury dichloride, , , ,"GHS06,GHS05,GHS08,GHS09,Dgr",,,
801,62-38-4,phenylmercury acetate, , , ,"GHS06,GHS08,GHS05,GHS09,Dgr",,,
802,7440-28-0,thallium, , , ,"GHS06,GHS08,Dgr",,,
803,7446-18-6,dithallium sulphate, , , ,"GHS06,GHS08,GHS09,Dgr",,,
804,13424-46-9,lead diazide, , , ,"GHS01,GHS08,GHS07,GHS09,Dgr",,,
805,7758-97-6,lead chromate, , , ,"GHS08,GHS09,Dgr",,,
806,301-04-2,lead di(acetate), , , ,"GHS08,GHS09,Dgr",,,
807,7446-27-7,trilead bis(orthophosphate), , , ,"GHS08,GHS09,Dgr",,,
808,1335-32-6,"lead acetate, basic", , , ,"GHS08,GHS09,Dgr",,,
809,17570-76-2,lead(II) methanesulphonate, , , ,"GHS08,GHS05,GHS07,Dgr",,,
810,1344-37-2,lead sulfochromate yellow, , , ,"GHS08,GHS09,Dgr",,,
811,12656-85-8,lead chromate molybdate sulfate red, , , ,"GHS08,GHS09,Dgr",,,
812,7784-40-9,lead hydrogen arsenate, , , ,"GHS06,GHS08,GHS09,Dgr",,,
813,199876-46-5,barium calcium cesium lead samarium strontium bromide chloride fluoride iodide europium doped, , , ,"GHS08,GHS07,GHS09,Wng",,,
814,7439-92-1,lead powder, , , ,"GHS08,Dgr",,,
815,7440-61-1,uranium, , , ,"GHS06,GHS08,Dgr",,,
816,74-82-8,methane, , , ,"GHS02,GHS04,Dgr",,,
817,74-84-0,ethane, , , ,"GHS02,GHS04,Dgr",,,
818,74-98-6,propane, , , ,"GHS02,GHS04,Dgr",,,
819,106-97-8,butane, , , ,"Dgr,GHS02,GHS08,GHS04",,,
820,75-28-5,butane, , , ,"Dgr,GHS02,GHS08,GHS04",,,
821,463-82-1,"2,2-dimethylpropane", , , ,"GHS02,GHS04,GHS09,Dgr",,,
822,109-66-0,pentane, , , ,"GHS02,GHS08,GHS07,GHS09,Dgr",,,
823,107-83-5,hexane (containing < 5 % n-hexane (203-777-6)), , , ,"GHS02,GHS08,GHS07,GHS09,Dgr",,,
824,96-14-0,hexane (containing < 5 % n-hexane (203-777-6)), , , ,"GHS02,GHS08,GHS07,GHS09,Dgr",,,
825,75-83-2,hexane (containing < 5 % n-hexane (203-777-6)), , , ,"GHS02,GHS08,GHS07,GHS09,Dgr",,,
826,79-29-8,hexane (containing < 5 % n-hexane (203-777-6)), , , ,"GHS02,GHS08,GHS07,GHS09,Dgr",,,
827,142-82-5,heptane, , , ,"GHS02,GHS08,GHS07,GHS09,Dgr",,,
828,108-08-7,heptane, , , ,"GHS02,GHS08,GHS07,GHS09,Dgr",,,
829,464-06-2,heptane, , , ,"GHS02,GHS08,GHS07,GHS09,Dgr",,,
830,562-49-2,heptane, , , ,"GHS02,GHS08,GHS07,GHS09,Dgr",,,
831,565-59-3,heptane, , , ,"GHS02,GHS08,GHS07,GHS09,Dgr",,,
832,589-34-4,heptane, , , ,"GHS02,GHS08,GHS07,GHS09,Dgr",,,
833,590-35-2,heptane, , , ,"GHS02,GHS08,GHS07,GHS09,Dgr",,,
834,591-76-4,heptane, , , ,"GHS02,GHS08,GHS07,GHS09,Dgr",,,
835,617-78-7,heptane, , , ,"GHS02,GHS08,GHS07,GHS09,Dgr",,,
836,31394-54-4,heptane, , , ,"GHS02,GHS08,GHS07,GHS09,Dgr",,,
837,111-65-9,octane, , , ,"GHS02,GHS08,GHS07,GHS09,Dgr",,,
838,540-84-1,octane, , , ,"GHS02,GHS08,GHS07,GHS09,Dgr",,,
839,560-21-4,octane, , , ,"GHS02,GHS08,GHS07,GHS09,Dgr",,,
840,563-16-6,octane, , , ,"GHS02,GHS08,GHS07,GHS09,Dgr",,,
841,564-02-3,octane, , , ,"GHS02,GHS08,GHS07,GHS09,Dgr",,,
842,565-75-3,octane, , , ,"GHS02,GHS08,GHS07,GHS09,Dgr",,,
843,583-48-2,octane, , , ,"GHS02,GHS08,GHS07,GHS09,Dgr",,,
844,584-94-1,octane, , , ,"GHS02,GHS08,GHS07,GHS09,Dgr",,,
845,589-43-5,octane, , , ,"GHS02,GHS08,GHS07,GHS09,Dgr",,,
846,589-53-7,octane, , , ,"GHS02,GHS08,GHS07,GHS09,Dgr",,,
847,589-81-1,octane, , , ,"GHS02,GHS08,GHS07,GHS09,Dgr",,,
848,590-73-8,octane, , , ,"GHS02,GHS08,GHS07,GHS09,Dgr",,,
849,592-13-2,octane, , , ,"GHS02,GHS08,GHS07,GHS09,Dgr",,,
850,592-27-8,octane, , , ,"GHS02,GHS08,GHS07,GHS09,Dgr",,,
851,594-82-1,octane, , , ,"GHS02,GHS08,GHS07,GHS09,Dgr",,,
852,609-26-7,octane, , , ,"GHS02,GHS08,GHS07,GHS09,Dgr",,,
853,619-99-8,octane, , , ,"GHS02,GHS08,GHS07,GHS09,Dgr",,,
854,1067-08-9,octane, , , ,"GHS02,GHS08,GHS07,GHS09,Dgr",,,
855,26635-64-3,octane, , , ,"GHS02,GHS08,GHS07,GHS09,Dgr",,,
856,74-85-1,ethylene, , , ,"GHS02,GHS04,GHS07,Dgr",,,
857,115-07-1,propene, , , ,"GHS02,GHS04,Dgr",,,
858,106-98-9,but-1-ene, , , ,"GHS02,GHS04,Dgr",,,
859,107-01-7,but-1-ene, , , ,"GHS02,GHS04,Dgr",,,
860,115-11-7,but-1-ene, , , ,"GHS02,GHS04,Dgr",,,
861,590-18-1,but-1-ene, , , ,"GHS02,GHS04,Dgr",,,
862,624-64-6,but-1-ene, , , ,"GHS02,GHS04,Dgr",,,
863,106-99-0,"1,3-butadiene", , , ,"GHS02,GHS04,GHS08,Dgr",,,
864,78-79-5,isoprene (stabilised), , , ,"GHS02,GHS08,Dgr",,,
865,74-86-2,acetylene, , , ,"GHS02,GHS04,Dgr",,,
866,75-19-4,cyclopropane, , , ,"GHS02,GHS04,Dgr",,,
867,110-82-7,cyclohexane, , , ,"GHS02,GHS08,GHS07,GHS09,Dgr",,,
868,108-87-2,methylcyclohexane, , , ,"GHS02,GHS08,GHS07,GHS09,Dgr",,,
869,589-90-2,"1,4-dimethylcyclohexane", , , ,"GHS02,GHS08,GHS07,GHS09,Dgr",,,
870,71-43-2,benzene, , , ,"GHS02,GHS08,GHS07,Dgr",,,
871,108-88-3,toluene, , , ,"GHS02,GHS08,GHS07,Dgr",,,
872,95-47-6,o-xylene, , , ,"GHS02,GHS07,Wng",,,
873,106-42-3,o-xylene, , , ,"GHS02,GHS07,Wng",,,
874,108-38-3,o-xylene, , , ,"GHS02,GHS07,Wng",,,
875,1330-20-7,o-xylene, , , ,"GHS02,GHS07,Wng",,,
876,100-41-4,ethylbenzene, , , ,"GHS02,GHS07,GHS08,Dgr",,,
877,98-82-8,cumene, , , ,"GHS02,GHS08,GHS07,GHS09,Dgr",,,
878,103-65-1,cumene, , , ,"GHS02,GHS08,GHS07,GHS09,Dgr",,,
879,108-67-8,mesitylene, , , ,"GHS02,GHS07,GHS09,Wng",,,
880,100-42-5,styrene, , , ,"GHS02,GHS08,GHS07,Dgr",,,
881,98-83-9,2-phenylpropene, , , ,"GHS02,GHS07,GHS09,Wng",,,
882,611-15-4,2-methylstyrene, , , ,"GHS07,GHS09,Wng",,,
883,138-86-3,dipentene, , , ,"GHS02,GHS07,GHS09,Wng",,,
884,5989-27-5,dipentene, , , ,"GHS02,GHS07,GHS09,Wng",,,
885,5989-54-8,dipentene, , , ,"GHS02,GHS07,GHS09,Wng",,,
886,12/6/6876,dipentene, , , ,"GHS02,GHS07,GHS09,Wng",,,
887,7705-14-8,dipentene, , , ,"GHS02,GHS07,GHS09,Wng",,,
888,287-92-3,cyclopentane, , , ,"GHS02,Dgr",,,
889,107-39-1,"2,4,4-trimethylpent-1-ene", , , ,"GHS02,GHS09,Dgr",,,
890,50-32-8,benzo[a]pyrene, , , ,"GHS08,GHS07,GHS09,Dgr",,,
891,56-55-3,benz[a]anthracene, , , ,"GHS08,GHS09,Dgr",,,
892,205-99-2,benz[e]acephenanthrylene, , , ,"GHS08,GHS09,Dgr",,,
893,205-82-3,benzo[j]fluoranthene, , , ,"GHS08,GHS09,Dgr",,,
894,207-08-9,benzo[k]fluoranthene, , , ,"GHS08,GHS09,Dgr",,,
895,110-54-3,n-hexane, , , ,"GHS02,GHS08,GHS07,GHS09,Dgr",,,
896,53-70-3,"dibenz[a,h]anthracene", , , ,"GHS08,GHS09,Dgr",,,
897,92-52-4,biphenyl, , , ,"GHS07,GHS09,Wng",,,
898,95-63-6,"1,2,4-trimethylbenzene", , , ,"GHS02,GHS07,GHS09,Wng",,,
899,77-73-6,"3a,4,7,7a-tetrahydro-4,7-methanoindene", , , ,"GHS02,GHS07,GHS09,Dgr",,,
900,119-64-2,"1,2,3,4-tetrahydronaphthalene", , , ,"GHS07,GHS09,Wng",,,
901,42152-47-6,"7-methylocta-1,6-diene", , , ,"GHS02,GHS09,Wng",,,
902,17092-80-7,"m-mentha-1,3(8)-diene", , , ,"GHS07,GHS09,Wng",,,
903,218-01-9,chrysene, , , ,"GHS08,GHS09,Dgr",,,
904,192-97-2,benzo[e]pyrene, , , ,"GHS08,GHS09,Dgr",,,
905,768-56-9,4-phenylbut-1-ene, , , ,"GHS07,GHS09,Wng",,,
906,91-20-3,naphthalene, , , ,"GHS07,GHS08,GHS09,Wng",,,
907,25154-52-3,nonylphenol, , , ,"GHS08,GHS05,GHS07,GHS09,Dgr",,,
908,84852-15-3,nonylphenol, , , ,"GHS08,GHS05,GHS07,GHS09,Dgr",,,
909,132983-41-6,reaction mass of isomers of: mono-(2-tetradecyl)naphthalenes, , , ,"GHS07,Wng",,,
910,73807-39-3,reaction mass of isomers of: methyldiphenylmethane, , , ,"GHS07,GHS09,Wng",,,
911,156679-41-3,N-dodecyl-[3-(4-(dimethylamino)benzamido)-propyl]dimethylammonium tosylate, , , ,"GHS05,GHS07,GHS09,Dgr",,,
912,83648-84-4,di-L-para-menthene, , , ,"GHS07,GHS09,Wng",,,
913,15768-07-7,methyl 2-benzylidene-3-oxobutyrate, , , ,"GHS07,GHS09,Wng",,,
914,155522-09-1,"1,2-bis[4-fluoro-6-{}{4-sulfo-5-(2-(4-sulfonaphtalene-3-ylazo)-1-hydroxy-3,6-disulfo-8-aminonaphthalene-7-ylazo)phenylamino}}-1,3,5-triazin-2ylamino]ethane", , , ,"GHS07,Wng",,,
915,151006-61-0,reaction mass of isomers of branched tetracosane, , , ,"GHS07,Wng",,,
916,78531-60-9,1-(4-(trans-4-heptylcyclohexyl)phenyl)ethanone, , , ,"GHS07,Wng",,,
917,15606-95-8,triethyl arsenate, , , ,"GHS06,GHS08,GHS09,Dgr",,,
918,18085-02-4,"1,2-diacetoxybut-3-ene", , , ,"GHS07,Wng",,,
919,151006-58-5,reaction mass of: branched icosane, , , ,"GHS07,Wng",,,
920,20627-73-0,1-dimethoxymethyl-2-nitro-benzene, , , ,"GHS07,GHS09,Wng",,,
921,52783-21-8,reaction mass of: 1-(4-isopropylphenyl)-1-phenylethane, , , ,"GHS07,GHS09,Wng",,,
922,461-96-1,"1-bromo-3,5-difluorobenzene", , , ,"GHS02,GHS08,GHS07,GHS09,Wng",,,
923,151882-81-4,"4,4'-bis(N-carbamoyl-4-methylbenzenesulfonamide)diphenylmethane", , , ,"GHS08,Wng",,,
924,6746-94-7,ethynyl cyclopropane, , , ,"GHS02,GHS05,Dgr",,,
925,196965-91-0,"reaction mass of: 1-heptyl-4-ethyl-2,6,7-trioxabicyclo[2.2.2]octane", , , ,"GHS09,Wng",,,
926,6/9/4277,"cyclohexadeca-1,9-diene", , , ,"GHS07,Wng",,,
927,22094-83-3,5-endo-hexyl-bicyclo[2.2.1]hept-2-ene, , , ,"GHS08,GHS07,Dgr",,,
928,78-78-4,isopentane, , , ,"GHS02,GHS08,GHS07,GHS09,Dgr",,,
929,25167-70-8,"2,4,4-trimethylpentene", , , ,"GHS02,GHS07,GHS08,Dgr",,,
930,100-40-3,4-vinylcyclohexene, , , ,"GHS08,Wng",,,
931,27519-02-4,muscalure, , , ,"GHS07,Wng",,,
932,74-87-3,chloromethane, , , ,"GHS02,GHS04,GHS08,Dgr",,,
933,74-83-9,bromomethane, , , ,"GHS04,GHS06,GHS08,GHS09,Dgr",,,
934,74-95-3,dibromomethane, , , ,"GHS07,Wng",,,
935,75-09-2,dichloromethane, , , ,"GHS08,Wng",,,
936,74-88-4,methyl iodide, , , ,"GHS06,GHS08,Dgr",,,
937,67-66-3,chloroform, , , ,"GHS06,GHS08,Dgr",,,
938,75-25-2,bromoform, , , ,"GHS06,GHS09,Dgr",,,
939,56-23-5,carbon tetrachloride, , , ,"GHS06,GHS08,Dgr",,,
940,75-00-3,chloroethane, , , ,"GHS02,GHS04,GHS08,Dgr",,,
941,106-93-4,"1,2-dibromoethane", , , ,"GHS06,GHS08,GHS09,Dgr",,,
942,75-34-3,"1,1-dichloroethane", , , ,"GHS02,GHS07,Dgr",,,
943,107-06-2,"1,2-dichloroethane", , , ,"GHS02,GHS08,GHS07,Dgr",,,
944,71-55-6,"1,1,1-trichloroethane", , , ,"GHS07,Wng",,,
945,79-00-5,"1,1,2-trichloroethane", , , ,"GHS08,GHS07,Wng",,,
946,79-34-5,"1,1,2,2-tetrachloroethane", , , ,"GHS06,GHS09,Dgr",,,
947,79-27-6,"1,1,2,2-tetrabromoethane", , , ,"GHS06,Dgr",,,
948,76-01-7,pentachloroethane, , , ,"GHS08,GHS09,Dgr",,,
949,540-54-5,1-chloropropane, , , ,"GHS02,GHS07,Dgr",,,
950,75-29-6,1-chloropropane, , , ,"GHS02,GHS07,Dgr",,,
951,106-94-5,1-bromopropane, , , ,"GHS02,GHS08,GHS07,Dgr",,,
952,78-87-5,"1,2-dichloropropane", , , ,"GHS02,GHS07,GHS08,Dgr",,,
953,96-12-8,"1,2-dibromo-3-chloropropane", , , ,"GHS06,GHS08,Dgr",,,
954,543-59-9,1-chloropentane, , , ,"GHS02,GHS07,Dgr",,,
955,625-29-6,1-chloropentane, , , ,"GHS02,GHS07,Dgr",,,
956,616-20-6,1-chloropentane, , , ,"GHS02,GHS07,Dgr",,,
957,75-01-4,vinyl chloride, , , ,"GHS02,GHS08,Dgr",,,
958,593-60-2,bromoethylene, , , ,"GHS02,GHS08,Dgr",,,
959,75-35-4,"1,1-dichloroethylene", , , ,"GHS02,GHS08,GHS07,Dgr",,,
960,540-59-0,"1,2-dichloroethylene", , , ,"GHS02,GHS07,Dgr",,,
961,156-59-2,"1,2-dichloroethylene", , , ,"GHS02,GHS07,Dgr",,,
962,156-60-5,"1,2-dichloroethylene", , , ,"GHS02,GHS07,Dgr",,,
963,79-01-6,trichloroethylene, , , ,"GHS08,GHS07,Dgr",,,
964,127-18-4,tetrachloroethylene, , , ,"GHS08,GHS09,Wng",,,
965,107-05-1,3-chloropropene, , , ,"GHS02,GHS08,GHS07,GHS09,Dgr",,,
966,542-75-6,"1,3-dichloropropene", , , ,"GHS02,GHS06,GHS08,GHS09,Dgr",,,
967,10061-01-5,"1,3-dichloropropene", , , ,"GHS02,GHS06,GHS08,GHS09,Dgr",,,
968,563-58-6,"1,1-dichloropropene", , , ,"GHS02,GHS06,Dgr",,,
969,563-47-3,3-chloro-2-methylpropene, , , ,"GHS02,GHS05,GHS07,GHS09,Dgr",,,
970,108-90-7,chlorobenzene, , , ,"GHS02,GHS07,GHS09,Wng",,,
971,95-50-1,"1,2-dichlorobenzene", , , ,"GHS07,GHS09,Wng",,,
972,106-46-7,"1,4-dichlorobenzene", , , ,"GHS08,GHS09,Wng",,,
973,126-99-8,chloroprene (stabilised), , , ,"GHS02,GHS08,GHS07,Dgr",,,
974,100-44-7,α-chlorotoluene, , , ,"GHS06,GHS08,GHS05,Dgr",,,
975,98-07-7,"α,α,α-trichlorotoluene", , , ,"GHS06,GHS08,GHS05,Dgr",,,
976,1336-36-3,polychlorobiphenyls, , , ,"GHS08,GHS09,Wng",,,
977,95-49-8,2-chlorotoluene, , , ,"GHS07,GHS09,Wng",,,
978,108-41-8,2-chlorotoluene, , , ,"GHS07,GHS09,Wng",,,
979,106-43-4,2-chlorotoluene, , , ,"GHS07,GHS09,Wng",,,
980,25168-05-2,2-chlorotoluene, , , ,"GHS07,GHS09,Wng",,,
981,1321-64-8,penthachloronaphthalene, , , ,"GHS07,GHS09,Wng",,,
982,58-89-9,lindane, , , ,"GHS06,GHS08,GHS09,Dgr",,,
983,8001-35-2,camphechlor, , , ,"GHS06,GHS08,GHS09,Dgr",,,
984,50-29-3,DDT, , , ,"GHS06,GHS08,GHS09,Dgr",,,
985,76-44-8,heptachlor, , , ,"GHS06,GHS08,GHS09,Dgr",,,
986,57-74-9,chlordane, , , ,"GHS08,GHS07,GHS09,Wng",,,
987,309-00-2,aldrin, , , ,"GHS06,GHS08,GHS09,Dgr",,,
988,60-57-1,dieldrin, , , ,"GHS06,GHS08,GHS09,Dgr",,,
989,465-73-6,isodrin, , , ,"GHS06,GHS09,Dgr",,,
990,72-20-8,endrin, , , ,"GHS06,GHS09,Dgr",,,
991,115-29-7,endosulfan, , , ,"GHS06,GHS09,Dgr",,,
992,297-78-9,isobenzan, , , ,"GHS06,GHS09,Dgr",,,
993,556-56-9,3-iodpropene, , , ,"GHS02,GHS05,Dgr",,,
994,74-96-4,bromoethane, , , ,"GHS02,GHS08,GHS07,Dgr",,,
995,98-08-8,"α,α,α-trifluorotoluene", , , ,"GHS02,GHS09,Dgr",,,
996,100-39-0,α-bromotoluene, , , ,"GHS07,Wng",,,
997,98-87-3,"α,α-dichlorotoluene", , , ,"GHS06,GHS08,GHS05,Dgr",,,
998,109-69-3,1-chlorobutane, , , ,"GHS02,Dgr",,,
999,108-86-1,bromobenzene, , , ,"GHS02,GHS07,GHS09,Wng",,,
1000,116-15-4,hexafluoropropene, , , ,"GHS07,Wng",,,
1001,96-18-4,"1,2,3-trichloropropane", , , ,"GHS08,GHS07,Dgr",,,
1002,1024-57-3,heptachlor epoxide, , , ,"GHS06,GHS08,GHS09,Dgr",,,
1003,96-23-1,"1,3-dichloro-2-propanol", , , ,"GHS06,GHS08,Dgr",,,
1004,118-74-1,hexachlorobenzene, , , ,"GHS08,GHS09,Dgr",,,
1005,118-75-2,tetrachloro-p-benzoquinone, , , ,"GHS07,GHS09,Wng",,,
1006,541-73-1,"1,3-dichlorbenzene", , , ,"GHS07,GHS09,Wng",,,
1007,2514-53-6,ethylene bis(trichloroacetate), , , ,"GHS07,Wng",,,
1008,7572-29-4,dichloroacetylene, , , ,"GHS01,GHS08,Wng",,,
1009,77227-99-7,"3-chloro-4,5,α, α,α-pentafluorotoluene", , , ,"GHS02,GHS07,GHS09,Wng",,,
1010,99688-47-8,"bromobenzylbromotoluene, reaction mass of isomers", , , ,"GHS08,GHS07,GHS09,Wng",,,
1011,76253-60-6,"dichloro [(dichlorophenyl)methyl]methylbenzene, reaction mass of isomers", , , ,"GHS09,Wng",,,
1012,764-41-0,"1,4-dichlorobut-2-ene", , , ,"GHS06,GHS08,GHS05,GHS09,Dgr",,,
1013,608-93-5,pentachlorobenzene, , , ,"GHS02,GHS07,GHS09,Dgr",,,
1014,22432-68-4,"4,4,5,5-tetrachloro-1,3-dioxolan-2-one", , , ,"GHS06,GHS05,Dgr",,,
1015,2431-50-7,"2,3,4-trichlorobut-1-ene", , , ,"GHS06,GHS08,GHS09,Dgr",,,
1016,2385-85-5,"dodecachloropentacyclo[5.2.1.02,6.03,9.05,8]decane", , , ,"GHS08,GHS07,GHS09,Wng",,,
1017,77-47-4,hexachlorocyclopentadiene, , , ,"GHS06,GHS05,GHS09,Dgr",,,
1018,78-88-6,"2,3-dichloropropene", , , ,"GHS02,GHS08,GHS05,GHS07,Dgr",,,
1019,85535-84-8,"alkanes, C10-13, chloro", , , ,"GHS08,GHS09,Wng",,,
1020,109678-33-3,"2,2,6,6-tetrakis(bromomethyl)-4-oxaheptane-1,7-diol", , , ,"GHS07,GHS09,Wng",,,
1021,32534-81-9,"diphenyl ether, pentabromo derivative pentabromodiphenyl ether", , , ,"GHS08,GHS09,Wng",,,
1022,1717-00-6,"1,1-dichloro-1-fluoroethane", , , ,"GHS07,Wng",,,
1023,75-26-3,2-bromopropane, , , ,"GHS02,GHS08,Dgr",,,
1024,2314-97-8,trifluoroiodomethane, , , ,"GHS08,Wng",,,
1025,120-82-1,"1,2,4-trichlorobenzene", , , ,"GHS07,GHS09,Wng",,,
1026,96-13-9,"2,3-dibromopropan-1-ol", , , ,"GHS08,GHS07,Dgr",,,
1027,60811-21-4,4-bromo-2-chlorofluorobenzene, , , ,"GHS07,GHS09,Wng",,,
1028,121626-73-1,1-allyl-3-chloro-4-fluorobenzene, , , ,"GHS07,GHS09,Wng",,,
1029,1435-48-9,"1,3-dichloro-4-fluorobenzene", , , ,"GHS08,GHS07,Wng",,,
1030,138526-69-9,"1-bromo-3,4,5-trifluorobenzene", , , ,"GHS02,GHS08,GHS05,GHS09,Dgr",,,
1031,5216-25-1,"α, α,α,4-tetrachlorotoluene", , , ,"GHS08,GHS07,Dgr",,,
1032,32536-52-0,diphenylether, , , ,"GHS08,Dgr",,,
1033,85535-85-9,"alkanes, C14-17, chloro", , , ,"GHS09,Wng",,,
1034,569-64-2,malachite green hydrochloride, , , ,"GHS08,GHS05,GHS07,GHS09,Dgr",,,
1035,2437-29-8,malachite green hydrochloride, , , ,"GHS08,GHS05,GHS07,GHS09,Dgr",,,
1036,148757-89-5,"1-bromo-9-(4,4,5,5,5-pentafluoropentylthio)nonane", , , ,"GHS07,GHS09,Wng",,,
1037,57999-49-2,2-(3-bromophenoxy)tetrahydro-2H-pyran, , , ,"GHS07,GHS09,Wng",,,
1038,141772-37-4,2-chloro-4-fluoro-5-nitrophenyl (isobutyl)carbonate, , , ,"GHS08,GHS07,GHS09,Wng",,,
1039,406-58-6,"1,1,1,3,3-pentafluorobutane", , , ,"GHS02,Dgr",,,
1040,41870-52-4,1-(chlorophenylmethyl)-2-methylbenzene, , , ,"GHS07,GHS09,Wng",,,
1041,102061-82-5,"sodium 1,1,2,2,3,3,4,4,4-nonafluoro-1-butanesulfinate", , , ,"GHS05,GHS07,Dgr",,,
1042,444-14-4,"2-bromo-4,6-difluoroaniline", , , ,"GHS07,GHS09,Wng",,,
1043,33831-83-3,"3,3,4,4-tetrafluoro-4-iodo-1-butene", , , ,"GHS07,GHS09,Wng",,,
1044,4084-38-2,"(2,3,5,6-tetrafluorophenyl)methanol", , , ,"GHS07,Wng",,,
1045,25637-99-4,Hexabromocyclododecane, , , ,"GHS08,Wng",,,
1046,3194-55-6,Hexabromocyclododecane, , , ,"GHS08,Wng",,,
1047,67-56-1,methanol, , , ,"GHS02,GHS06,GHS08,Dgr",,,
1048,64-17-5,ethanol, , , ,"GHS02,Dgr",,,
1049,71-23-8,propan-1-ol, , , ,"GHS02,GHS05,GHS07,Dgr",,,
1050,71-36-3,butan-1-ol, , , ,"GHS02,GHS05,GHS07,Dgr",,,
1051,75-65-0,2-methylpropan-2-ol, , , ,"GHS02,GHS07,Dgr",,,
1052,75-85-4,2-methylbutan-2-ol, , , ,"GHS02,GHS07,Dgr",,,
1053,108-11-2,4-methylpentan-2-ol, , , ,"GHS02,GHS07,Wng",,,
1054,108-93-0,cyclohexanol, , , ,"GHS07,Wng",,,
1055,583-59-5,"2-methylcyclohexanol, mixed isomers", , , ,"GHS07,Wng",,,
1056,7443-70-1,"2-methylcyclohexanol, mixed isomers", , , ,"GHS07,Wng",,,
1057,7443-52-9,"2-methylcyclohexanol, mixed isomers", , , ,"GHS07,Wng",,,
1058,109-86-4,2-methoxyethanol, , , ,"GHS02,GHS08,GHS07,Dgr",,,
1059,110-80-5,2-ethoxyethanol, , , ,"GHS02,GHS08,GHS06,Dgr",,,
1060,109-59-1,2-isopropoxyethanol, , , ,"GHS07,Wng",,,
1061,111-76-2,2-butoxyethanol, , , ,"GHS07,Wng",,,
1062,107-18-6,allyl alcohol, , , ,"GHS02,GHS06,GHS09,Dgr",,,
1063,123-42-2,4-hydroxy-4-methylpentan-2-one, , , ,"GHS07,Wng",,,
1064,98-00-0,furfuryl alcohol, , , ,"GHS06,GHS08,Dgr",,,
1065,115-10-6,dimethyl ether, , , ,"GHS02,GHS04,Dgr",,,
1066,540-67-0,ethyl methyl ether, , , ,"GHS02,GHS04,Dgr",,,
1067,107-25-5,methyl vinyl ether, , , ,"GHS02,GHS04,Dgr",,,
1068,60-29-7,diethyl ether, , , ,"GHS02,GHS07,Dgr",,,
1069,75-21-8,ethylene oxide, , , ,"GHS02,GHS04,GHS06,GHS08,Dgr",,,
1070,123-91-1,"1,4-dioxane", , , ,"GHS02,GHS08,GHS07,Dgr",,,
1071,109-99-9,tetrahydrofuran, , , ,"GHS02,GHS07,GHS08,Dgr",,,
1072,106-89-8,"1-chloro-2,3-epoxypropane", , , ,"GHS02,GHS06,GHS08,GHS05,Dgr",,,
1073,107-21-1,ethanediol, , , ,"GHS07,Wng",,,
1074,107-07-3,2-chloroethanol, , , ,"GHS06,Dgr",,,
1075,111-44-4,bis(2-chloroethyl) ether, , , ,"GHS06,GHS08,Dgr",,,
1076,141-43-5,2-aminoethanol, , , ,"GHS05,GHS07,Dgr",,,
1077,110-71-4,"1,2-dimethoxyethane", , , ,"GHS02,GHS08,GHS07,Dgr",,,
1078,628-96-6,ethylene dinitrate, , , ,"GHS01,GHS06,GHS08,Dgr",,,
1079,693-21-0,oxydiethylene dinitrate, , , ,"GHS01,GHS06,GHS08,Dgr",,,
1080,55-63-0,glycerol trinitrate, , , ,"GHS01,GHS06,GHS08,GHS09,Dgr",,,
1081,78-11-5,pentaerythritol tetranitrate, , , ,"GHS01,Dgr",,,
1082,15825-70-4,mannitol hexanitrate, , , ,"GHS01,Dgr",,,
1083,106-92-3,allyl glycidyl ether, , , ,"GHS02,GHS08,GHS05,GHS07,Dgr",,,
1084,8/6/2426,butyl glycidyl ether, , , ,"GHS02,GHS08,GHS07,Wng",,,
1085,124-41-4,sodium methanolate, , , ,"GHS02,GHS05,Dgr",,,
1086,865-33-8,sodium methanolate, , , ,"GHS02,GHS05,Dgr",,,
1087,865-34-9,sodium methanolate, , , ,"GHS02,GHS05,Dgr",,,
1088,917-58-8,potassium ethanolate, , , ,"GHS02,GHS05,Dgr",,,
1089,141-52-6,potassium ethanolate, , , ,"GHS02,GHS05,Dgr",,,
1090,555-31-7,aluminium-tri-isopropoxide, , , ,"GHS02,Dgr",,,
1091,26766-27-8,triarimol, , , ,"GHS07,Wng",,,
1092,115-32-2,dicofol, , , ,"GHS07,GHS09,Wng",,,
1093,108-20-3,diisopropyl ether, , , ,"GHS02,GHS07,Dgr",,,
1094,111-43-3,diisopropyl ether, , , ,"GHS02,GHS07,Dgr",,,
1095,542-88-1,bis(chloromethyl) ether, , , ,"GHS02,GHS06,GHS08,Dgr",,,
1096,108-01-0,2-dimethylaminoethanol, , , ,"GHS02,GHS05,GHS07,Dgr",,,
1097,100-37-8,2-diethylaminoethanol, , , ,"GHS02,GHS05,GHS07,GHS09,Dgr",,,
1098,80-06-8,chlorfenethol, , , ,"GHS07,GHS09,Wng",,,
1099,24083-03-2,1-(2-Butoxypropoxy)propan-2-ol, , , ,"GHS07,Wng",,,
1100,97-95-0,2-ethylbutan-1-ol, , , ,"GHS07,Wng",,,
1101,5131-66-8,3-butoxypropan-2-ol, , , ,"GHS07,Wng",,,
1102,107-41-5,"2-methylpentane-2,4-diol", , , ,"GHS07,Wng",,,
1103,142-96-1,di-n-butyl ether, , , ,"GHS02,GHS07,Wng",,,
1104,75-56-9,propylene oxide, , , ,"GHS02,GHS08,GHS06,Dgr",,,
1105,2186-24-5,[(p-tolyloxy)methyl]oxirane, , , ,"GHS08,GHS07,GHS09,Wng",,,
1106,2186-25-6,[(p-tolyloxy)methyl]oxirane, , , ,"GHS08,GHS07,GHS09,Wng",,,
1107,2210-79-9,[(p-tolyloxy)methyl]oxirane, , , ,"GHS08,GHS07,GHS09,Wng",,,
1108,26447-14-3,[(p-tolyloxy)methyl]oxirane, , , ,"GHS08,GHS07,GHS09,Wng",,,
1109,100-51-6,benzyl alcohol, , , ,"GHS07,Wng",,,
1110,503-30-0,"1,3-propylene oxide", , , ,"GHS02,GHS07,Dgr",,,
1111,111-27-3,hexan-1-ol, , , ,"GHS07,Wng",,,
1112,1464-53-5,"2,2'-bioxirane", , , ,"GHS06,GHS08,GHS05,Dgr",,,
1113,97-99-4,tetrahydro-2-furylmethanol, , , ,"GHS08 GHS07,Dgr",,,
1114,104-80-3,"tetrahydrofuran-2,5-diyldimethanol", , , ,"GHS07,Wng",,,
1115,556-52-5,"2,3-epoxypropan-1-ol", , , ,"GHS06,GHS08,Dgr",,,
1116,107-98-2,1-methoxy-2-propanol, , , ,"GHS02,GHS07,Wng",,,
1117,101-90-6,resorcinol diglycidyl ether, , , ,"GHS08,GHS07,Wng",,,
1118,106-87-6,"1,2-epoxy-4-epoxyethylcyclohexane", , , ,"GHS06,GHS08,Dgr",,,
1119,122-60-1,phenyl glycidyl ether, , , ,"GHS08,GHS07,Dgr",,,
1120,130014-35-6,"2,3-epoxypropyl-2-ethylcyclohexyl ether", , , ,"GHS07,Wng",,,
1121,90-72-2,"2,4,6-tris(dimethylaminomethyl)phenol", , , ,"GHS07,Wng",,,
1122,124-68-5,2-amino-2-methylpropanol, , , ,"GHS07,Wng",,,
1123,111-42-2,"2,2'-iminodiethanol", , , ,"GHS08,GHS05,GHS07,Dgr",,,
1124,2425-79-8,"1,4-bis(2,3 epoxypropoxy)butane", , , ,"GHS07,Wng",,,
1125,1675-54-3,"bis-[4-(2,3-epoxipropoxi)phenyl]propane", , , ,"GHS07,Wng",,,
1126,25068-38-6,reaction product: bisphenol-A-(epichlorhydrin), , , ,"GHS07,GHS09,Wng",,,
1127,107-30-2,chlormethyl methyl ether, , , ,"GHS02,GHS08,GHS07,Dgr",,,
1128,110-65-6,"but-2-yne-1,4-diol", , , ,"GHS06,GHS05,GHS08,Dgr",,,
1129,108-16-7,1-dimethylaminopropan-2-ol, , , ,"GHS02,GHS05,GHS07,Dgr",,,
1130,107-19-7,prop-2-yn-1-ol, , , ,"GHS02,GHS06,GHS05,GHS09,Dgr",,,
1131,105-59-9,"2,2'-(methylimino)diethanol", , , ,"GHS07,Wng",,,
1132,109-83-1,2-methylaminoethanol, , , ,"GHS05,GHS07,Dgr",,,
1133,111-48-8,"2,2'-thiodiethanol", , , ,"GHS07,Wng",,,
1134,78-96-6,1-aminopropan-2-ol, , , ,"GHS05,Dgr",,,
1135,110-97-4,"1,1'-iminodipropan-2-ol", , , ,"GHS07,Wng",,,
1136,96-09-3,styrene oxide, , , ,"GHS08,GHS07,Dgr",,,
1137,52-51-7,bronopol, , , ,"GHS05,GHS07,GHS09,Dgr",,,
1138,23947-60-6,ethirimol, , , ,"GHS07,Wng",,,
1139,94-96-2,"2-ethylhexane-1,3-diol", , , ,"GHS05,Dgr",,,
1140,3547-33-9,2-(octylthio)ethanol, , , ,"GHS05,Dgr",,,
1141,4463-59-6,2-(2-bromoethoxy)anisole, , , ,"GHS07,Wng",,,
1142,87172-89-2,exo-1-methyl-4-(1-methylethyl)-7-oxabicyclo[2.2.1]heptan-2-ol, , , ,"GHS05,GHS07,Dgr",,,
1143,92585-24-5,2-methyl-4-phenylpentanol, , , ,"GHS07,GHS09,Wng",,,
1144,87818-31-3,cinmethylin, , , ,"GHS07,GHS09,Dgr",,,
1145,17557-23-2,"1,3-bis(2,3-epoxypropoxy)-2,2-dimethylpropane", , , ,"GHS07,Wng",,,
1146,2807-30-9,2-(propyloxy)ethanol, , , ,"GHS07,Wng",,,
1147,112-34-5,2-(2-butoxyethoxy)ethanol, , , ,"GHS07,Wng",,,
1148,122-20-3,"1,1',1'-nitrilotripropan-2-ol", , , ,"GHS07,Wng",,,
1149,122-99-6,2-phenoxyethanol, , , ,"GHS07,Wng",,,
1150,93633-79-5,"3-(N-methyl-N-(4-methylamino-3-nitrophenyl)amino)propane-1,2-diol hydrochloride", , , ,"GHS07,Wng",,,
1151,7778-85-0,"1,2-dimethoxypropane", , , ,"GHS02,Dgr",,,
1152,106-88-7,"1,2-epoxybutane", , , ,"GHS02,GHS08,GHS07,Dgr",,,
1153,68609-97-2,"oxirane, mono[(C12-14-alkyloxy)methyl] derivs.", , , ,"GHS07,Wng",,,
1154,60168-88-9,fenarimol, , , ,"GHS08,GHS09,Wng",,,
1155,110-00-9,furan, , , ,"GHS02,GHS08,GHS07,Dgr",,,
1156,1589-47-5,2-methoxypropanol, , , ,"GHS02,GHS08,GHS05,GHS07,Dgr",,,
1157,111-77-3,2-(2-methoxyethoxy)ethanol, , , ,"GHS08,Wng",,,
1158,78-83-1,2-methylpropan-1-ol, , , ,"GHS02,GHS05,GHS07,Dgr",,,
1159,166301-21-9,"reaction mass of: cis-2-isobutyl-5-methyl 1,3-dioxane", , , ,"GHS07,Wng",,,
1160,27610-48-6,6-glycidyloxynapht-1-yl oxymethyloxirane, , , ,"GHS08,GHS07,Wng",,,
1161,26912-64-1,"9-(2-propenyloxy)tricyclo[5.2.1.0(2,6)]dec-3(or-4-)-ene", , , ,"GHS07,GHS09,Wng",,,
1162,138271-16-6,"(Z)-(2,4-difluorophenyl)piperidin-4-ylmethanone oxime monohydrochloride", , , ,"GHS05,GHS07,Dgr",,,
1163,67-63-0,propan-2-ol, , , ,"GHS02,GHS07,Dgr",,,
1164,1862-07-3,6-dimethylaminohexan-1-ol, , , ,"GHS05,GHS07,Dgr",,,
1165,25634-93-9,2-methyl-5-phenylpentanol, , , ,"GHS07,Wng",,,
1166,114565-66-1,"4-[4-(1,3-dihydroxyprop-2-yl)phenylamino]-1,8-dihydroxy-5-nitroanthraquinone", , , ,"GHS08,GHS07,Wng",,,
1167,38411-13-1,sodium 2-ethylhexanolate, , , ,"GHS02,GHS05,Dgr",,,
1168,122760-84-3,"4-methyl-8-methylenetricyclo[3.3.1.13,7]decan-2-ol", , , ,"GHS07,GHS09,Wng",,,
1169,84563-49-5,"1,4-bis[2-(vinyloxy)ethoxy]benzene", , , ,"GHS09,Wng",,,
1170,89544-40-1,"2-(2,4-dichlorophenyl)-1-(1H-1,2,4-triazol-1-yl)pent-4-en-2-ol", , , ,"GHS05,GHS07,GHS09,Dgr",,,
1171,100418-33-5,2-((4-methyl-2-nitrophenyl)amino)ethanol, , , ,"GHS07,Wng",,,
1172,78-92-2,butan-2-ol, , , ,"GHS02,GHS07,Wng",,,
1173,4221-99-2,butan-2-ol, , , ,"GHS02,GHS07,Wng",,,
1174,14898-79-4,butan-2-ol, , , ,"GHS02,GHS07,Wng",,,
1175,15892-23-6,butan-2-ol, , , ,"GHS02,GHS07,Wng",,,
1176,57018-52-7,1-tert-butoxypropan-2-ol, , , ,"GHS02,GHS05,Dgr",,,
1177,63187-91-7,"2-hydroxymethyl-9-methyl-6-(1-methylethyl)-1,4-dioxaspiro[4.5]decane", , , ,"GHS05,Dgr",,,
1178,104226-19-9,3-((4-(bis(2-hydroxyethyl)amino)-2-nitrophenyl)amino)-1-propanol, , , ,"GHS07,Wng",,,
1179,111-96-6,bis(2-methoxyethyl) ether, , , ,"GHS02,GHS08,Dgr",,,
1180,111-46-6,"2,2' -oxybisethanol", , , ,"GHS07,Wng",,,
1181,116230-20-7,2-(2-(2-hydroxyethoxy)ethyl)-2-aza-bicyclo[2.2.1]heptane, , , ,"GHS06,GHS08,GHS05,Dgr",,,
1182,57044-25-4,"R-2,3-epoxy-1-propanol", , , ,"GHS02,GHS06,GHS08,GHS05,Dgr",,,
1183,111850-00-1,"reaction mass of: 2,6,9-trimethyl-2,5,9-cyclododecatrien-1-ol", , , ,GHS09,,,
1184,129228-11-1,"2-isopropyl-2-(1-methylbutyl)-1,3-dimethoxypropane", , , ,"GHS07,GHS09,Wng",,,
1185,83016-70-0,2-[(2-[2-(dimethylamino)ethoxy]ethyl)methylamino]ethanol, , , ,"GHS05,GHS07,Dgr",,,
1186,105812-81-5,(-)-trans-4-(4'-fluorophenyl)-3-hydroxymethyl-N-methylpiperidine, , , ,"GHS05,GHS07,GHS09,Dgr",,,
1187,17351-75-6,"1,4-bis[(vinyloxy)methyl]cyclohexane", , , ,"GHS07,GHS09,Wng",,,
1188,63767-86-2,reaction mass of diastereoisomers of 1-(1-hydroxyethyl)-4-(1-methylethyl)cyclohexane, , , ,"GHS07,GHS09,Wng",,,
1189,107898-54-4,"(±) trans-3,3-dimethyl-5-(2,2,3-trimethyl-cyclopent-3-en-1-yl)-pent-4-en-2-ol", , , ,"GHS07,GHS09,Wng",,,
1190,5406-86-0,2-(4-tert-butylphenyl)ethanol, , , ,"GHS08,GHS05,GHS09,Dgr",,,
1191,104333-00-8,"3-((2-nitro-4-(trifluoromethyl)phenyl)amino)propane-1,2-diol", , , ,"GHS07,Wng",,,
1192,139504-68-0,1-[(2-tert-butyl)cyclohexyloxy]-2-butanol, , , ,GHS09,,,
1193,89544-48-9,"2-(2,4-dichlorophenyl)-2-(2-propenyl)oxirane", , , ,"GHS07,GHS09,Wng",,,
1194,118562-73-5,2-cyclododecylpropan-1-ol, , , ,"GHS09,Wng",,,
1195,10221-57-5,"1,2-diethoxypropane", , , ,"GHS02,Dgr",,,
1196,3459-83-4,"1,3-diethoxypropane", , , ,"GHS02,Wng",,,
1197,144736-29-8,"α[2-[[[(2-hydroxyethyl)methylamino]acetyl]amino]propyl]-ω-(nonylphenoxy)poly[oxo(methyl-1,2-ethanediyl)]", , , ,"GHS05,GHS07,GHS09,Dgr",,,
1198,1570-95-2,"2-phenyl-1,3-propanediol", , , ,"GHS05,Dgr",,,
1199,51594-55-9,"R-1-chloro-2,3-epoxypropane", , , ,"GHS02,GHS06,GHS08,GHS05,Dgr",,,
1200,6390-69-8,"3,3',5,5'-tetra-tert-butylbiphenyl-2,2'-diol", , , ,"GHS05,Dgr",,,
1201,70445-33-9,"3-(2-ethylhexyloxy)propane-1,2-diol", , , ,"GHS05,Dgr",,,
1202,109887-53-8,(±)-trans-4-(4-fluorophenyl)-3-hydroxymethyl-N-methylpiperidine, , , ,"GHS05,GHS07,GHS09,Dgr",,,
1203,67739-11-1,reaction mass of: 2-methyl-1-(6-methylbicyclo[2.2.1]hept-5-en-2-yl)pent-1-en-3-ol, , , ,"GHS07,GHS09,Wng",,,
1204,38585-74-9,5-thiazolylmethanol, , , ,"GHS05,Dgr",,,
1205,773058-82-5,"mono-2-[2-(4-dibenzo[b,f][1,4]thiazepin-11-yl)piperazinium-1-yl]ethoxy)ethanol trans-butenedioate", , , ,"GHS05,GHS07,GHS09,Dgr",,,
1206,57280-22-5,"4,4-dimethyl-3,5,8-trioxabicyclo[5.1.0]octane", , , ,"GHS07,Wng",,,
1207,83926-73-2,4-cyclohexyl-2-methyl-2-butanol, , , ,"GHS05,GHS09,Dgr",,,
1208,112-59-4,2-(2-hexyloxyethoxy)ethanol, , , ,"GHS05,GHS07,Dgr",,,
1209,112-49-2,"1,2-bis(2-methoxyethoxy)ethane", , , ,"GHS08,Dgr",,,
1210,1569-02-4,1-ethoxypropan-2-ol, , , ,"GHS02,GHS07,Wng",,,
1211,54839-24-6,1-ethoxypropan-2-ol, , , ,"GHS02,GHS07,Wng",,,
1212,112-25-4,2-hexyloxyethanol, , , ,"GHS05,GHS07,Dgr",,,
1213,50-14-6,ergocalciferol, , , ,"GHS06,GHS08,Dgr",,,
1214,67-97-0,colecalciferol, , , ,"GHS06,GHS08,Dgr",,,
1215,1634-04-4,tert-butyl methyl ether, , , ,"GHS02,GHS07,Dgr",,,
1216,143-22-6,2-[2-(2-butoxyethoxy)ethoxy]ethanol, , , ,"GHS05,Dgr",,,
1217,146925-83-9,"2-(hydroxymethyl)-2-[[2-hydroxy-3-(isooctadecyloxy)propoxy]methyl]-1,3-propanediol", , , ,"GHS09,Wng",,,
1218,99817-36-4,"2,4-dichloro-3-ethyl-6-nitrophenol", , , ,"GHS06,GHS05,GHS09,Dgr",,,
1219,79944-37-9,"trans-(5RS,6SR)-6-amino-2,2-dimethyl-1,3-dioxepan-5-ol", , , ,"GHS07,Wng",,,
1220,163661-77-6,"2-((4,6-bis(4-(2-(1-methylpyridinium-4-yl)vinyl)phenylamino)-1,3,5-triazin-2-yl)(2-hydroxyethyl)amino)ethanol dichloride", , , ,"GHS09,Wng",,,
1221,62406-73-9,"8,8-dimethyl-7-isopropyl-6,10-dioxaspiro[4.5]decane", , , ,"GHS07,Wng",,,
1222,125474-34-2,"(E,E)-3,7,11-trimethyldodeca-1,4,6,10-tetraen-3-ol", , , ,"GHS05,GHS07,GHS09,Dgr",,,
1223,46492-07-3,"disodium 9,10-anthracenedioxide", , , ,"GHS05,Dgr",,,
1224,111-41-1,2-(2-aminoethylamino)ethanol, , , ,"GHS05,GHS08,GHS07,Dgr",,,
1225,41340-36-7,2-(7-ethyl-1H-indol-3-yl)ethanol, , , ,"GHS08,GHS07,GHS09,Wng",,,
1226,107534-96-3,tebuconazole, , , ,"GHS08,GHS07,GHS09,Wng",,,
1227,153233-91-1,etoxazol, , , ,"GHS09,Wng",,,
1228,71-41-0,1-pentanol, , , ,"GHS02,GHS07,Wng",,,
1229,584-02-1,1-pentanol, , , ,"GHS02,GHS07,Wng",,,
1230,148043-73-6,"4,4,5,5,5-pentafluoropentan-1-ol", , , ,"GHS07,Wng",,,
1231,172015-79-1,(1S-cis)-4-(2-amino-6-chloro-9H-purin-9-yl)-2-cyclopentene-1-methanol hydrochloride, , , ,"GHS05,GHS08,GHS07,Dgr",,,
1232,2032-75-9,"2,2-dichloro-1,3-benzodioxol", , , ,"GHS02,GHS05,GHS07,Dgr",,,
1233,129228-21-3,"2-isobutyl-2-isopropyl-1,3-dimethoxypropane", , , ,"GHS07,GHS09,Wng",,,
1234,629-14-1,"1,2-diethoxyethane", , , ,"GHS02,GHS08,GHS07,Dgr",,,
1235,131929-60-7,spinosad  (reaction mass of spinosyn A and spinosyn D in ratios between 95:5 to 50:50), , , ,"GHS09,Wng",,,
1236,131929-63-0,spinosad  (reaction mass of spinosyn A and spinosyn D in ratios between 95:5 to 50:50), , , ,"GHS09,Wng",,,
1237,57987-55-0,"2,4-diethyl-1,5-pentanediol", , , ,"GHS05,Dgr",,,
1238,3033-77-0,"2,3-epoxypropyltrimethylammonium chloride ...%", , , ,"GHS05,GHS08,GHS07,Dgr",,,
1239,1222-05-5,"1,3,4,6,7,8-hexahydro-4,6,6,7,8,8-hexamethylindeno[5,6-c]pyran", , , ,"GHS09,Wng",,,
1240,994-05-8,2-methoxy-2-methylbutane, , , ,"GHS02,GHS07,Dgr",,,
1241,1132-95-2,"1,1-diisopropoxycyclohexane", , , ,"GHS05,Dgr",,,
1242,162241-33-0,"1-hydroxy-4-fluoro-1,4-diazoniabicyclo[2.2.2]octane bis(tetrafluoroborate)", , , ,"GHS01,GHS05,GHS08,GHS07,GHS09,Dgr",,,
1243,7480-35-5,"cis-1-amino-2,3-dihydro-1H-inden-2-ol", , , ,"GHS05,GHS07,Dgr",,,
1244,161717-32-4,"2,4,6-tri-tert-butylphenyl 2-butyl-2-ethyl-1,3-propanediolphosphite", , , ,"GHS07,Wng",,,
1245,72955-94-3,1-{benzyl[2-(2-methoxyphenoxy)ethyl]amino}-3-(9H-carbazol-4-yloxy)propan-2-ol, , , ,-,,,
1246,214353-17-0,"1-(2-amino-5-chlorophenyl)-2,2,2-trifluoro-1,1-ethanediol, hydrochloride", , , ,"GHS09,GHS05,Dgr,GHS08,GHS07",,,
1247,118058-74-5,"(2R,3S,4R,5R,7R,9R,10R,11S,12S,13R)-10-[(4-dimethylamino-3-hydroxy-6-methyltetrahydropyran-2-yl)oxy]-2-ethyl-3,4,12-trihydroxy-9-methoxy-3,5,7,9,11,13-hexamethyl-6,14-dioxo-1-oxacyclotetradecane", , , ,"GHS07,Wng",,,
1248,6261-30-9,2-cyclopentylidene cyclopentanol, , , ,"GHS05,Dgr",,,
1249,297730-93-9,"3-ethoxy-1,1,1,2,3,4,4,5,5,6,6,6-dodecafluoro-2-(trifluoromethyl)-hexane", , , ,-,,,
1250,13127-18-9,erythromycin A9-oxime (E), , , ,GHS09,,,
1251,1440-00-2,"4,4'(4-(4-methoxyphenyl)-1,3,5-triazin-2,4-diyl)bisbenzene-1,3-diol", , , ,-,,,
1252,203574-04-3,"α-hydro-ω-[[[(1,1-dimethylethyl)dioxy]carbonyl]oxy]-poly[oxy(methyl-1,2-ethanediyl)] ether with 2,2-bis(hydroxymethyl)-1,3-propanediol (4:1)", , , ,"****,GHS09,Wng",,,
1253,78-70-6,linalool, , , ,"GHS07,Wng",,,
1254,126-90-9,linalool, , , ,"GHS07,Wng",,,
1255,126-91-0,linalool, , , ,"GHS07,Wng",,,
1256,108-95-2,phenol, , , ,"GHS06,GHS08,GHS05,Dgr",,,
1257,87-86-5,pentachlorophenol, , , ,"GHS06,GHS08,GHS09,Dgr",,,
1258,131-52-2,sodium pentachlorophenolate, , , ,"GHS06,GHS08,GHS09,Dgr",,,
1259,7778-73-6,sodium pentachlorophenolate, , , ,"GHS06,GHS08,GHS09,Dgr",,,
1260,108-39-4,m-cresol, , , ,"GHS06,GHS05,Dgr",,,
1261,95-48-7,m-cresol, , , ,"GHS06,GHS05,Dgr",,,
1262,106-44-5,m-cresol, , , ,"GHS06,GHS05,Dgr",,,
1263,1319-77-3,m-cresol, , , ,"GHS06,GHS05,Dgr",,,
1264,123-31-9,"1,4-dihydroxybenzene", , , ,"GHS05,GHS08,GHS07,GHS09,Dgr",,,
1265,95-65-8,"3,4-xylenol", , , ,"GHS06,GHS05,GHS09,Dgr",,,
1266,95-87-4,"3,4-xylenol", , , ,"GHS06,GHS05,GHS09,Dgr",,,
1267,105-67-9,"3,4-xylenol", , , ,"GHS06,GHS05,GHS09,Dgr",,,
1268,526-75-0,"3,4-xylenol", , , ,"GHS06,GHS05,GHS09,Dgr",,,
1269,576-26-1,"3,4-xylenol", , , ,"GHS06,GHS05,GHS09,Dgr",,,
1270,1300-71-6,"3,4-xylenol", , , ,"GHS06,GHS05,GHS09,Dgr",,,
1271,71975-58-1,"3,4-xylenol", , , ,"GHS06,GHS05,GHS09,Dgr",,,
1272,135-19-3,2-naphthol, , , ,"GHS07,GHS09,Wng",,,
1273,95-57-8,2-chlorophenol, , , ,"GHS07,GHS09,Wng",,,
1274,106-48-9,2-chlorophenol, , , ,"GHS07,GHS09,Wng",,,
1275,108-43-0,2-chlorophenol, , , ,"GHS07,GHS09,Wng",,,
1276,25167-80-0,2-chlorophenol, , , ,"GHS07,GHS09,Wng",,,
1277,87-66-1,pyrogallol, , , ,"GHS08,GHS07,Wng",,,
1278,108-46-3,resorcinol, , , ,"GHS07,GHS09,Wng",,,
1279,120-83-2,"2,4-dichlorophenol", , , ,"GHS06,GHS05,GHS09,Dgr",,,
1280,1570-64-5,4-chloro-o-cresol, , , ,"GHS06,GHS05,GHS09,Dgr",,,
1281,58-90-2,"2,3,4,6-tetrachlorophenol", , , ,"GHS06,GHS09,Dgr",,,
1282,59-50-7,chlorocresol, , , ,"GHS07,GHS05,GHS09,Dgr",,,
1283,70-30-4,"2,2'-methylenebis-(3,4,6-trichlorophenol)", , , ,"GHS06,GHS09,Dgr",,,
1284,120-80-9,"1,2-dihydroxybenzene", , , ,"GHS08,GHS06,Dgr",,,
1285,95-95-4,"2,4,5-trichlorophenol", , , ,"GHS07,GHS09,Wng",,,
1286,88-06-2,"2,4,6-trichlorophenol", , , ,"GHS08,GHS07,GHS09,Wng",,,
1287,97-23-4,dichlorophen, , , ,"GHS07,GHS09,Wng",,,
1288,90-43-7,2-phenylphenol, , , ,"GHS07,GHS09,Wng",,,
1289,132-27-4,sodium 2-biphenylate, , , ,"GHS05,GHS07,GHS09,Wng",,,
1290,22961-82-6,"2,2-dimethyl-1,3-benzodioxol-4-ol", , , ,"GHS05,Dgr",,,
1291,6807-17-6,"4,4-isobutylethylidenediphenol", , , ,"GHS08,GHS09,Dgr",,,
1292,399-95-1,4-amino-3-fluorophenol, , , ,"GHS08,GHS07,GHS09,Dgr",,,
1293,90-15-3,1-naphtol, , , ,"GHS05,GHS07,Dgr",,,
1294,80-05-7,bisphenol A, , , ,"GHS08,GHS05,GHS07,Dgr",,,
1295,90-05-1,guaiacol, , , ,"GHS07,Wng",,,
1296,89-83-8,thymol, , , ,"GHS05,GHS07,GHS09,Dgr",,,
1297,24342-03-8,isobutyl but-3-enoate, , , ,"GHS02,Wng",,,
1298,24197-34-0,"4,4'-thiodi-o-cresol", , , ,"GHS05,GHS09,Dgr",,,
1299,90884-29-0,"4,4'-oxybis(ethylenethio)diphenol", , , ,"GHS07,GHS09,Wng",,,
1300,108-68-9,"3,5-xylenol", , , ,"GHS06,GHS05,Dgr",,,
1301,88-04-0,"4-chloro-3,5-dimethylphenol", , , ,"GHS07,Wng",,,
1302,1321-23-9,"4-chloro-3,5-dimethylphenol", , , ,"GHS07,Wng",,,
1303,66441-23-4,ethyl 2-[4-[(6-chlorobenzoxazol-2-yl)oxy]phenoxy]propionate, , , ,"GHS07,GHS09,Wng",,,
1304,72178-02-0,fomesafen, , , ,"GHS07,Wng",,,
1305,50594-66-6,acifluorfen, , , ,"GHS05,GHS07,GHS09,Dgr",,,
1306,62476-59-9,acifluorfen, , , ,"GHS05,GHS07,GHS09,Dgr",,,
1307,104-91-6,4-nitrosophenol, , , ,"GHS08,GHS05,GHS07,GHS09,Dgr",,,
1308,103-16-2,monobenzone, , , ,"GHS07,Wng",,,
1309,150-76-5,mequinol, , , ,"GHS07,Wng",,,
1310,700-13-0,"2,3,5-trimethylhydroquinone", , , ,"GHS05,GHS07,GHS09,Dgr",,,
1311,95235-30-6,4-(4-isopropoxyphenylsulfonyl)phenol, , , ,GHS09,,,
1312,51601-57-1,4-(4-tolyloxy)biphenyl, , , ,"GHS08,Wng",,,
1313,27955-94-8,"4,4',4''-(ethan-1,1,1-triyl)triphenol", , , ,GHS09,,,
1314,93589-69-6,4-4'-methylenebis(oxyethylenethio)diphenol, , , ,GHS09,,,
1315,157661-93-3,"2-methyl-4-(1,1-dimethylethyl)-6-(1-methyl-pentadecyl)-phenol", , , ,"GHS07,GHS09,Wng",,,
1316,85954-11-6,"2,2'-((3,3',5,5'-tetramethyl-(1,1'-biphenyl)-4,4'-diyl)-bis(oxymethylene))-bis-oxirane", , , ,"GHS08,GHS07,Wng",,,
1317,99610-72-7,"2-(2-hydroxy-3,5-dinitroanilino)ethanol", , , ,"GHS02,GHS07,GHS08,Dgr",,,
1318,54914-85-1,"1,2-bis(3-methylphenoxy)ethane", , , ,"GHS09,Wng",,,
1319,3236-71-3,"9,9-bis(4-hydroxyphenyl)fluorene", , , ,"GHS07,GHS09,Wng",,,
1320,3131-52-0,"5,6-dihydroxyindole", , , ,"GHS05,GHS07,GHS09,Dgr",,,
1321,111850-25-0,"4,4',4''-(1-methylpropan-1-yl-3-ylidene)tris(2-cyclohexyl-5-methylphenol)", , , ,GHS09,,,
1322,90274-24-1,(±)-4-[2-[[3-(4-hydroxyphenyl)-1-methylpropyl]amino]-1-hydroxyethyl]phenol hydrochloride, , , ,"GHS07,Wng",,,
1323,51390-14-8,2-(1-methylpropyl)-4-tert-butylphenol, , , ,"GHS05,GHS09,Dgr",,,
1324,3380-34-5,triclosan, , , ,"GHS07,GHS09,Wng",,,
1325,110726-28-8,"4,4'-(1-{4-[1-(4-hydroxyphenyl)-1-methylethyl]phenyl}ethylidene)diphenol", , , ,-,,,
1326,10403-74-4,"1,2-bis(phenoxymethyl)benzene", , , ,"GHS09,Wng",,,
1327,82413-20-5,(E)-3-[1-[4-[2-(dimethylamino)ethoxy]phenyl]-2-phenylbut-1-enyl]phenol, , , ,"GHS08,GHS07,GHS09,Dgr",,,
1328,79-94-7,tetrabromobisphenol-A, , , ,"GHS09,Wng",,,
1329,140-66-9,"4-(1,1,3,3-tetramethylbutyl)phenol", , , ,"GHS05,GHS09,Dgr",,,
1330,77-09-8,phenolphthalein, , , ,"GHS08,Dgr",,,
1331,98809-58-6,2-benzotriazol-2-yl-4-methyl-6-(2-methylallyl)phenol, , , ,-,,,
1332,13595-25-0,"4,4'-(1,3-phenylene-bis(1-methylethylidene))bis-phenol", , , ,"GHS08,GHS07,GHS09,Wng",,,
1333,61721-07-1,4-fluoro-3-trifluoromethylphenol, , , ,"GHS05,GHS07,GHS09,Dgr",,,
1334,1571-75-1,"1,1-bis(4-hydroxyphenyl)-1-phenylethane", , , ,"GHS09,Wng",,,
1335,2040-90-6,2-chloro-6-fluoro-phenol, , , ,"GHS05,GHS08,GHS07,GHS09,Dgr",,,
1336,260408-02-4,"4,4'-sulfonylbisphenol, polymer with ammonium chloride(NH4Cl), pentachlorophosphorane and phenol", , , ,-,,,
1337,121219-07-6,"1-ethoxy-2,3-difluorobenzene", , , ,"GHS07,Wng",,,
1338,98-54-4,4-tert-butylphenol, , , ,"GHS08,GHS05,GHS09,Dgr",,,
1339,80844-07-1,etofenprox, , , ,"GHS09,Wng",,,
1340,121158-58-5,"phenol, dodecyl-, branched", , , ,"GHS08,GHS05,GHS09,Dgr",,,
1341,210555-94-5,"phenol, dodecyl-, branched", , , ,"GHS08,GHS05,GHS09,Dgr",,,
1342,74499-35-7,"phenol, dodecyl-, branched", , , ,"GHS08,GHS05,GHS09,Dgr",,,
1343,120-32-1,clorofene, , , ,"GHS08,GHS05,GHS07,GHS09,Dgr",,,
1344,97-54-1,isoeugenol, , , ,"GHS07,Wng",,,
1345,5932-68-3,isoeugenol, , , ,"GHS07,Wng",,,
1346,5912-86-7,isoeugenol, , , ,"GHS07,Wng",,,
1347,50-00-0,formaldehyde …%, , , ,"GHS08,GHS06,GHS05,Dgr",,,
1348,110-88-3,"1,3,5-trioxan", , , ,"GHS02,GHS08,GHS07,Dgr",,,
1349,75-07-0,acetaldehyde, , , ,"GHS02,GHS08,GHS07,Dgr",,,
1350,123-63-7,"2,4,6-trimethyl-1,3,5-trioxane", , , ,"GHS02,Wng",,,
1351,108-62-3,"2,4,6,8-tetramethyl-1,3,5,7-tetraoxacyclooctane", , , ,"GHS02,GHS07,Wng",,,
1352,123-72-8,butyraldehyde, , , ,"GHS02,Dgr",,,
1353,534-15-6,"1,1-dimethoxyethane", , , ,"GHS02,Dgr",,,
1354,107-02-8,acrolein, , , ,"GHS02,GHS06,GHS05,GHS09,Dgr",,,
1355,4170-30-3,crotonaldehyde, , , ,"GHS02,GHS06,GHS08,GHS05,GHS09,Dgr",,,
1356,123-73-9,crotonaldehyde, , , ,"GHS02,GHS06,GHS08,GHS05,GHS09,Dgr",,,
1357,98-01-1,2-furaldehyde, , , ,"GHS06,GHS08,Dgr",,,
1358,89-98-5,2-chlorobenzaldehyde, , , ,"GHS05,Dgr",,,
1359,100-52-7,benzaldehyde, , , ,"GHS07,Wng",,,
1360,15879-93-3,chloralose, , , ,"GHS06,GHS09,Dgr",,,
1361,302-17-0,chloral hydrate, , , ,"GHS06,Dgr",,,
1362,105-57-7,"1,1-diethoxyethane", , , ,"GHS02,GHS07,Dgr",,,
1363,107-22-2,glyoxal … %, , , ,"GHS07,GHS08,Wng",,,
1364,646-06-0,"1,3-dioxolane", , , ,"GHS02,Dgr",,,
1365,123-38-6,propanal, , , ,"GHS02,GHS07,Dgr",,,
1366,5392-40-5,citral, , , ,"GHS07,Wng",,,
1367,94-59-7,safrole, , , ,"GHS08,GHS07,Dgr",,,
1368,91673-30-2,"formaldehyde, reaction products with butylphenol", , , ,"GHS07,Wng",,,
1369,111-30-8,glutaral, , , ,"GHS06,GHS05,GHS08,GHS09,Dgr",,,
1370,3380-30-1,5-chloro-2-(4-chlorophenoxy)phenol, , , ,"GHS05,GHS09,Dgr",,,
1371,2973-59-3,2-bromo-5-hydroxy-4-methoxybenzaldehyde, , , ,"GHS07,GHS09,Wng",,,
1372,107-20-0,chloroacetaldehyde, , , ,"GHS06,GHS08,GHS05,GHS09,Dgr",,,
1373,114119-97-0,"2,5,7,7-tetramethyloctanal", , , ,"GHS07,GHS09,Wng",,,
1374,125109-85-5,β-methyl-3-(1-methylethyl)-benzenepropanal, , , ,GHS09,,,
1375,2109-22-0,2-cyclohexylpropanal, , , ,"GHS07,GHS09,Wng",,,
1376,3353-51-3,1-(p-methoxyphenyl)acetaldehyde oxime, , , ,"GHS07,Wng",,,
1377,93957-50-7,3-[3-(4-fluorophenyl)-1-(1-methylethyl)-1H-indol-2-yl]-(E)-2-propenal, , , ,"GHS07,GHS09,Wng",,,
1378,32480-08-3,"reaction mass of: 3,7,11-trimethyl-cis-6,10-dodecadienal", , , ,"GHS07,GHS09,Wng",,,
1379,177964-68-0,"(E)-3-(4-(4-fluorophenyl)-5-methoxymethyl-2,6-bis(1-methoxymethyl)pyridin-3-yl)prop-2-enal", , , ,"GHS07,Wng",,,
1380,2065-75-0,2-bromomalonaldehyde, , , ,"GHS05,GHS07,Dgr",,,
1381,120578-03-2,trans-3-[2-(7-chloro-2-quinolinyl)vinyl]benzaldehyde, , , ,-,,,
1382,55066-49-4,3-methyl-5-phenylpentan-1-al, , , ,"GHS07,GHS09,Wng",,,
1383,116313-85-0,"3,4-dihydroxy-5-nitrobenzaldehyde", , , ,"GHS05,GHS07,Dgr",,,
1384,130066-44-3,hydroxyisohexyl 3-cyclohexene carboxaldehyde (INCI), , , ,"GHS07,Wng",,,
1385,31906-04-4,hydroxyisohexyl 3-cyclohexene carboxaldehyde (INCI), , , ,"GHS07,Wng",,,
1386,51414-25-6,hydroxyisohexyl 3-cyclohexene carboxaldehyde (INCI), , , ,"GHS07,Wng",,,
1387,67-64-1,acetone, , , ,"GHS02,GHS07,Dgr",,,
1388,78-93-3,butanone, , , ,"GHS02,GHS07,Dgr",,,
1389,106-35-4,heptan-3-one, , , ,"GHS02,GHS07,Wng",,,
1390,108-10-1,4-methylpentan-2-one, , , ,"GHS02,GHS07,Dgr",,,
1391,108-83-8,"2,6-dimethylheptan-4-one", , , ,"GHS02,GHS07,Wng",,,
1392,96-22-0,pentan-3-one, , , ,"GHS02,GHS07,Dgr",,,
1393,563-80-4,3-methylbutan-2-one, , , ,"GHS02,Dgr",,,
1394,141-79-7,4-methylpent-3-en-2-one, , , ,"GHS02,GHS07,Wng",,,
1395,108-94-1,cyclohexanone, , , ,"GHS02,GHS07,Wng",,,
1396,583-60-8,2-methylcyclohexanone, , , ,"GHS02,GHS07,Wng",,,
1397,78-59-1,"3,5,5-trimethylcyclohex-2-enone", , , ,"GHS08,GHS07,Wng",,,
1398,106-51-4,p-benzoquinone, , , ,"GHS06,GHS09,Dgr",,,
1399,3691-35-8,chlorophacinone, , , ,"GHS08,GHS06,GHS09,Dgr",,,
1400,83-26-1,pindone, , , ,"GHS06,GHS08,GHS09,Dgr",,,
1401,674-82-8,diketene, , , ,"GHS02,GHS07,Wng",,,
1402,117-80-6,dichlone, , , ,"GHS07,GHS09,Wng",,,
1403,143-50-0,chlordecone, , , ,"GHS06,GHS08,GHS09,Dgr",,,
1404,541-85-5,5-methylheptan-3-one, , , ,"GHS02,GHS07,Wng",,,
1405,872-50-4,N-methyl-2-pyrrolidone, , , ,"GHS08,GHS07,Dgr",,,
1406,92-43-3,1-phenyl-3-pyrazolidone, , , ,"GHS07,GHS09,Wng",,,
1407,107-70-0,4-methoxy-4-methylpentan-2-one, , , ,"GHS02,GHS07,Wng",,,
1408,110-43-0,heptan-2-one, , , ,"GHS02,GHS07,Wng",,,
1409,120-92-3,cyclopentanone, , , ,"GHS02,GHS07,Wng",,,
1410,110-12-3,5-methylhexan-2-one, , , ,"GHS02,GHS07,Wng",,,
1411,123-19-3,heptan-4-one, , , ,"GHS02,GHS07,Wng",,,
1412,565-80-0,"2,4-dimethylpentan-3-one", , , ,"GHS02,GHS07,Dgr",,,
1413,123-54-6,"pentane-2,4-dione", , , ,"GHS02,GHS07,Wng",,,
1414,591-78-6,hexan-2-one, , , ,"GHS02,GHS08,GHS07,Dgr",,,
1415,57-57-8,3-propanolide, , , ,"GHS06,GHS08,Dgr",,,
1416,116-16-5,hexachloroacetone, , , ,"GHS07,GHS09,Wng",,,
1417,20354-26-1,"2-(3,4-dichlorophenyl)-4-methyl-1,2,4-oxadiazolidinedione", , , ,"GHS07,GHS09,Wng",,,
1418,21087-64-9,metribuzin, , , ,"GHS07,GHS09,Wng",,,
1419,1698-60-8,chloridazon, , , ,"GHS07,GHS09,Wng",,,
1420,1/2/2439,quinomethionate, , , ,"GHS08,GHS07,GHS09,Wng",,,
1421,43121-43-3,triadimefon, , , ,"GHS07,GHS09,Wng",,,
1422,82-66-6,diphacinone, , , ,"GHS06,GHS08,Dgr",,,
1423,55845-90-4,(N-benzyl-N-ethyl)amino-3-hydroxyacetophenone hydrochloride, , , ,"GHS05,GHS09,Dgr",,,
1424,71868-10-5,2-methyl-1-(4-methylthiophenyl)-2-morpholinopropan-1-one, , , ,"GHS08,GHS07,GHS09,Dgr",,,
1425,98-86-2,acetophenone, , , ,"GHS07,Wng",,,
1426,13019-04-0,"2,4-di-tert-butylcyclohexanone", , , ,"GHS07,GHS09,Wng",,,
1427,954-16-5,"2,4,6-trimethylbenzophenone", , , ,"GHS07,GHS09,Wng",,,
1428,19666-30-9,oxadiazon, , , ,"GHS09,Wng",,,
1429,3100-36-5,reaction mass of cis- and trans-cyclohexadec-8-en-1-one, , , ,"GHS09,Wng",,,
1430,119313-12-1,2-benzyl-2-dimethylamino-4'-morpholinobutyrophenone, , , ,"GHS08,GHS09,Dgr",,,
1431,78531-61-0,4-(trans-4-propylcyclohexyl)acetophenone, , , ,"GHS07,Wng",,,
1432,72453-58-8,"6-anilino-1-benzoyl-4-(4-tert-pentylphenoxy)naphto[1,2,3-de]quinoline-2,7-(3H)-dione", , , ,GHS09,,,
1433,61203-83-6,4-pentylcyclohexanone, , , ,GHS09,,,
1434,96525-23-4,flurtamone, , , ,"GHS09,Wng",,,
1435,141112-29-0,isoxaflutole, , , ,"GHS08,GHS09,Wng",,,
1436,92836-10-7,"1-(2,3-dihydro-1,3,3,6-tetramethyl-1-(1-methylethyl)-1H-inden-5-yl)ethanone", , , ,"GHS08,GHS07,GHS09,Wng",,,
1437,116412-83-0,"4-chloro-3',4'-dimethoxybenzophenone", , , ,"GHS09,Wng",,,
1438,40649-36-3,4-propylcyclohexanone, , , ,"GHS07,Wng",,,
1439,21983-80-2,"4'-fluoro-2,2-dimethoxyacetophenone", , , ,"GHS07,Wng",,,
1440,86386-75-6,"2,4-difluoro-α-(1H-1,2,4-triazol-1-yl)acetophenone hydrochloride", , , ,"GHS05,GHS07,Dgr",,,
1441,66938-41-8,(3-chlorophenyl)-(4-methoxy-3-nitrophenyl)methanone, , , ,"GHS08,GHS09,Wng",,,
1442,61571-06-0,tetrahydrothiopyran-3-carboxaldehyde, , , ,"GHS08,GHS05,Dgr",,,
1443,112704-51-5,(E)-3-(2-chlorophenyl)-2-(4-fluorophenyl)propenal, , , ,"GHS07,Wng",,,
1444,164058-20-2,"(E)-5[(4-chlorophenyl)methylene]-2,2-dimethylcyclopentanone", , , ,GHS09,,,
1445,96792-67-5,"reaction mass of: 1-(2,3,6,7,8,9-hexahydro-1,1-dimethyl-1H-benz(g)inden-4-yl)ethanone", , , ,"GHS09,Wng",,,
1446,1638-05-7,"2,7,11-trimethyl-13-(2,6,6-trimethylcyclohex-1-en-1-yl)tridecahexaen-2,4,6,8,10,12-al", , , ,"GHS08,GHS07,Wng",,,
1447,154171-76-3,"spiro[1,3-dioxolane-2,5'-(4',4',8',8'-tetramethyl-hexahydro-3',9'-methanonaphthalene)]", , , ,GHS09,,,
1448,138164-12-2,butroxydim, , , ,"GHS08,GHS07,GHS09,Wng",,,
1449,13258-43-0,"17-spiro(5,5-dimethyl-1,3-dioxan-2-yl)androsta-1,4-diene-3-one", , , ,"GHS09,Wng",,,
1450,719-86-8,"3-acetyl-1-phenyl-pyrrolidine-2,4-dione", , , ,"GHS08,GHS09,Wng",,,
1451,90-94-8,"4,4'-bis(dimethylamino)benzophenone", , , ,"GHS08,GHS05,Dgr",,,
1452,65855-02-9,"1-benzyl-5-ethoxyimidazolidine-2,4-dione", , , ,"GHS07,Wng",,,
1453,136465-99-1,"1-((2-quinolinyl-carbonyl)oxy)-2,5-pyrrolidinedione", , , ,"GHS05,GHS07,Dgr",,,
1454,104872-06-2,"(3S,4S)-3-hexyl-4-[(R)-2-hydroxytridecyl]-2-oxetanone", , , ,"GHS09,Wng",,,
1455,59227-88-2,1-octylazepin-2-one, , , ,"GHS05,GHS07,GHS09,Dgr",,,
1456,7/4/4299,2-n-butyl-benzo[d]isothiazol-3-one, , , ,"GHS05,GHS07,GHS09,Dgr",,,
1457,4229-69-0,"(3β, 5α, 6β)-3-(acetyloxy)-5-bromo-6-hydroxy-androstan-17-one", , , ,"GHS07,Wng",,,
1458,137193-60-3,2-chloro-5-sec-hexadecylhydroquinone, , , ,"GHS07,Wng",,,
1459,484-33-3,"1-(4-methoxy-5-benzofuranyl)-3-phenyl-1,3-propanedione", , , ,"GHS09,Wng",,,
1460,79200-56-9,"(1R,4S)-2-azabicyclo[2.2.1]hept-5-en-3-one", , , ,"GHS05,GHS07,Dgr",,,
1461,56973-87-6,"1-(3,3-dimethylcyclohexyl)pent-4-en-1-one", , , ,GHS09,,,
1462,137234-87-8,6-ethyl-5-fluoro-4(3H)-pyrimidone, , , ,"GHS07,GHS09,Wng",,,
1463,74338-72-0,"2,4,4,7-tetramethyl-6-octen-3-one", , , ,"GHS07,GHS09,Wng",,,
1464,73096-98-7,1-[3-[(dimethylamino)methyl]-4-hydroxyphenyl]ethanone, , , ,"GHS05,GHS07,Dgr",,,
1465,118289-55-7,"6-chloro-5-(2-chloroethyl)-1,3-dihydroindol-2-one", , , ,"GHS09,Wng",,,
1466,95885-13-5,"5-ethyl-2,4-dihydro-4-(2-phenoxyethyl)-3H-1,2,4-triazol-3-one", , , ,"GHS07,Wng",,,
1467,49805-30-3,"(R,S)-2-azabicyclo[2.2.1]hept-5-en-3-one", , , ,"GHS07,Wng",,,
1468,130603-71-3,"3-(6-O-(6-desoxy-α-.sc.l.sc.-mannopyranosyl-O-(α-.sc.d.sc.-glucopyranosyl)-(β-.sc.d.sc.-glucopyranosyl)oxy)-2-(3,4-dihydroxyphenyl)-5,7-dihydroxy-4H-1-benzopyran-4-one", , , ,"GHS07,GHS09,Wng",,,
1469,23911-85-5,"2,2''-dihydroxy-4,4''-(2-hydroxy-propane-1,3-diyldioxy)dibenzophenone", , , ,-,,,
1470,158574-65-3,"1-benzyl-5-(hexadecyloxy)-2,4-imidazolidinedione", , , ,-,,,
1471,61718-80-7,5-methoxy-4'-(trifluoromethyl)valerophenone, , , ,GHS09,,,
1472,94723-86-1,2-butyryl-3-hydroxy-5-thiocyclohexan-3-yl-cyclohex-2-en-1-one, , , ,"GHS08,GHS07,Dgr",,,
1473,165038-51-7,"reaction mass of: 1,5-bis[(2-ethylhexyl)amino]-9,10-anthracenedione", , , ,"GHS09,Wng",,,
1474,79876-59-8,4-(3-triethoxysilylpropoxy)-2-hydroxybenzophenone, , , ,GHS09,,,
1475,78531-59-6,1-(4-(trans-4-pentylcyclohexyl)phenyl)ethanone, , , ,"GHS07,Wng",,,
1476,226065-73-2,"3,4,3',4'-tetraphenyl-1,1'-ethandiylbispyrol-2,5-dione", , , ,"GHS07,Wng",,,
1477,83626-30-6,1-(4-(trans-4-butylcyclohexyl)phenyl)ethanone, , , ,"GHS07,Wng",,,
1478,1075-89-4,"8-azaspiro[4.5]decane-7,9-dione", , , ,"GHS06,GHS09,Dgr",,,
1479,756-13-8,"1,1,1,2,2,4,5,5,5-nonafluoro-4-(trifluoromethyl )-3-pentanone", , , ,-,,,
1480,71308-16-2,2-(4-methyl-3-pentenyl)anthraquinone, , , ,"GHS07,Wng",,,
1481,2833-30-9,5-ethoxy-5H-furan-2-one, , , ,"GHS05,GHS08,GHS07,Dgr",,,
1482,67014-36-2,"5-amino-6-methyl-1,3-dihydrobenzoimidazol-2-one", , , ,"GHS07,GHS09,Wng",,,
1483,1668-86-6,"(4aR*,8aR*)-4a,5,9,10,11,12-hexahydro-3-methoxy-11-methyl-6H-benzofuro[3a,3,2-ef]", , , ,"GHS07,Wng",,,
1484,272460-97-6,1-[4-(4-benzoylphenylsulfanyl)phenyl]-2-methyl-2-(4-methylphenylsulfonyl)propan-1-one, , , ,"GHS05,Dgr",,,
1485,67887-47-2,"4,4',5,5',6,6',7,7'-octachloro-(2,2')biisoindolyl-1,1',3,3'-tetraone", , , ,-,,,
1486,139001-49-3,profoxydim, , , ,"GHS08,GHS07,Wng",,,
1487,149979-41-9,tepraloxydim, , , ,"GHS08,Wng",,,
1488,7078-98-0,"2,6-bis(1,1-dimethylethyl)-4-(phenylenemethylene)cyclohexa-2,5-dien-1-one", , , ,"GHS07,Wng",,,
1489,52870-46-9,"N-(1,3-dimethylbutyl)-N'-(phenyl)-1,4-benzoquinonediimine", , , ,"GHS07,GHS09,Wng",,,
1490,114625-74-0,"2,5-dihydroxy-5-methyl-3-(morpholin-4-yl)-2-cyclopenten-1-one", , , ,"GHS07,Wng",,,
1491,133636-82-5,"(+)-(1S,2S,3S,5R)-2,6,6-trimethylbicyclo[3.1.1]heptane-3-spiro-1'-(cyclohex-2'-en-4'-one)", , , ,"GHS05,GHS07,GHS09,Dgr",,,
1492,114341-88-7,"3-(2-bromopropionoyl)-4,4-dimethyl-1,3-oxazolan-2-one", , , ,"GHS05,GHS08,GHS07,GHS09,Dgr",,,
1493,161462-35-7,"1-cyclopropyl-3-(2-methylthio-4-trifluoromethylphenyl)-1,3-propanedione", , , ,"GHS08,GHS09,Wng",,,
1494,5/5/6777,"1-benzylimidazolidine-2,4-dione", , , ,"GHS07,Wng",,,
1495,99788-75-7,"1,4-bis(2,3-dihydroxypropylamino)anthraquinone", , , ,GHS09,,,
1496,148935-94-8,"2,2'-(1,3-phenylene)bis[5-chloro-1H-isoindole]-1,3(2H)-dione", , , ,-,,,
1497,156732-13-7,"5-amino-[2S-di(methylphenyl)amino]-1,6-diphenyl-4Z-hexen-3-one", , , ,-,,,
1498,56309-94-5,"4-(1,4-dioxa-spiro[4.5]dec-8-yl)-cyclohexanone", , , ,"GHS07,Wng",,,
1499,5571-36-8,"cyclic 3-(1,2-ethanediylacetale)-estra-5(10),9(11)-diene-3,17-dione", , , ,"GHS08,GHS09,Dgr",,,
1500,6563-83-3,"(6β)-6,19-epoxyandrost-4-ene-3,17-dione", , , ,"GHS07,Wng",,,
1501,15375-21-0,"androsta-1,4,9(11)-triene-3,17-dione", , , ,"GHS08,Wng",,,
1502,2550-52-9,cyclohexadecanone, , , ,-,,,
1503,133413-70-4,"(3S,6R,9S,12R,15S,18R,21S,24R)-6,18-dibenzyl-3,9,15,21-tetraisobutyl-4,10,12,16,22,24-hexamethyl-1,7,13,19-tetraoxa-4,10,16,22-tetraazacyclo-tetracosane-2,5,8,11,14,17,20,23-octaone", , , ,"GHS07,Wng",,,
1504,211387-26-7,"trans-7,7'-dimethyl-(4H,4H')-(2,2')bi[benzo[1,4]thiazinylidene]-3,3'-dione", , , ,-,,,
1505,141645-23-0,(2-butyl-5-nitrobenzofuran-3-yl)[4-(3-dibutylaminopropoxy)phenyl]methanone, , , ,"GHS02,GHS05,GHS08,GHS07,GHS09,Dgr",,,
1506,124379-29-9,"(S)-4-(3,4-dichlorophenyl)-3,4-dihydro-2H-naphthalen-1-one", , , ,-,,,
1507,474510-57-1,2-hydroxy-1-(4-(4-(2-hydroxy-2-methylpropionyl)benzyl)phenyl)-2-methylpropan-1-one, , , ,"GHS08,GHS09,Wng",,,
1508,71751-41-2,abamectin (combination of avermectin B1a and avermectin B1b), , , ,"GHS06,GHS08,GHS09,Dgr",,,
1509,65195-55-3,abamectin (combination of avermectin B1a and avermectin B1b), , , ,"GHS06,GHS08,GHS09,Dgr",,,
1510,57960-19-7,acequinocyl, , , ,"GHS07,GHS08,GHS09,Dgr",,,
1511,99105-77-8,sulcotrione, , , ,"GHS08,GHS07,GHS09,Wng",,,
1512,87820-88-0,tralkoxydim, , , ,"GHS08,GHS07,GHS09,Wng",,,
1513,101205-02-1,cycloxydim, , , ,"GHS08,Wng",,,
1514,99-49-0,carvone, , , ,"GHS07,Wng",,,
1515,2244-16-8,carvone, , , ,"GHS07,Wng",,,
1516,6485-40-1,carvone, , , ,"GHS07,Wng",,,
1517,335104-84-2,tembotrione, , , ,"GHS08,GHS07,GHS09,Wng",,,
1518,99129-21-2,clethodim, , , ,"GHS07,Wng",,,
1519,84-65-1,anthraquinone, , , ,"GHS08,Dgr",,,
1520,64-18-6,formic acid … %, , , ,"GHS05,Dgr",,,
1521,64-19-7,acetic acid … %, , , ,"GHS02,GHS05,Dgr",,,
1522,79-11-8,chloroacetic acid, , , ,"GHS06,GHS05,GHS09,Dgr",,,
1523,76-03-9,TCA, , , ,"GHS05,GHS09,Dgr",,,
1524,650-51-1,TCA-sodium, , , ,"GHS07,GHS09,Wng",,,
1525,144-62-7,oxalic acid, , , ,"GHS07,Wng",,,
1526,108-24-7,acetic anhydride, , , ,"GHS02,GHS05,GHS07,Dgr",,,
1527,85-44-9,phthalic anhydride, , , ,"GHS08,GHS05,GHS07,Dgr",,,
1528,123-62-6,propionic anhydride, , , ,"GHS05,Dgr",,,
1529,75-36-5,acetyl chloride, , , ,"GHS02,GHS05,Dgr",,,
1530,98-88-4,benzoyl chloride, , , ,"GHS05,GHS07,Dgr",,,
1531,616-38-6,dimethyl carbonate, , , ,"GHS02,Dgr",,,
1532,107-31-3,methyl formate, , , ,"GHS02,GHS07,Dgr",,,
1533,109-94-4,ethyl formate, , , ,"GHS02,GHS07,Dgr",,,
1534,110-74-7,propyl formate, , , ,"GHS02,GHS07,Dgr",,,
1535,625-55-8,propyl formate, , , ,"GHS02,GHS07,Dgr",,,
1536,592-84-7,butyl formate, , , ,"GHS02,GHS07,Dgr",,,
1537,762-75-4,butyl formate, , , ,"GHS02,GHS07,Dgr",,,
1538,542-55-2,butyl formate, , , ,"GHS02,GHS07,Dgr",,,
1539,110-45-2,isopentyl formate, , , ,"GHS02,GHS07,Dgr",,,
1540,35073-27-9,isopentyl formate, , , ,"GHS02,GHS07,Dgr",,,
1541,79-22-1,methyl chloroformate, , , ,"GHS02,GHS06,GHS05,Dgr",,,
1542,541-41-3,ethyl chloroformate, , , ,"GHS02,GHS06,GHS05,Dgr",,,
1543,79-20-9,methyl acetate, , , ,"GHS02,GHS07,Dgr",,,
1544,141-78-6,ethyl acetate, , , ,"GHS02,GHS07,Dgr",,,
1545,108-05-4,vinyl acetate, , , ,"GHS02,GHS08,GHS07,Dgr",,,
1546,109-60-4,propyl acetate, , , ,"GHS02,GHS07,Dgr",,,
1547,108-21-4,propyl acetate, , , ,"GHS02,GHS07,Dgr",,,
1548,123-86-4,n-butyl acetate, , , ,"GHS02,GHS07,Wng",,,
1549,105-46-4,sec-butyl acetate, , , ,"GHS02,Dgr",,,
1550,110-19-0,sec-butyl acetate, , , ,"GHS02,Dgr",,,
1551,540-88-5,sec-butyl acetate, , , ,"GHS02,Dgr",,,
1552,554-12-1,methyl propionate, , , ,"GHS02,GHS07,Dgr",,,
1553,105-37-3,ethyl propionate, , , ,"GHS02,Dgr",,,
1554,590-01-2,n-butyl propionate, , , ,"GHS02,Wng",,,
1555,591-34-4,n-butyl propionate, , , ,"GHS02,Wng",,,
1556,540-42-1,n-butyl propionate, , , ,"GHS02,Wng",,,
1557,106-36-5,propyl propionate, , , ,"GHS02,GHS07,Wng",,,
1558,109-21-7,butyl butyrate, , , ,"GHS02,Wng",,,
1559,140-88-5,ethyl acrylate, , , ,"GHS02,GHS07,Dgr",,,
1560,97-88-1,n-butyl methacrylate, , , ,"GHS02,GHS07,Wng",,,
1561,96-33-3,methyl acrylate, , , ,"GHS02,GHS07,Dgr",,,
1562,80-62-6,methyl methacrylate, , , ,"GHS02,GHS07,Dgr",,,
1563,110-49-6,2-methoxyethyl acetate, , , ,"GHS08,GHS07,Dgr",,,
1564,111-15-9,2-ethoxyethyl acetate, , , ,"GHS02,GHS08,GHS07,Dgr",,,
1565,112-07-2,2-butoxyethyl acetate, , , ,"GHS07,Wng",,,
1566,94-75-7,"2,4-D", , , ,"GHS05,GHS07,Dgr",,,
1567,93-76-5,"2,4,5-T", , , ,"GHS07,GHS09,Wng",,,
1568,1918-00-9,dicamba, , , ,"GHS05,GHS07,Dgr",,,
1569,2300-66-5,"3,6-dichloro-o-anisic acid, compound with dimethylamine (1:1)", , , ,"GHS07,Wng",,,
1570,10007-85-9,"3,6-dichloro-o-anisic acid, compound with dimethylamine (1:1)", , , ,"GHS07,Wng",,,
1571,120-36-5,dichlorprop, , , ,"GHS05,GHS07,Dgr",,,
1572,93-72-1,fenoprop, , , ,"GHS07,GHS09,Wng",,,
1573,7085-19-0,mecoprop, , , ,"GHS05,GHS07,GHS09,Dgr",,,
1574,94-74-6,MCPA, , , ,"GHS05,GHS07,GHS09,Dgr",,,
1575,94-81-5,MCPB, , , ,"GHS09,Wng",,,
1576,129-67-9,endothal-sodium, , , ,"GHS06,Dgr",,,
1577,81-81-2,warfarin, , , ,"GHS08,GHS06,GHS09,Dgr",,,
1578,5543-57-7,warfarin, , , ,"GHS08,GHS06,GHS09,Dgr",,,
1579,5543-58-8,warfarin, , , ,"GHS08,GHS06,GHS09,Dgr",,,
1580,81-82-3,coumachlor, , , ,"GHS08,Wng",,,
1581,117-52-2,coumafuryl, , , ,"GHS06,GHS08,Dgr",,,
1582,5836-29-3,coumatetralyl, , , ,"GHS08,GHS06,GHS09,Dgr",,,
1583,66-76-2,dicoumarol, , , ,"GHS08,GHS07,GHS09,Dgr",,,
1584,79-10-7,acrylic acid, , , ,"GHS02,GHS05,GHS07,GHS09,Dgr",,,
1585,141-32-2,n-butyl acrylate, , , ,"GHS02,GHS07,Wng",,,
1586,79-31-2,isobutyric acid, , , ,"GHS07,Wng",,,
1587,501-53-1,benzyl chloroformate, , , ,"GHS05,GHS09,Dgr",,,
1588,79-08-3,bromoacetic acid, , , ,"GHS06,GHS05,GHS09,Dgr",,,
1589,79-43-6,dichloroacetic acid, , , ,"GHS05,GHS09,Dgr",,,
1590,79-36-7,dichloroacetyl chloride, , , ,"GHS05,GHS09,Dgr",,,
1591,64-69-7,iodoacetic acid, , , ,"GHS06,GHS05,Dgr",,,
1592,105-36-2,ethyl bromoacetate, , , ,"GHS06,Dgr",,,
1593,105-39-5,ethyl chloroacetate, , , ,"GHS06,GHS09,Dgr",,,
1594,97-63-2,ethyl methacrylate, , , ,"GHS02,GHS07,Dgr",,,
1595,818-61-1,2-hydroxyethyl acrylate, , , ,"GHS06,GHS05,GHS09,Dgr",,,
1596,122-88-3,4-CPA, , , ,"GHS07,Wng",,,
1597,85-34-7,chlorfenac, , , ,"GHS07,GHS09,Wng",,,
1598,14437-17-3,chlorfenprop-methyl, , , ,"GHS07,GHS09,Wng",,,
1599,10/3/2439,dodine, , , ,"GHS07,GHS09,Wng",,,
1600,136-25-4,erbon, , , ,"GHS07,GHS09,Wng",,,
1601,4301-50-2,fluenetil, , , ,"GHS06,Dgr",,,
1602,4234-79-1,kelevan, , , ,"GHS06,GHS09,Dgr",,,
1603,79-04-9,chloroacetyl chloride, , , ,"GHS06,GHS08,GHS05,GHS09,Dgr",,,
1604,144-49-0,fluoroacetic acid, , , ,"GHS06,GHS09,Dgr",,,
1605,94-82-6,"2,4-DB", , , ,"GHS07,GHS09,Wng",,,
1606,120-51-4,benzyl benzoate, , , ,"GHS07,GHS09,Wng",,,
1607,131-17-9,diallyl phthalate, , , ,"GHS07,GHS09,Wng",,,
1608,79-41-4,methacrylic acid, , , ,"GHS05,GHS07,Dgr",,,
1609,79-09-4,propionic acid … %, , , ,"GHS05,Dgr",,,
1610,68-11-1,thioglycolic acid, , , ,"GHS06,GHS05,Dgr",,,
1611,76-05-1,trifluoroacetic acid . . . %, , , ,"GHS05,GHS07,Dgr",,,
1612,547-64-8,methyl lactate, , , ,"GHS02,GHS07,Wng",,,
1613,2155-30-8,methyl lactate, , , ,"GHS02,GHS07,Wng",,,
1614,17392-83-5,methyl lactate, , , ,"GHS02,GHS07,Wng",,,
1615,27871-49-4,methyl lactate, , , ,"GHS02,GHS07,Wng",,,
1616,79-03-8,propionyl chloride, , , ,"GHS02,GHS05,Dgr",,,
1617,79-21-0,peracetic acid . . . %, , , ,"GHS02,GHS05,GHS07,GHS09,Dgr",,,
1618,110-16-7,maleic acid, , , ,"GHS07,Wng",,,
1619,108-31-6,maleic anhydride, , , ,"GHS07,GHS08,GHS05,Dgr",,,
1620,552-30-7,"benzene-1,2,4-tricarboxylic acid 1,2-anhydride", , , ,"GHS08,GHS05,GHS07,Dgr",,,
1621,89-32-7,"benzene-1,2:4,5-tetracarboxylic dianhydride", , , ,"GHS08,GHS05,Dgr",,,
1622,85-43-8,"1,2,3,6-tetrahydrophthalic anhydride", , , ,"GHS08,GHS05,Dgr",,,
1623,935-79-5,"1,2,3,6-tetrahydrophthalic anhydride", , , ,"GHS08,GHS05,Dgr",,,
1624,2426-02-0,"1,2,3,6-tetrahydrophthalic anhydride", , , ,"GHS08,GHS05,Dgr",,,
1625,26266-63-7,"1,2,3,6-tetrahydrophthalic anhydride", , , ,"GHS08,GHS05,Dgr",,,
1626,2421-28-5,"benzophenone-3,3',4,4'-tetracarboxylic dianhydride", , , ,"GHS07,Wng",,,
1627,115-27-5,"1,4,5,6,7,7-hexachlorobicyclo [2,2,1]hept-5-ene-2,3-dicarboxylic anhydride chlorendic anhydride", , , ,"GHS07,Wng",,,
1628,85-42-7,"cyclohexane-1,2-dicarboxylic anhydride", , , ,"GHS08,GHS05,Dgr",,,
1629,13149-00-3,"cyclohexane-1,2-dicarboxylic anhydride", , , ,"GHS08,GHS05,Dgr",,,
1630,14166-21-3,"cyclohexane-1,2-dicarboxylic anhydride", , , ,"GHS08,GHS05,Dgr",,,
1631,108-30-5,succinic anhydride, , , ,"GHS07,GHS05,GHS08,Dgr",,,
1632,6053-68-5,"cyclopentane-1,2,3,4-tetracarboxylic dianhydride", , , ,"GHS07,Wng",,,
1633,129-64-6,"8,9,10-trinorborn-5-ene-2,3-dicarboxylic anhydride", , , ,"GHS08,GHS05,Dgr",,,
1634,826-62-0,"8,9,10-trinorborn-5-ene-2,3-dicarboxylic anhydride", , , ,"GHS08,GHS05,Dgr",,,
1635,2746-19-2,"8,9,10-trinorborn-5-ene-2,3-dicarboxylic anhydride", , , ,"GHS08,GHS05,Dgr",,,
1636,123748-85-6,"8,9-dinorborn-5-ene-2,3-dicarboxylic anhydride", , , ,"GHS08,GHS07,Dgr",,,
1637,103-11-7,2-ethylhexyl acrylate, , , ,"GHS07,Wng",,,
1638,2918-23-2,2-hydroxy-1-methylethylacrylate, , , ,"GHS06,GHS05,Dgr",,,
1639,999-61-1,2-hydroxy-1-methylethylacrylate, , , ,"GHS06,GHS05,Dgr",,,
1640,25584-83-2,2-hydroxy-1-methylethylacrylate, , , ,"GHS06,GHS05,Dgr",,,
1641,13048-33-4,hexamethylene diacrylate, , , ,"GHS07,Wng",,,
1642,3524-68-3,pentaerythritol triacrylate, , , ,"GHS07,Wng",,,
1643,15625-89-5,"2,2-bis(acryloyloxymethyl)butyl acrylate", , , ,"GHS07,Wng",,,
1644,2223-82-7,"2,2-dimethyltrimethylene diacrylate", , , ,"GHS06,Dgr",,,
1645,97-86-9,isobutyl methacrylate, , , ,"GHS02,GHS07,Wng",,,
1646,97-90-5,ethylene dimethacrylate, , , ,"GHS07,Wng",,,
1647,106-63-8,isobutyl acrylate, , , ,"GHS02,GHS07,Wng",,,
1648,3066-71-5,cyclohexyl acrylate, , , ,"GHS07,GHS09,Wng",,,
1649,106-90-1,"2,3-epoxypropyl acrylate", , , ,"GHS06,GHS05,Dgr",,,
1650,19485-03-1,1-methyltrimethylene diacrylate, , , ,"GHS05,GHS07,Dgr",,,
1651,1070-70-8,tetramethylene diacrylate, , , ,"GHS05,GHS07,Dgr",,,
1652,4074-88-8,"2,2'-oxydiethyl diacrylate", , , ,"GHS06,Dgr",,,
1653,10027-06-2,"8,9,10-trinorborn-2-yl acrylate", , , ,"GHS07,Wng",,,
1654,4986-89-4,pentaerythritol tetraacrylate, , , ,"GHS07,Wng",,,
1655,106-91-2,"2,3-epoxypropyl methacrylate", , , ,"GHS08,GHS06,GHS05,Dgr",,,
1656,868-77-9,2-hydroxyethyl methacrylate, , , ,"GHS07,Wng",,,
1657,923-26-2,2-hydroxypropyl methacrylate, , , ,"GHS07,Wng",,,
1658,9/3/2761,2-hydroxypropyl methacrylate, , , ,"GHS07,Wng",,,
1659,1680-21-3,"2,2'-(ethylenedioxy)diethyl diacrylate", , , ,"GHS07,Wng",,,
1660,105-16-8,2-diethylaminoethyl methacrylate, , , ,"GHS07,Wng",,,
1661,3775-90-4,2-tert-butylaminoethyl methacrylate, , , ,"GHS07,Wng",,,
1662,97-64-3,ethyl lactate, , , ,"GHS02,GHS05,GHS07,Dgr",,,
1663,687-47-8,ethyl lactate, , , ,"GHS02,GHS05,GHS07,Dgr",,,
1664,628-63-7,pentyl acetate, , , ,"GHS02,Wng",,,
1665,123-92-2,pentyl acetate, , , ,"GHS02,Wng",,,
1666,626-38-0,pentyl acetate, , , ,"GHS02,Wng",,,
1667,624-41-9,pentyl acetate, , , ,"GHS02,Wng",,,
1668,84145-37-9,pentyl acetate, , , ,"GHS02,Wng",,,
1669,105-68-0,isopentyl propionate, , , ,"GHS02,Wng",,,
1670,624-54-4,isopentyl propionate, , , ,"GHS02,Wng",,,
1671,2438-20-2,isopentyl propionate, , , ,"GHS02,Wng",,,
1672,2867-47-2,2-dimethylaminoethyl methacrylate, , , ,"GHS07,Wng",,,
1673,107-92-6,butyric acid, , , ,"GHS05,Dgr",,,
1674,141-75-3,butyryl chloride, , , ,"GHS02,GHS05,Dgr",,,
1675,105-45-3,methyl acetoacetate, , , ,"GHS07,Wng",,,
1676,592-34-7,butyl chloroformate, , , ,"GHS02,GHS06,GHS05,Dgr",,,
1677,598-78-7,2-chloropropionic acid, , , ,"GHS05,GHS07,Dgr",,,
1678,79-30-1,isobutyryl chloride, , , ,"GHS02,GHS05,Dgr",,,
1679,106-75-2,oxydiethylene bis(chloroformate), , , ,"GHS05,GHS07,GHS09,Dgr",,,
1680,109-61-5,propyl chloroformate, , , ,"GHS02,GHS06,GHS05,Dgr",,,
1681,109-52-4,valeric acid, , , ,"GHS05,Dgr",,,
1682,124-04-9,adipic acid, , , ,"GHS07,Wng",,,
1683,75-75-2,methanesulphonic acid, , , ,"GHS05,Dgr",,,
1684,110-17-8,fumaric acid, , , ,"GHS07,Wng",,,
1685,95-92-1,oxalic acid diethylester, , , ,"GHS07,Wng",,,
1686,50-01-1,guanidinium chloride, , , ,"GHS07,Wng",,,
1687,51-79-6,urethane, , , ,"GHS08,Dgr",,,
1688,145-73-3,endothal, , , ,"GHS06,Dgr",,,
1689,2312-35-8,propargite, , , ,"GHS06,GHS08,GHS05,GHS09,Dgr",,,
1690,50-31-7,"2,3,6-TBA", , , ,"GHS07,GHS09,Wng",,,
1691,5/6/3813,benazolin, , , ,"GHS07,Wng",,,
1692,22212-55-1,"ethyl N-benzoyl-N-(3,4-dichlorophenyl)-DL-alaninate", , , ,"GHS07,GHS09,Wng",,,
1693,2079-00-7,"3-(3-amino-5-(1-methylguanidino)-1-oxopentylamino-6-(4-amino-2-oxo-2,3-dihydro-pyrimidin-1-yl)-2,3-dihydro-(6H)-pyran-2-carboxylic acid", , , ,"GHS06,Dgr",,,
1694,80-33-1,chlorfenson, , , ,"GHS07,GHS09,Wng",,,
1695,56073-07-5,difenacoum, , , ,"GHS08,GHS06,GHS09,Dgr",,,
1696,3926-62-3,sodium salt of chloroacetic acid, , , ,"GHS06,GHS09,Dgr",,,
1697,510-15-6,chlorobenzilate, , , ,"GHS07,GHS09,Wng",,,
1698,51337-71-4,isobutyl 2-(4-(4-chlorophenoxy)phenoxy)propionate, , , ,"GHS07,Wng",,,
1699,75-99-0,dalapon, , , ,"GHS05,Dgr",,,
1700,127-20-8,dalapon, , , ,"GHS05,Dgr",,,
1701,520-45-6,"3-acetyl-6-methyl-2H-pyran-2,4(3H)-dione", , , ,"GHS07,Wng",,,
1702,4418-26-2,"sodium 1-(3,4-dihydro-6-methyl-2,4-dioxo-2H-pyran-3-ylidene)ethonolate", , , ,"GHS07,Wng",,,
1703,51338-27-3,diclofop-methyl, , , ,"GHS07,GHS09,Wng",,,
1704,1/6/2487,medinoterb acetate, , , ,"GHS06,Dgr",,,
1705,4312-97-4,sodium 3-chloroacrylate, , , ,"GHS07,Wng",,,
1706,83-59-0,"dipropyl 6,7-methylenedioxy-1,2,3,4-tetrahydro-3-methylnaphthalene-1,2-dicarboxylate", , , ,"GHS06,GHS09,Dgr",,,
1707,62-74-8,sodium fluoroacetate, , , ,"GHS06,GHS09,Dgr",,,
1708,31895-22-4,"bis(1,2,3-trithiacyclohexyldimethylammonium) oxalate", , , ,"GHS07,GHS09,Wng",,,
1709,56073-10-0,brodifacoum, , , ,"GHS08,GHS06,GHS09,Dgr",,,
1710,39562-27-1,methyl 2-(2-nitrobenzylidene)acetoacetate, , , ,"GHS07,GHS09,Wng",,,
1711,101200-48-0,tribenuron-methyl, , , ,"GHS07,GHS09,Wng",,,
1712,83055-99-6,"methyl α-((4,6-dimethoxypyrimidin-2-yl)ureidosulphonyl)-o-toluate", , , ,"GHS07,GHS09,Wng",,,
1713,95154-01-1,(benzothiazol-2-ylthio)succinic acid, , , ,"GHS07,Wng",,,
1714,96566-70-0,potassium 2-hydroxycarbazole-1-carboxylate, , , ,"GHS07,Wng",,,
1715,101513-70-6,"3,5-dichloro-2,4-difluorobenzoyl fluoride", , , ,"GHS06,GHS05,Dgr",,,
1716,85702-90-5,"S-(3-trimethoxysilyl)propyl 19-isocyanato-11-(6-isocyanatohexyl)-10,12-dioxo-2,9,11,13-tetraazanonadecanethioate", , , ,"GHS02,GHS08,Dgr",,,
1717,1117-37-9,ethyl trans-3-dimethylaminoacrylate, , , ,"GHS07,Wng",,,
1718,84087-01-4,quinclorac, , , ,"GHS07,Wng",,,
1719,62782-03-0,"bis(2,2,6,6-tetramethyl-4-piperidyl) succinate", , , ,"GHS07,Wng",,,
1720,1939-36-2,trimethylenediaminetetraacetic acid, , , ,"GHS05,GHS07,Dgr",,,
1721,77402-03-0,"methyl acrylamidomethoxyacetate (containing ≥ 0,1 % acrylamid)", , , ,"GHS08,GHS07,Dgr",,,
1722,100181-71-3,"isobutyl 3,4-epoxybutyrate", , , ,"GHS07,GHS09,Wng",,,
1723,92511-22-3,disodium N-carboxymethyl-N-(2-(2-hydroxyethoxy)ethyl)glycinate, , , ,"GHS05,Dgr",,,
1724,108-32-7,propylene carbonate, , , ,"GHS07,Wng",,,
1725,108-65-6,2-methoxy-1-methylethyl acetate, , , ,"GHS02,Wng",,,
1726,111-14-8,heptanoic acid, , , ,"GHS05,Dgr",,,
1727,112-05-0,nonanoic acid, , , ,"GHS07,Wng",,,
1728,121-79-9,"propyl 3,4,5-trihydroxybenzoate", , , ,"GHS07,Wng",,,
1729,1034-01-1,"octyl 3,4,5-trihydroxybenzoate", , , ,"GHS07,Wng",,,
1730,1166-52-5,"dodecyl 3,4,5-trihydroxybenzoate", , , ,"GHS07,Wng",,,
1731,463-71-8,thiocarbonyl chloride, , , ,"GHS06,Dgr",,,
1732,80387-97-9,"2-ethylhexyl[[[3,5-bis(1,1-dimethylethyl)-4-hydroxyphenyl]methyl]thio]acetate", , , ,"GHS08,GHS07,Dgr",,,
1733,96-34-4,methyl chloroacetate, , , ,"GHS02,GHS06,GHS05,Dgr",,,
1734,105-48-6,isopropyl chloroacetate, , , ,"GHS02,GHS06,Dgr",,,
1735,87237-48-7,haloxyfop-etotyl, , , ,"GHS07,GHS09,Wng",,,
1736,91853-67-7,"4,8,12-trimethyltrideca-3,7,11-trienoic acid, mixed isomers", , , ,"GHS07,GHS09,Wng",,,
1737,77402-05-2,"methyl acrylamidoglycolate (containing ≥ 0,1 % acrylamide)", , , ,"GHS08,GHS05,GHS07,Dgr",,,
1738,6386-39-6,methyl 3-(3-tert-butyl-4-hydroxy-5-methylphenyl)propionate, , , ,"GHS07,GHS09,Wng",,,
1739,67567-23-1,"ethyl 3,3-bis(tert-pentylperoxy)butyrate", , , ,"GHS02,GHS09,Dgr",,,
1740,19247-05-3,"N,N-hydrazinodiacetic acid", , , ,"GHS06,GHS08,Dgr",,,
1741,107551-67-7,3-(3-tert-butyl-4-hydroxyphenyl)propionic acid, , , ,"GHS07,Wng",,,
1742,15165-67-0,dichlorprop-P, , , ,"GHS05,GHS07,Dgr",,,
1743,62268-47-7,bis(2-ethylhexyl) dithiodiacetate, , , ,"GHS07,GHS09,Wng",,,
1744,63740-41-0,"6-(2,3-dimethylmaleimido)hexyl methacrylate", , , ,"GHS07,GHS09,Wng",,,
1745,118712-89-3,transfluthrin, , , ,"GHS07,GHS09,Wng",,,
1746,39562-17-9,methyl 2-(3-nitrobenzylidene)acetoacetate, , , ,"GHS07,GHS09,Wng",,,
1747,15980-11-7,3-azidosulfonylbenzoic acid, , , ,"GHS02,GHS08,GHS05,GHS07,Dgr",,,
1748,120447-91-8,potassium 2-amino-2-methylpropionate octahydrate, , , ,"GHS05,GHS07,Dgr",,,
1749,117-82-8,bis(2-methoxyethyl) phthalate, , , ,"GHS08,Dgr",,,
1750,88-10-8,diethylcarbamoyl chloride, , , ,"GHS08,GHS07,Wng",,,
1751,149-57-5,2-ethylhexanoic acid, , , ,"GHS08,Wng",,,
1752,1702-17-6,clopyralid, , , ,"GHS05,Dgr",,,
1753,55512-33-9,pyridate, , , ,"GHS07,GHS09,Wng",,,
1754,2499-95-8,hexyl acrylate, , , ,"GHS07,GHS09,Wng",,,
1755,467-69-6,flurenol, , , ,GHS09,,,
1756,137-05-3,mecrilate, , , ,"GHS07,Wng",,,
1757,7085-85-0,ethyl 2-cyanoacrylate, , , ,"GHS07,Wng",,,
1758,72850-64-7,benzyl 2-chloro-4-(trifluoromethyl)thiazole-5-carboxylate, , , ,GHS09,,,
1759,102851-06-9,tau-fluvalinate, , , ,"GHS07,GHS09,Wng",,,
1760,39515-41-8,fenpropathrin, , , ,"GHS06,GHS09,Dgr",,,
1761,1694-82-2,"cis-1,2,3,6-tetrahydro-4-methylphthalic anhydride", , , ,"GHS08,GHS05,Dgr",,,
1762,3425-89-6,"cis-1,2,3,6-tetrahydro-4-methylphthalic anhydride", , , ,"GHS08,GHS05,Dgr",,,
1763,5333-84-6,"cis-1,2,3,6-tetrahydro-4-methylphthalic anhydride", , , ,"GHS08,GHS05,Dgr",,,
1764,11070-44-3,"cis-1,2,3,6-tetrahydro-4-methylphthalic anhydride", , , ,"GHS08,GHS05,Dgr",,,
1765,26590-20-5,"cis-1,2,3,6-tetrahydro-4-methylphthalic anhydride", , , ,"GHS08,GHS05,Dgr",,,
1766,34090-76-1,"cis-1,2,3,6-tetrahydro-4-methylphthalic anhydride", , , ,"GHS08,GHS05,Dgr",,,
1767,42498-58-8,"cis-1,2,3,6-tetrahydro-4-methylphthalic anhydride", , , ,"GHS08,GHS05,Dgr",,,
1768,19438-60-9,hexahydro-4-methylphthalic anhydride, , , ,"GHS08,GHS05,Dgr",,,
1769,25550-51-0,hexahydro-4-methylphthalic anhydride, , , ,"GHS08,GHS05,Dgr",,,
1770,48122-14-1,hexahydro-4-methylphthalic anhydride, , , ,"GHS08,GHS05,Dgr",,,
1771,57110-29-9,hexahydro-4-methylphthalic anhydride, , , ,"GHS08,GHS05,Dgr",,,
1772,117-08-8,tetrachlorophthalic anhydride, , , ,"GHS08,GHS05,GHS09,Dgr",,,
1773,29590-42-9,isooctyl acrylate, , , ,"GHS07,GHS09,Wng",,,
1774,1663-39-4,tert-butyl acrylate, , , ,"GHS02,GHS07,GHS09,Dgr",,,
1775,96-05-9,allyl methacrylate, , , ,"GHS02,GHS06,GHS09,Dgr",,,
1776,142-90-5,dodecyl methacrylate, , , ,"GHS07,GHS09,Wng",,,
1777,132-67-2,naptalam-sodium, , , ,"GHS07,Wng",,,
1778,42978-66-5,"(1-methyl-1,2-ethanediyl)bis[oxy(methyl-2,1-ethanediyl)] diacrylate", , , ,"GHS07,GHS09,Wng",,,
1779,118-48-9,"4H-3,1-benzoxazine-2,4(1H)-dione", , , ,"GHS07,Wng",,,
1780,70657-70-4,2-methoxypropyl acetate, , , ,"GHS02,GHS08,GHS07,Dgr",,,
1781,91465-08-6,lambda-cyhalothrin, , , ,"GHS06,GHS09,Dgr",,,
1782,68359-37-5,cyfluthrin, , , ,"GHS06,GHS09,Dgr",,,
1783,131860-33-8,azoxystrobin, , , ,"GHS06,GHS09,Dgr",,,
1784,637-78-5,isopropyl propionate, , , ,"GHS02,Dgr",,,
1785,105560-93-8,"methyl 2R,3S-(-)-3-(4-methoxyphenyl)oxiranecarboxylate", , , ,"GHS05,GHS07,Dgr",,,
1786,39562-16-8,ethyl 2-(3-nitrobenzylidene)acetoacetate, , , ,"GHS05,GHS07,Dgr",,,
1787,118832-72-7,"iso(C10-C14)alkyl (3,5-di-tert-butyl-4-hydroxyphenyl)methylthioacetate", , , ,"GHS09,Wng",,,
1788,86393-33-1,"7-chloro-1-cyclopropyl-6-fluoro-1,4-dihydro-4-oxoquinoline-3-carboxylic acid", , , ,"GHS07,Wng",,,
1789,53250-83-2,2-chloro-4-(methylsulfonyl)benzoic acid, , , ,"GHS05,Dgr",,,
1790,52460-86-3,"ethyl-2-chloro-2,2-diphenylacetate", , , ,"GHS07,Wng",,,
1791,130296-87-6,"reaction mass of: hydroxyaluminium bis[2-hydroxy-3,5-di-tert-butylbenzoate]", , , ,"GHS07,GHS09,Wng",,,
1792,33610-13-8,"tert-butyl (5S,6R,7R)-3-bromomethyl-5,8-dioxo-7-(2-(2-phenylacetamido)-5-thia-1-azabicyclo[4.2.0] oct-2-ene-2-carboxylate", , , ,"GHS08,Dgr",,,
1793,61597-96-4,2-methylpropyl (R)-2-hydroxypropanoate, , , ,"GHS07,Wng",,,
1794,94050-90-5,(R)-2-(4-hydroxyphenoxy)propanoic acid, , , ,"GHS05,Dgr",,,
1795,90498-90-1,"3,9-bis(2-(3-(3-tert-butyl-4-hydroxy-5-methylphenyl)propionyloxy-1,1-dimethylethyl)-2,4,8,10- tetraoxaspiro[5.5]undecane", , , ,"GHS07,Wng",,,
1796,156324-82-2,2-isopropyl-5-methylcyclohexyloxycarbonyloxy-2-hydroxypropane, , , ,"GHS07,GHS09,Wng",,,
1797,81406-37-3,fluroxypyr-meptyl, , , ,"GHS09,Wng",,,
1798,154486-27-8,fluroxypyr-meptyl, , , ,"GHS09,Wng",,,
1799,54527-73-0,2-(N-benzyl-N-methylamino)ethyl 3-amino-2-butenoate, , , ,"GHS07,GHS09,Wng",,,
1800,66531-87-1,sodium benzoyloxybenzene-4-sulfonate, , , ,"GHS07,Wng",,,
1801,54322-20-2,sodium 4-chloro-1-hydroxybutane-1-sulfonate, , , ,"GHS07,Wng",,,
1802,127519-17-9,"reaction mass of branched and linear C7-C9 alkyl 3-[3-(2H-benzotriazol-2-yl)-5-(1,1-dimethylethyl)-4-hydroxyphenyl]propionates", , , ,GHS09,,,
1803,15121-89-8,E-ethyl-4-oxo-4-phenylcrotonate, , , ,"GHS05,GHS07,GHS09,Dgr",,,
1804,136213-76-8,"reaction mass of: sodium 3,3'-(1,4-phenylenebis(carbonylimino-3,1-propanediylimino))bis(10-amino-6,13-dichloro-4,11-triphenodioxazinedisulfonate)", , , ,GHS09,,,
1805,141880-36-6,"reaction mass of: sodium/potassium 7-[[[3-[[4-((2-hydroxy-naphthyl)azo)phenyl]azo]phenyl]sulfonyl]amino]-naphthalene-1,3-disulfonate", , , ,"GHS07,Wng",,,
1806,148732-74-5,"Tetrasodium (c-(3-(1-(3-(e-6-dichloro-5-cyanopyrimidin-f-yl(methyl)amino)propyl)-1,6-dihydro-2-hydroxy-4-methyl-6-oxo-3-pyridylazo)-4-sulfonatophenylsulfamoyl)phthalocyanine-a,b,d-trisulfonato(6-))nickelato II, where a is 1 or 2 or 3 or 4,b is 8 or 9 or 10 or 11,c is 15 or 16 or 17 or 18, d is 22 or 23 or 24 or 25 and where e and f together are 2 and 4 or 4 and 2 respectively", , , ,"GHS07,Wng",,,
1807,92761-26-7,"(E-E)-3,3'-(1,4-phenylenedimethylidene)bis(2-oxobornane-10-sulfonic acid)", , , ,"GHS05,Dgr",,,
1808,97101-46-7,methyl 3-(acetylthio)-2-methyl-propanoate, , , ,"GHS07,GHS09,Wng",,,
1809,93107-30-3,"1-cyclopropyl-6,7-difluoro-1,4-dihydro-4-oxoquinoline-3-carboxylic acid", , , ,"GHS08,Wng",,,
1810,69806-50-4,fluazifop-butyl, , , ,"GHS08,GHS09,Dgr",,,
1811,79241-46-6,fluazifop-P-butyl, , , ,"GHS08,GHS09,Wng",,,
1812,84332-86-5,chlozolinate, , , ,"GHS08,GHS09,Wng",,,
1813,50471-44-8,vinclozolin, , , ,"GHS08,GHS07,GHS09,Dgr",,,
1814,128639-02-1,carfentrazone-ethyl, , , ,"GHS09,Wng",,,
1815,143390-89-0,kresoxim-methyl, , , ,"GHS08,GHS09,Wng",,,
1816,25059-80-7,benazolin-ethyl, , , ,GHS09,,,
1817,625-45-6,methoxyacetic acid, , , ,"GHS08,GHS05,GHS07,Dgr",,,
1818,40292-82-8,neodecanoyl chloride, , , ,"GHS06,GHS06,Dgr",,,
1819,26225-79-6,ethofumesate, , , ,GHS09,,,
1820,1071-83-6,glyphosate, , , ,"GHS05,GHS09,Dgr",,,
1821,81591-81-3,glyphosate-trimesium, , , ,"GHS07,GHS09,Wng",,,
1822,117-81-7,bis(2-ethylhexyl) phthalate, , , ,"GHS08,Dgr",,,
1823,84-74-2,dibutyl phthalate, , , ,"GHS08,GHS09,Dgr",,,
1824,52918-63-5,deltamethrin, , , ,"GHS06,GHS09,Dgr",,,
1825,130066-57-8,"bis[4-(ethenyloxy)butyl] 1,3-benzenedicarboxylate", , , ,"GHS07,GHS09,Wng",,,
1826,73246-45-4,(S)-methyl-2-chloropropionate, , , ,"GHS02,GHS08,Wng",,,
1827,107144-30-9,"4-(4,4-dimethyl-3-oxo-pyrazolidin-1-yl)-benzoic acid", , , ,"GHS07,GHS09,Wng",,,
1828,29617-66-1,(S)-2-chloropropionic acid, , , ,"GHS05,GHS07,Dgr",,,
1829,141847-13-4,"reaction mass of: isobutyl hydrogen 2-(α-2,4,6-trimethylnon-2-enyl)succinate", , , ,"GHS05,GHS09,Dgr",,,
1830,127047-77-2,"2-(2-iodoethyl)-1,3-propanediol diacetate", , , ,"GHS07,GHS09,Wng",,,
1831,70264-94-7,methyl 4-bromomethyl-3-methoxybenzoate, , , ,"GHS05,GHS07,GHS09,Dgr",,,
1832,79815-20-6,"(S)-2,3-dihydro-1H-indole-2-carboxylic acid", , , ,"GHS08,GHS07,Wng",,,
1833,50715-28-1,cyclopentyl chloroformate, , , ,"GHS02,GHS06,GHS08,GHS05,Dgr",,,
1834,100501-62-0,"ethyl 1-ethyl-6,7,8-trifluoro-1,4-dihydro-4-oxoquinoline-3-carboxylate", , , ,"GHS07,Wng",,,
1835,72619-32-0,methyl (R)-2-(4-(3-chloro-5-trifluoromethyl-2-pyridyloxy)phenoxy)propionate, , , ,"GHS07,GHS09,Wng",,,
1836,122760-85-4,"4-methyl-8-methylenetricyclo[3.3.1.13,7]dec-2-yl acetate", , , ,"GHS07,GHS09,Wng",,,
1837,125078-60-6,di-tert-(C12-14)-alkylammonium 2-benzothiazolylthiosuccinate, , , ,"GHS02,GHS05,GHS07,GHS09,Dgr",,,
1838,72531-53-4,2-methylpropyl 2-hydroxy-2-methylbut-3-enoate, , , ,"GHS07,Wng",,,
1839,42221-52-3,"2,3,4,5-tetrachlorobenzoylchloride", , , ,"GHS05,GHS07,Dgr",,,
1840,26116-56-3,(9S)-9-amino-9-deoxyerythromycin, , , ,"GHS05,GHS09,Dgr",,,
1841,69788-75-6,4-chlorobutyl veratrate, , , ,"GHS07,GHS09,Wng",,,
1842,113963-87-4,"potassium 2-(2,4-dichlorophenoxy)-(R)-propionate", , , ,"GHS05,GHS07,Dgr",,,
1843,119299-10-4,"sodium (R)-2-(2,4-dichlorophenoxy)propionate", , , ,"GHS05,GHS07,Dgr",,,
1844,136210-32-7,"bis(4-(1,2-bis(ethoxycarbonyl)ethylamino)-3-methylcyclohexyl)methane", , , ,"GHS07,Wng",,,
1845,69184-17-4,"methyl O-(4-amino-3,5-dichloro-6-fluoropyridin-2-yloxy)acetate", , , ,GHS09,,,
1846,80657-64-3,"reaction mass of: ethyl exo-tricyclo[5.2.1.02,6]decane-endo-2-carboxylate", , , ,"GHS07,GHS09,Wng",,,
1847,2511-00-4,ethyl 2-cyclohexylpropionate, , , ,GHS09,,,
1848,15024-10-9,p-tolyl 4-chlorobenzoate, , , ,"GHS07,GHS09,Wng",,,
1849,131766-73-9,reaction mass of: trans-4-acetoxy-4-methyl-2-propyl-tetrahydro-2H-pyran, , , ,"GHS07,Wng",,,
1850,54275-93-3,"(1S,3S,5R,6R)-(4-nitrophenylmethyl)-1-dioxo-6-phenylacetamido-penam-3-carboxylate", , , ,"GHS08,Dgr",,,
1851,76109-32-5,"(1S,4R,6R,7R)-(4-nitrophenylmethyl)3-methylene-1-oxo-7-phenylacetamido-cepham-4-carboxylateido-penam-3-carboxylate", , , ,"GHS08,Dgr",,,
1852,133167-77-8,sodium 3-acetoacetylamino-4-methoxytolyl-6-sulfonate, , , ,"GHS07,Wng",,,
1853,96562-58-2,methyl (R)-2-(4-hydroxyphenoxy)propionate, , , ,"GHS05,Dgr",,,
1854,5788-17-0,methyl-3-methoxyacrylate, , , ,"GHS07,Wng",,,
1855,119154-86-8,"2-(2-amino-1,3-thiazol-4-yl)-(Z)-2-methoxyiminoacetyl chloride hydrochloride", , , ,"GHS05,GHS07,Dgr",,,
1856,6613-44-1,"3,5-dimethylbenzoyl chloride", , , ,"GHS05,GHS07,Dgr",,,
1857,153352-59-1,"potassium bis(N-carboxymethyl)-N-methyl-glycinato-(2-)N,O,O,N)-ferrate-(1-) monohydrate", , , ,"GHS07,Wng",,,
1858,110895-43-7,"1-(N,N-dimethylcarbamoyl)-3-tert-butyl-5-carbethoxymethylthio-1H-1,2,4-triazole", , , ,"GHS06,GHS09,Dgr",,,
1859,147027-04-1,"reaction mass of: trans-(2R)-5-acetoxy-1,3-oxathiolane-2-carboxylic acid", , , ,"GHS05,GHS07,Dgr",,,
1860,41620-33-1,"2-[[2-(acetyloxy)-3-(1,1-dimethyl-ethyl)-5-methylphenyl]methyl]-6-(1,1-dimethylethyl)-4-methylphenol", , , ,"GHS09,Wng",,,
1861,119738-06-6,quizalofop-P-tefuryl, , , ,"GHS08,GHS07,GHS09,Wng",,,
1862,37441-29-5,"5-amino-2,4,6-triiodo-1,3-benzenedicarbonyldichloride", , , ,"GHS07,GHS09,Wng",,,
1863,90035-08-8,flocoumafen, , , ,"GHS08,GHS06,GHS09,Dgr",,,
1864,23085-60-1,"benzyl 2,4-dibromobutanoate", , , ,"GHS08,GHS07,GHS09,Wng",,,
1865,90657-55-9,trans-4-cyclohexyl-L-proline monohydrochloride, , , ,"GHS08,GHS05,GHS07,Dgr",,,
1866,97148-39-5,ammonium (Z)-α-methoxyimino-2-furylacetate, , , ,"GHS02,Dgr",,,
1867,117907-43-4,2-((4-amino-2-nitrophenyl)amino)benzoic acid, , , ,"GHS05,GHS07,Dgr",,,
1868,86403-32-9,"reaction mass of: 2,2,6,6-tetramethylpiperidin-4-yl-hexadecanoate", , , ,"GHS05,GHS07,GHS09,Dgr",,,
1869,125229-74-5,Copolymer of vinyl-alcohol and vinyl acetate partially acetilized with 4-(2-(4-formylphenyl)ethenyl)-1-methylpyridinium methylsulfate, , , ,GHS09,,,
1870,174591-51-6,reaction mass of: tetradecanoic acid (42.5-47.5 %), , , ,"GHS05,GHS07,GHS09,Dgr",,,
1871,58856-63-6,reaction mass of: dodecanoic acid (35-40 %), , , ,"GHS05,GHS07,GHS09,Dgr",,,
1872,2788-74-1,4-ethylamino-3-nitrobenzoic acid, , , ,"GHS07,Wng",,,
1873,119710-96-2,"trisodium N,N-bis(carboxymethyl)-3-amino-2-hydroxypropionate", , , ,"GHS07,Wng",,,
1874,41959-35-7,"1,2,3,4-tetrahydro-6-nitro-quinoxaline", , , ,"GHS07,GHS09,Wng",,,
1875,106447-44-3,3-(cis-1-propenyl)-7-amino-8-oxo-5-thia-1-azabicyclo[4.2.0]oct-2-ene-2-carboxylic acid, , , ,"GHS07,Wng",,,
1876,5521-55-1,5-methylpyrazine-2-carboxylic acid, , , ,"GHS05,Dgr",,,
1877,147783-69-5,"bis(1,2,2,6,6-pentamethyl-4-piperidinyl) 2-(4-methoxybenzylidene)malonate", , , ,"GHS09,Wng",,,
1878,125630-94-6,"ethyl N-(5-chloro-3-(4-(diethylamino)-2-methylphenylimino)-4-methyl-6-oxo-1,4-cyclohexadienyl)carbamate", , , ,"GHS09,Wng",,,
1879,104468-21-5,"2,2-dimethyl 3-methyl-3-butenyl propanoate", , , ,"GHS07,Wng",,,
1880,32750-89-3,methyl 3-[[(dibutylamino)thioxomethyl]thio]propanoate, , , ,"GHS09,Wng",,,
1881,88805-65-6,ethyl 3-hydroxy-5-oxo-3-cyclohexene-1-carboxylate, , , ,"GHS05,GHS07,Dgr",,,
1882,148348-12-3,2-hexyldecyl-p-hydroxybenzoate, , , ,GHS09,,,
1883,184637-62-5,"potassium 2,5-dichlorobenzoate", , , ,"GHS05,GHS07,Dgr",,,
1884,143468-96-6,ethyl 2-carboxy-3-(2-thienyl)propionate, , , ,"GHS05,GHS07,Dgr",,,
1885,184637-63-6,potassium N-(4-fluorophenyl)glycinate, , , ,"GHS08,GHS05,GHS07,Dgr",,,
1886,779343-34-9,mono[2-(dimethylamino)ethyl]monohydrogen-2-(hexadec-2-enyl)butanedioate and/or mono[2-(dimethylamino)ethyl]monohydrogen-3-(hexadec-2-enyl)butanedioate, , , ,"GHS05,GHS07,GHS09,Dgr",,,
1887,70987-78-9,"oxiranemethanol, 4-methylbenzene-sulfonate, (S)-", , , ,"GHS08,GHS05,GHS07,GHS09,Dgr",,,
1888,133481-10-4,ethyl 2-(1-cyanocyclohexyl)acetate, , , ,"GHS08,GHS07,Wng",,,
1889,96314-26-0,trans-4-phenyl-L-proline, , , ,"GHS08,GHS07,Wng",,,
1890,628-11-5,3-chloropropyl chloroformiate, , , ,"GHS06,GHS05,GHS08,Dgr",,,
1891,26218-04-2,2-ethylhexyl 4-aminobenzoate, , , ,"GHS09,Wng",,,
1892,166596-68-5,"(3'-carboxymethyl-5-(2-(3-ethyl-3H-benzothiazol-2-ylidene)-1-methyl-ethylidene)-4,4'-dioxo-2'-thioxo-(2,5')bithiazolidinyliden-3-yl)-acetic acid", , , ,"GHS05,GHS07,Dgr",,,
1893,10097-02-6,"2,2-bis(hydroxymethyl)butanoic acid", , , ,"GHS05,Dgr",,,
1894,52315-07-8,cypermethrin cis/trans +/- 40/60, , , ,"GHS07,GHS09,Wng",,,
1895,67375-30-8,α-cypermethrin, , , ,"GHS06,GHS08,GHS09,Dgr",,,
1896,141517-21-7,trifloxystrobin, , , ,"GHS07,GHS09,Wng",,,
1897,57837-19-1,metalaxyl, , , ,"GHS07,Wng",,,
1898,84777-06-0,"1,2-benzenedicarboxylic acid, dipentylester, branched and linear", , , ,"GHS08,GHS09,Dgr",,,
1899,131-18-0,"1,2-benzenedicarboxylic acid, dipentylester, branched and linear", , , ,"GHS08,GHS09,Dgr",,,
1900,605-50-5,"1,2-benzenedicarboxylic acid, dipentylester, branched and linear", , , ,"GHS08,GHS09,Dgr",,,
1901,56634-95-8,bromoxynil heptanoate, , , ,"GHS08,GHS07,GHS09,Wng",,,
1902,64-02-8,tetrasodium ethylene diamine tetraacetate, , , ,"GHS05,GHS07,Dgr",,,
1903,60-00-4,edetic acid, , , ,"GHS07,Wng",,,
1904,85-68-7,BBP, , , ,"GHS08,GHS09,Dgr",,,
1905,23031-36-9,prallethrin, , , ,"GHS06,GHS09,Dgr",,,
1906,87392-12-9,S-metolachlor, , , ,"GHS07,GHS09,Wng",,,
1907,178961-20-1,S-metolachlor, , , ,"GHS07,GHS09,Wng",,,
1908,16484-77-8,mecoprop-P, , , ,"GHS05,GHS07,GHS09,Dgr",,,
1909,111969-64-3,"2S-isopropyl-5R-methyl-1R-cyclohexyl 2,2-dihydroxyacetate", , , ,"GHS08,GHS05,GHS09,Dgr",,,
1910,252977-62-1,3-(4-aminophenyl)-2-cyano-2-propenoic acid, , , ,"GHS07,Wng",,,
1911,112941-26-1,methyl-2-[(aminosulfonyl)methyl]benzoate, , , ,"GHS07,Wng",,,
1912,37443-42-8,methyl tetrahydro-2-furancarboxylate, , , ,"GHS05,Dgr",,,
1913,144740-59-0,methyl 2-aminosulfonyl-6-(trifluoromethyl)pyridine-3-c arboxylate, , , ,"GHS07,GHS09,Wng",,,
1914,87460-09-1,benzyl [hydroxy-(4-phenylbutyl)phosphinyl] acetate, , , ,"GHS05,Dgr",,,
1915,77214-82-5,Iron (III) tris(4-methylbenzenesulfonate), , , ,"GHS05,Dgr",,,
1916,155522-12-6,methyl 2-[4-(2-chloro-4-nitrophenylazo)-3-(1-oxopropyl)amino]phenylaminopropionate, , , ,"GHS07,Wng",,,
1917,156738-27-1,sodium 4-[4-(4-hydroxyphenylazo)phenylamino]-3-nitrobenzenesulfonate, , , ,"GHS07,Wng",,,
1918,652-18-6,"2,3,5,6-tetrafluorobenzoic acid", , , ,"GHS05,Dgr",,,
1919,161935-19-9,"4-[4-amino-5-hydroxy-3-(4-(2-sulfoxyethylsulfonyl)phenylazo)-2,7-disulfonapht-6-ylazo]-6-[3-(4-amino-5-hydroxy-3-(4-(2-sulfoxyethylsulfonyl)phenylazo)-2,7-disulfonapht-6-ylazo]phenylcarbonylamino]benzenesulfonic acid, sodium salt", , , ,"GHS05,GHS07,Dgr",,,
1920,172964-15-7,"4-benzyl-2,6-dihydroxy-4-aza-heptylene bis(2,2-dimethyloctanoate)", , , ,"GHS07,Wng",,,
1921,116193-72-7,"reaction mass of: trans-2-(1-methylethyl)-1,3-dioxane-5-carboxylic acid", , , ,"GHS05,Dgr",,,
1922,172890-93-6,"1-amino-4-(3-[4-chloro-6-(2,5-di-sulfophenylamino)-1,3,5-triazin-2-ylamino]-2,2-dimethyl-propylamino)-anthraquinone-2-sulfonic acid, sodium/lithiumsalt", , , ,"GHS07,Wng",,,
1923,143269-74-3,"3-amino-4-chlorobenzoic acid, hexadecyl ester", , , ,GHS09,,,
1924,172277-97-3,"tetrasodium dihydrogen 1,1''-dihydroxy-8,8''-[p-phenylbis(imino-{}{6-[4-(2-aminoethyl)piperazin-1-yl]}}-1,3,5-triazine-4,2-diyl-imino)]bis(2,2'-azonaphthalene-1',3,6-trisulfonate)", , , ,"GHS05,GHS09,Dgr",,,
1925,778577-53-0,3-tridecyloxy-propyl-ammonium 9-octadecenoate, , , ,"GHS08,GHS07,GHS09,Wng",,,
1926,88230-35-7,reaction mass of: 1-hexyl acetate, , , ,GHS09,,,
1927,362-03-8,3-(phenothiazin-10-yl)propionic acid, , , ,GHS09,,,
1928,56533-00-7,"1,1,3,3-tetrabutyl-1,3-ditinoxydicaprylate", , , ,"GHS08,GHS05,GHS07,GHS09,Dgr",,,
1929,154336-20-6,"potassium sodium 6,13-dichloro-3,10-bis{}{2-[4-[3-(2-hydroxysulphonyloxyethanesulfonyl)phenylamino]-6-(2,5-disulfonatophenylamino)-1,3,5-triazin-2-ylamino]ethylamino}}benzo[5,6][1,4]oxazino[2,3-b]phenoxazine-4,11-disulfonate", , , ,"GHS05,Dgr",,,
1930,151900-44-6,"1,6-bis((dibenzylthiocarbamoyl)disulfanyl)hexane", , , ,-,,,
1931,187412-41-5,"pentaerythritol, dipentaerythritol, fatty acids, C6-10, mixed esters with adipic acid, heptanoic acid and isostearic acid", , , ,"GHS07,Wng",,,
1932,148878-18-6,"reaction mass of: tetrasodium 7-(4-[4-chloro-6-[methyl-(3-sulfonatophenyl)amino]-1,3,5-triazin-2-ylamino]-2-ureidophenylazo)naphthalene-1,3,6-trisulfonate", , , ,"GHS07,Wng",,,
1933,129050-62-0,"trisodium N,N-bis(carboxymethyl)-β-alanine", , , ,"GHS05,Dgr",,,
1934,79723-02-7,tetramethylammonium hydrogen phthalate, , , ,"GHS06,GHS08,GHS09,Dgr",,,
1935,68515-42-4,"1,2-benzenedicarboxylic acid", , , ,"GHS08,Dgr",,,
1936,84793-24-8,N-[1-(S)-ethoxycarbonyl-3-phenylpropyl]-.sc.l.sc.-alanyl-N-carboxyanhydride, , , ,"GHS05,GHS07,Dgr",,,
1937,71888-89-6,"1,2-benzenedicarboxylic acid", , , ,"GHS08,Dgr",,,
1938,221452-67-1,"ethyl 2-{[3-acetylamino-4-(6-bromo-2-methyl-1,3-dioxo-2,3-dihydro-1H-isoindol-5-ylazo)phenyl]ethylamino}propionate", , , ,-,,,
1939,110081-40-8,"potassium sodium 5'-(6-chloro-4-(2-(2-vinylsulfonylethoxy)ethylamino)-1,3,5-triazin-2-ylamino)-4'-hydroxy-2,3'-azodinaphthalene-1,2',5,7'-disulfonate", , , ,-,,,
1940,147379-38-2,ethyl (2-acetylamino-5-fluoro-4-isothiocyanatophenoxy)acetate, , , ,"GHS09,Wng",,,
1941,71302-79-9,"reaction mass of: 2-ethylhexyl linolenate, linoleate and oleate", , , ,"GHS07,Wng",,,
1942,141773-73-1,"2-(1-(3',3'-dimethyl-1'-cyclohexyl)ethoxy)-2-methyl propyl propanoate", , , ,GHS09,,,
1943,78850-37-0,"methyl (3aR,4R,7aR)-2-methyl-4-(1S,2R,3-triacetoxypropyl)-3a,7a-dihydro-4H-pyrano[3,4-d]oxazole-6-carboxylate", , , ,"GHS05,Dgr",,,
1944,52894-02-7,bis(2-ethylhexyl)octylphosphonate, , , ,"GHS09,Wng",,,
1945,168151-92-6,sodium 4-sulfophenyl-6-((1-oxononyl)amino)hexanoate, , , ,"GHS07,Wng",,,
1946,3681-73-0,"(E)-3,7-dimethyl-2,6-octadienylhexadecanoate", , , ,"GHS07,Wng",,,
1947,178277-55-9,"(N-benzyl-N,N,N-tributyl)ammonium 4-dodecylbenzenesulfonate", , , ,"GHS05,GHS07,GHS09,Dgr",,,
1948,68957-94-8,"2,4,6-tri-n-propyl-2,4,6-trioxo-1,3,5,2,4,6-trioxatriphosphorinane", , , ,"GHS05,Dgr",,,
1949,187026-95-5,"potassium,sodium 2,4-diamino-3-[4-(2-sulfonatoethoxysulfonyl)phenylazo]-5-[4-(2-sulfonatoethoxysulfonyl)-2-sulfonatophenylazo]-benzenesulfonate", , , ,"GHS05,Dgr",,,
1950,88938-23-2,2-phenoxyethyl 4-aminobenzoate, , , ,GHS09,,,
1951,76646-91-8,"(2S,5R)-6,6-dibromo-3,3-dimethyl-7-oxo-4-thia-1-azabicyclo[3.2.0]heptane-2-carboxylic acid 4,4-dioxide", , , ,"GHS05,GHS07,Dgr",,,
1952,134841-35-3,potassium N-(1-methoxy-1-oxobut-2-en-3-yl)valinate, , , ,"GHS07,Wng",,,
1953,147732-60-3,reaction mass of: disodium hexyldiphenyl ether disulphonate, , , ,"GHS07,GHS09,Wng",,,
1954,105996-54-1,"N,N'-bis(trifluoroacetyl)-S,S'-bis L-homocysteine", , , ,"GHS05,GHS07,Dgr",,,
1955,76932-17-7,(S)-α-(acetylthio)benzenepropanoic acid, , , ,"GHS05,GHS07,Dgr",,,
1956,302-97-6,3-oxoandrost-4-ene-17-ß-carboxylic acid, , , ,"GHS08,Wng",,,
1957,176429-27-9,"poly-[((4-((4-ethyl-ethylene)amino)phenyl)-((4-(ethyl-(2-oxyethylene)amino)phenyl)methinyl)cyclohexa-2,5-dienylidene)-N-ethyl-N-(2-hydroxyethyl)ammonium acetate]", , , ,"GHS05,GHS07,GHS09,Dgr",,,
1958,136210-30-5,"tetraethyl N,N'-(methylenedicyclohexane-4,1-diyl)bis-.sc.dl.sc.-aspartate", , , ,"GHS07,Wng",,,
1959,184246-86-4,"sodium salt of the polymer of: sodium 2-methyl-buta-1,3-diene-1-sulfonate with acrylic acid and 2-hydroxyethyl-2-methylacrylate", , , ,-,,,
1960,64485-90-1,(Z)-2-methoxymino-2-[2-(tritylamino)thiazol-4-yl]acetic acid, , , ,"GHS02,GHS08,Dgr",,,
1961,15263-53-3,cartap, , , ,"GHS09,Wng",,,
1962,192725-50-1,(S)-3-methyl-2-(2-oxotetrahydropyrimidine-1-yl)butyric acid, , , ,"GHS05,Dgr",,,
1963,67299-45-0,benzyl cis-4-ammonium-4'-toluenesulfonato-1-cyclohexanecarboxylate, , , ,-,,,
1964,125643-61-0,"reaction mass of isomers of: C7-9-alkyl 3-(3,5-di-tert-butyl-4-hydroxyphenyl)propionate", , , ,-,,,
1965,119916-05-1,"methyl 3-amino-4,6-dibromo-2-methyl-benzoate", , , ,"GHS08,GHS09,Wng",,,
1966,167944-94-7,"(S)-1-[2-tert-butoxycarbonyl-3-(2-methoxyethoxy)propyl]-1-cyclopentanecarboxylic acid, cyclohexylamine salt", , , ,-,,,
1967,60658-04-0,ethyl 2-(3-benzoylphenyl)propanoate, , , ,"GHS06,GHS08,GHS09,Dgr",,,
1968,13335-71-2,"(2,6-xylyloxy) acetic acid", , , ,"GHS05,GHS07,Dgr",,,
1969,198705-81-6,propyl((4-(5-oxo-3-propylisoxazolidin-4-ylidenmethin)phenyl)propoxycarbonylmethyleneamino)acetate, , , ,-,,,
1970,162515-68-6,1-(mercaptomethyl)cyclopropylacetic acid, , , ,"GHS05,GHS07,GHS09,Dgr",,,
1971,28698-31-9,"[(1-methyl-1,2-ethanediyl)bis[nitrilobis(methylene)]]tetrakis(phosphonic acid)", , , ,"GHS05,GHS09,Dgr",,,
1972,176429-22-4,"poly-[((4-((4-(ethyl-ethylene)amino)phenyl)-(4-(ethyl-(2-oxyethylene)amino)phenyl)methinyl)-3-methylcyclohexa-2,5-dienylidene)-N-ethyl-N-(2-hydroxyethyl)ammonium acetate]", , , ,"GHS05,GHS07,GHS09,Dgr",,,
1973,158585-86-5,"ethyl 6,8-difluoro-1-(formylmethylamino)-1,4-dihydro-7-(4-methyl)piperazin-1-yl)-4-oxo-quinoline-3-carboxylate", , , ,-,,,
1974,94346-09-5,"1,2-dimethyl-3-(1-methylethenyl)cyclopentyl acetate", , , ,"GHS07,GHS09,Wng",,,
1975,188070-47-5,reaction mass of: methyl {[5-acetylamino-4-(2-chloro-4-nitrophenylazo)phenyl]methoxycarbonylmethylamino}acetate, , , ,"GHS07,Wng",,,
1976,125496-22-2,"18-methylnonadecyl 2,2-dimethylpropanoate", , , ,"GHS07,Wng",,,
1977,154486-26-7,"1-(2,4-dichlorophenyl)-2-(1H-imidazol-1-yl)ethanone methanesulfonate", , , ,"GHS05,GHS07,GHS09,Dgr",,,
1978,125778-19-0,"methyl (E)-2((3-(1,3-benzodioxol-5-yl)-2-methyl-1-propenyl)amino)benzoate", , , ,"GHS09,Wng",,,
1979,156126-48-6,tetrabutylammonium 2-amino-6-iodopurinate, , , ,"GHS05,GHS08,GHS07,GHS09,Dgr",,,
1980,27624-67-5,"2,4-diamino-5-[4-[(2-sulfoxyl ethyl)sulfonyl]phenylazo]benzenesulfonic acid", , , ,"GHS01,GHS05,Dgr",,,
1981,22288-41-1,"1,1,3,3-tetramethylbutylperoxypivalate", , , ,"GHS02,GHS07,GHS09,Dgr",,,
1982,24085-06-1,2-acetoxymethylene-4-acetylphenylacetate, , , ,"GHS05,GHS08,GHS07,GHS09,Dgr",,,
1983,169939-84-8,"salt of: (1S-cis)-1-amino-2,3-dihydro-1H-inden-2-ol and [R-[R*R*]]-2,3-dihydroxybutanedioic acid", , , ,"GHS07,Wng",,,
1984,147027-10-9,"2S-isopropyl-5R-methyl-1R-cyclohexyl (2R,5S)-5-(4-amino-2-oxo-2H-pyrimidin-1-yl)-[1.3]-oxathiolane-2-carboxylate", , , ,GHS09,,,
1985,179986-09-5,"coconut oil, reaction products with glycerol esters of 3,5-bis(1,1-dimethylethyl)-4-hydroxybenzenepropanoic acid", , , ,-,,,
1986,50905-10-7,"(R,S)-2-butyloctanedioic acid", , , ,"GHS05,Dgr",,,
1987,98769-75-6,"reaction mass of: (2R,3R)-3-(2-ethoxyphenoxy)-2-hydroxy-3-phenylpropylammonium methanesulfonate", , , ,"GHS05,GHS07,GHS09,Dgr",,,
1988,171850-30-9,"5,7-dichloro-4-hydroxyquinoline-3-carboxylic acid", , , ,GHS09,,,
1989,51178-75-7,"1,6-hexanediammonium, sodium 5-sulfato-1,3-benzenedicarboxylate", , , ,"GHS07,Wng",,,
1990,88150-42-9,"3-ethyl 5-methyl 2-(2-aminoethoxymethyl)-4-(2-chlorophenyl)-1,4-dihydro-6-methyl-3,5-pyridinedicarboxylate", , , ,"GHS06,GHS05,GHS08,GHS09,Dgr",,,
1991,138666-92-9,potassium 2-chloro-3-(benzyloxy)propionate, , , ,"GHS05,GHS08,GHS07,Dgr",,,
1992,71420-85-4,sodium (6R-trans)-7-amino-8-oxo-3-[[[1-(sulfomethyl)-1H-tetrazol-5-yl]thio]methyl]-5-thia-1-azabicyclo[4.2.0]oct-2-ene-2-carboxylate monohydrate, , , ,"GHS07,Wng",,,
1993,57374-49-9,"2-cyclopentene-1-acetic acid, 3-hydroxy-2-pentyl-, methyl ester acetate", , , ,"GHS07,GHS09,Wng",,,
1994,162208-27-7,diethyl thiophosphoryl (Z)-(2-aminothiazol-4-yl)methoxyimino acetate, , , ,"GHS08,GHS07,GHS09,Wng",,,
1995,77341-67-4,"[1R-(1-α,2β,5α)]-mono[5-methyl-2-(1-methylethyl)cyclohexyl]butanedioate", , , ,"GHS05,Dgr",,,
1996,103976-28-9,diethyl[(p-ethoxyanilino)methylene]malonate, , , ,"GHS07,GHS09,Wng",,,
1997,100491-29-0,"ethyl 7-chloro-1-(2,4-difluorophenyl)-6-fluoro-1,4-dihydro-4-oxo-1,8-naphthyridine-3-carboxylate", , , ,"GHS07,GHS09,Wng",,,
1998,99469-99-5,ethyl 2-ethoxy-4-carboxymethylbenzoate, , , ,"GHS05,Dgr",,,
1999,188907-52-0,4-amino-3-[[4-[[2-(sulfooxy)ethyl]sulfonyl]phenyl]azo]-1-naphthalene sulfonic acid, , , ,"GHS05,GHS07,Dgr",,,
2000,215612-56-9,"trisodium 3-[2-acetylamino-4-[4-chloro-6-[4-(2-sulfonatoxyethylsulfonyl)phenylamino]-1,3,5-triazine-2-ylamino]phenylazo]naphthalene-1,5-disulfonate", , , ,"GHS05,GHS07,Dgr",,,
2001,6195-20-6,dodecyl 3-amino-4-chlorobenzoate, , , ,"GHS07,Wng",,,
2002,67914-69-6,"ethyl cis-4-[4-[[2-(2,4-dichlorophenyl)-2-(1H-imidazol-1-ylmethyl)-1,3-dioxolan-4-yl]methoxy]phenyl]piperazine-1-carboxylate", , , ,"GHS08,GHS07,GHS09,Wng",,,
2003,91788-83-9,"tetrakis(1,2,2,6,6-pentamethyl-4-piperidyl)-1,2,3,4-butanetetracarboxylate", , , ,"GHS08,GHS07,GHS09,Dgr",,,
2004,210706-50-6,"hexadecyl 3-[2-(5,5-dimethyl-2,4-dioxo-1,3-oxazolidin-3-yl)-4,4-dimethyl-3-oxovaleramido]-4-isopropoxybenzoate", , , ,-,,,
2005,159235-16-2,4-(2-methylacryloyloxy)phenyl 4-allyloxybenzoate, , , ,"GHS07,Wng",,,
2006,204254-96-6,"ethyl (1S,5R,6S)-5-(1-ethylpropoxy)-7-oxabicyclo[4.1.0]hept-3-ene-3-carboxylate", , , ,"GHS08,GHS07,Wng",,,
2007,208535-04-0,N-amidino-N-methylglycine-2-oxopropionate, , , ,"GHS05,Dgr",,,
2008,132584-17-9,ethyl 2-(4-phenoxyphenyl)lactate, , , ,"GHS07,GHS09,Wng",,,
2009,212652-59-0,"trisodium 3-amino-4-[4-[4-(2-(2-ethenylsulfonylethoxy)ethylamino)-6-fluoro-1,3,5-triazine-2-ylamino]-2-sulfophenylazo]-5-hydroxynaphthalene-2,7-disulfonate", , , ,"GHS05,Dgr",,,
2010,68860-54-8,"1,1-dimethylpropyl 3,5,5-trimethylperoxyhexanoate", , , ,"GHS02,GHS07,GHS09,Dgr",,,
2011,220410-74-2,"1,4-dihydroxy-2,2,6,6-tetramethyl piperidinium-2-hydroxy-1,2,3-propanetricarboxylate", , , ,"GHS07,Wng",,,
2012,122665-86-5,"ethyl (3-cyanomethyl-3,4-dihydro-4-oxophthalazin-1-yl)acetate", , , ,"GHS07,Wng",,,
2013,193562-37-7,"lithium sodium 4,4',4''-(nitrilotris(ethane-2,1-diylimino(6-chloro-1,3,5-triazine-4,2-diyl)imino))tris(5-hydroxy-6-(1-sulfonaphthalene-2-ylazo)-2,7-naphthalene)disulfonate", , , ,"GHS05,GHS07,Dgr",,,
2014,26739-54-8,guanidinium benzoate, , , ,"GHS07,Wng",,,
2015,144550-06-1,"methyl 4-iodo-2-(3-(4-methoxy-6-methyl-1,3,5-triazine-2-yl)ureidosulfonyl)benzoate", , , ,"GHS09,Wng",,,
2016,86978-24-7,(Z)-2-(2-t-butoxycarbonylamino-4-thiazolyl)pent-2-enoic acid, , , ,"GHS07,Wng",,,
2017,141942-85-0,ethyl (3R)-4-cyano-3-hydroxybutanoate, , , ,"GHS07,Wng",,,
2018,90886-53-6,"methyl 3-amino-2,2,3-trimethylbutyrate", , , ,"GHS05,GHS07,Dgr",,,
2019,182176-52-9,"reaction mass of: 3,3,4,4,5,5,6,6,7,7,8,8,8-tridecafluoro-1-octanesulfonic acid", , , ,"GHS05,GHS08,GHS07,Dgr",,,
2020,63562-33-4,2-(10-oxo-10H-9-oxa-10-phosphaphenanthren-10-ylmethyl)succinic acid, , , ,"GHS07,Wng",,,
2021,86393-34-2,"2,4-dichloro-5-fluorobenzoylchloride", , , ,"GHS05,GHS07,Dgr",,,
2022,10138-36-0,"bis(2-ethylhexyl)-4,5-epoxycyclohexane-1,2-dicarboxylate", , , ,"GHS07,Wng",,,
2023,130-37-0,menadione sodium bisulfite, , , ,"GHS07,GHS09,Wng",,,
2024,73581-79-0,menadione nicotinamide bisulfite, , , ,"GHS07,GHS09,Wng",,,
2025,5064-31-3,trisodium nitrilotriacetate, , , ,"GHS08,GHS07,Wng",,,
2026,7425-14-1,2-ethylhexyl-2-ethylhexanoate, , , ,"GHS08,Wng",,,
2027,84-69-5,diisobutyl phthalate, , , ,"GHS08,Dgr",,,
2028,1763-23-1,perfluorooctane sulfonic acid, , , ,"GHS08,GHS07,GHS09,Dgr",,,
2029,2795-39-3,perfluorooctane sulfonic acid, , , ,"GHS08,GHS07,GHS09,Dgr",,,
2030,70225-14-8,perfluorooctane sulfonic acid, , , ,"GHS08,GHS07,GHS09,Dgr",,,
2031,29081-56-9,perfluorooctane sulfonic acid, , , ,"GHS08,GHS07,GHS09,Dgr",,,
2032,29457-72-5,perfluorooctane sulfonic acid, , , ,"GHS08,GHS07,GHS09,Dgr",,,
2033,105512-06-9,clodinafop-propargyl, , , ,"GHS08,GHS07,GHS09,Wng",,,
2034,103112-35-2,"ethyl 1-(2,4-dichlorophenyl)-5-(trichloromethyl)-1H-1,2,4-triazole-3-carboxylate", , , ,"GHS08,GHS09,Dgr",,,
2035,162221-28-5,"[(4S,5S)-4-benzyl-2-oxo-5-oxazolidinyl]methyl 4-nitrobenzenesulfonate", , , ,"GHS07,Wng",,,
2036,171054-89-0,4-oxo-4-(p-tolyl)butyric acid adduct with 4-ethylmorpholine, , , ,"GHS05,Dgr",,,
2037,123599-82-6,[[2-methyl-1-(1-oxopropoxy)propoxy](4-phenylbutyl)phosphinyl] acetic acid, , , ,"GHS07,Wng",,,
2038,4369-14-6,"acrylic acid, 3-(trimethoxysilyl)propyl ester", , , ,"GHS05,GHS07,Dgr",,,
2039,111244-14-5,"N-[3-(2,4-di-(1,1-dimethyl-propyl)phenoxy)-propyl]-1-hydroxy-5-(2-methylpropyl-oxycarbonylamino)-naphthamide", , , ,-,,,
2040,341026-59-3,"trisodium 5-{[4-chloro-6-(1-naphthylamino)-1,3,5-triazin-2-yl]amino}-4-hydroxy-3-[(E)-(4-methoxy-2-sulfonatophenyl)diazenyl]-2,7-naphthalenedisulfonate", , , ,"GHS05,GHS07,Dgr",,,
2041,36394-75-9,(S)-(-)-2-acetoxypropionylchloride, , , ,"GHS05,GHS07,Dgr",,,
2042,172737-80-3,trisodium N-(3-propionato)-.sc.l.sc.-aspartate, , , ,"GHS05,Dgr",,,
2043,158894-67-8,1-bromo-2-methylpropyl propionate, , , ,"GHS02,GHS05,GHS08,GHS07,Dgr",,,
2044,250688-43-8,disodium 8-amino-5-{4-[2-(sulfonatoethoxy)sulfonyl]phenylazo}naphthalene-2-sulfonate, , , ,"GHS05,Dgr",,,
2045,190085-41-7,2-hydroxybenzoic acid 2-butyloctyl ester, , , ,-,,,
2046,216698-07-6,"2-(2-oxo-5-(1,1,3,3-tetramethylbutyl)-2,3-dihydro-1-benzofuran-3-yl)-4-(1,1,3,3-tetramethylbutyl)phenyl acetate", , , ,-,,,
2047,43028-69-9,2-(formylamino)-3-thiophenecarboxylic acid, , , ,"GHS07,Wng",,,
2048,141631-22-3,"3,6,9-trithiaundecamethylene-1,11-dimethacrylate", , , ,"GHS09,Wng",,,
2049,617-55-0,dimethyl (2S)-2-hydroxysuccinate, , , ,"GHS02,GHS05,GHS07,Dgr",,,
2050,81752-87-6,"methyl 2,2-dimethyl-6-methylenecyclohexanecarboxylate", , , ,"GHS07,Wng",,,
2051,243858-01-7,"tetrasodium 2-(4-fluoro-6-(methyl-(2-(sulfatoethylsulfonyl)ethyl)amino)-1,3,5-triazin-2-ylamino)-5-hydroxy-6-(4-methyl-2-sulfonatophenylazo)naphthalene-1,7-disulfonate", , , ,"GHS05,Dgr",,,
2052,124655-09-0,".sc.d.sc.-erythro-hexanoic acid 2,4-dideoxy-3,5-O-(1-methylethylidene)-1,1-dimethylethylester", , , ,"GHS07,Wng",,,
2053,143446-73-5,"5-acetoxy-2-(R,S)butyryloxymethyl-1,3-oxathiolane", , , ,"GHS07,GHS09,Wng",,,
2054,167678-46-8,[3-(chlorocarbonyl)-2-methylphenyl]acetate, , , ,"GHS05,GHS07,Dgr",,,
2055,145153-52-2,"2-methyl-1,5-pentanediamine-1,3-benzenedicarboxylate", , , ,"GHS07,Wng",,,
2056,91125-43-8,sodium 2-(nonanoyloxy)benzenesulfonate, , , ,"GHS05,GHS07,Dgr",,,
2057,60372-77-2,ethyl N2-dodecanoyl-.sc.l.sc.-argininate hydrochloride, , , ,"GHS05,GHS09,Dgr",,,
2058,225786-91-4,tetrakis(bis(2-hydroxyethyl)methylammonium) 3-(4-(7-acetylamino-1-hydroxy-3-sulfonatonaphthalen-2-ylazo)-5-methoxy-2-sulfonatophenylazo)-7-(4-amino-3-sulfonatophenylamino)-4-hydroxynaphthalene-2-sulfonate, , , ,GHS09,,,
2059,7331-52-4,(S)-3-hydroxy-γ-butyrolactone, , , ,"GHS07,Wng",,,
2060,1070-64-0,"ethyl 6,8-dichlorooctanoate", , , ,"GHS07,GHS09,Wng",,,
2061,141250-43-3,"sodium salt of 4-amino-3,6-bis[[5-[[4-chloro-6-[(2-methyl-4-sulfophenyl)amino]-1,3,5-triazin-2-yl]amino]-2-sulfophenyl]azo]-5-hydroxy-2,7-naphthalenedisulfonic acid", , , ,"GHS05,Dgr",,,
2062,172399-10-9,"pentasodium 7-(4-(4-(3-(2-sulfatoethanesulfonyl)phenylamino)-6-(4-(2-sulfatoethanesulfonyl)phenylamino)-1,3,5-triazin-2-ylamino)-2-ureidophenylazo)naphthalene-1,3,6-trisulfonate", , , ,"GHS05,Dgr",,,
2063,371921-63-0,"3,10-diamino-6,13-dichloro-2-((6-(((4-(1,1-dimethylethyl)phenyl)sulfonyl)amino)-2-naphthalenyl)sulfonyl)-4,11-triphenodioxazinedisulfonic acid, lithium potassium sodium salt", , , ,"GHS05,Dgr",,,
2064,321912-47-4,"pentasodium N-[5-[[4-[[3-[(aminocarbonyl)amino]-4-[(3,6,8-trisulfonatonaphthalen-2-yl)azo]phenyl]amino]-6-chloro-1,3,5-triazin-2-yl]amino]-2-sulfonato-4-[[4-[[-2-(oxysulfonato)ethyl] sulfonyl]phenyl]azo]phenyl]-3-aminopropanoic acid", , , ,"GHS05,Dgr",,,
2065,321679-52-1,"2-{4-[4-[4-fluoro-6-(2-(2-vinylsulfonylethoxy)ethylamino)-1,3,5-triazin-2-ylamino]phenylazo]phenylazo}naphthalene-4,6,8-trisulfonate, trisodium salt", , , ,"GHS05,Dgr",,,
2066,114772-40-6,"1,1-dimethylethyl 4'-(bromomethyl)biphenyl-2-carboxylate", , , ,"GHS07,Wng",,,
2067,87333-22-0,methyl 2-(acetylamino)-3-chloropropionate, , , ,"GHS07,GHS09,Wng",,,
2068,127474-91-3,"bis(2-ethylhexyl) naphthalene-2,6-dicarboxylate", , , ,-,,,
2069,393509-79-0,methyl 2-chlorosulfonyl-4-(methanesulfonylaminomethyl) benzoate, , , ,"GHS05,GHS09,Dgr",,,
2070,101226-85-1,trans-methyl-2-ethyl-but-2-enoate, , , ,"GHS02,Wng",,,
2071,88784-33-2,"(2S)-5-(benzyloxy)-2-(1,3-dioxo-1,3-dihydro-2H-isoindol-2-yl)-5-oxopentanoic acid", , , ,"GHS07,Wng",,,
2072,99464-83-2,chloro-1-ethylcyclohexyl carbonate, , , ,"GHS08,GHS07,Wng",,,
2073,42031-28-7,"trans-2-isopropyl-5-carboxy-1,3-dioxane", , , ,"GHS05,Dgr",,,
2074,376588-17-9,"methyl (9-acetoxy-3,8,10-triethyl-7,8,10-trimethyl-1,5-dioxa-9-aza-spiro[5.5]undec-3-yl)octadecanoate", , , ,"GHS07,Wng",,,
2075,500791-70-8,dibutyl-3-(4-(5-ammonio-2-butyl)benzofuran-3-yl)carbonyl)phenoxy)propyl ammonium oxalate, , , ,"GHS05,GHS08,GHS07,GHS09,Dgr",,,
2076,72903-27-6,"diethyl 1,4-cyclohexanedicarboxylate", , , ,GHS09,,,
2077,144413-22-9,complex reaction mass of Chinese gum rosin post reacted with acrylic acid, , , ,-,,,
2078,243662-67-1,"alkenes, C12-14, hydroformylation products, distn. residues, C-(hydrogen sulfobutanedioates), disodium salts", , , ,"GHS07,Wng",,,
2079,255387-46-3,"dimethyl[2S,2S']-6,6,6'6'-tetramethoxy-2,2'-[N,N'-bis(trifluoracetyl)-S,S'-bi(L-homocysteinyl) diimino]dihexanoate", , , ,"GHS07,Wng",,,
2080,302776-68-7,hexyl 2-(1-(diethylaminohydroxyphenyl)methanoyl)benzoate, , , ,-,,,
2081,163520-33-0,"ethyl 5,5-diphenyl-2-isoxazoline-3-carboxylate", , , ,"GHS07,GHS09,Wng",,,
2082,638-49-3,pentyl formate, , , ,"GHS02,GHS07,Dgr",,,
2083,20487-40-5,tert-butyl propionate, , , ,"GHS02,Dgr",,,
2084,98-73-7,4-tert-butylbenzoic acid, , , ,"GHS07,GHS08,Dgr",,,
2085,82657-04-3,bifenthrin, , , ,"GHS06,GHS08,GHS09,Dgr",,,
2086,173584-44-6,indoxacarb, , , ,"GHS06,GHS08,GHS09,Dgr",,,
2087,144171-61-9,indoxacarb, , , ,"GHS06,GHS08,GHS09,Dgr",,,
2088,84-75-3,dihexyl phthalate, , , ,"GHS08,Dgr",,,
2089,3825-26-1,ammoniumpentadeca- fluorooctanoate, , , ,"GHS08,GHS07,GHS05,Dgr",,,
2090,335-67-1,perfluorooctanoic acid, , , ,"GHS08,GHS07,GHS05,Dgr",,,
2091,65-85-0,benzoic acid, , , ,"GHS08,GHS05,Dgr",,,
2092,2905-69-3,"methyl 2,5-dichlorobenzoate", , , ,"GHS07,GHS09,Wng",,,
2093,71283-80-2,fenoxaprop-P-ethyl, , , ,"GHS08,GHS07,GHS09,Wng",,,
2094,124-07-2,octanoic acid, , , ,"GHS05,Dgr",,,
2095,334-48-5,decanoic acid, , , ,"GHS07,Wng",,,
2096,68515-50-4,"1,2-benzenedicarboxylic acid, dihexyl ester, branched and linear", , , ,"GHS08,Dgr",,,
2097,203313-25-1,spirotetramat, , , ,"GHS08,GHS07,GHS09,Wng",,,
2098,31717-87-0,dodemorph acetate, , , ,"GHS08,GHS05,GHS07,GHS09,Dgr",,,
2099,134098-61-6,fenpyroximate, , , ,"GHS06,GHS09,Dgr",,,
2100,126535-15-7,triflusulfuron-methyl, , , ,"GHS08,GHS09,Wng",,,
2101,149877-41-8,bifenazate, , , ,"GHS08,GHS07,GHS09,Wng",,,
2102,28772-56-7,bromadiolone, , , ,"GHS08,GHS06,GHS09,Dgr",,,
2103,104653-34-1,difethialone, , , ,"GHS08,GHS06,GHS09,Dgr",,,
2104,375-95-1,perfluorononan-1-oic acid, , , ,"GHS08,GHS07,GHS05,Dgr",,,
2105,21049-39-8,perfluorononan-1-oic acid, , , ,"GHS08,GHS07,GHS05,Dgr",,,
2106,4149-60-4,perfluorononan-1-oic acid, , , ,"GHS08,GHS07,GHS05,Dgr",,,
2107,84-61-7,dicyclohexyl phthalate, , , ,"GHS08,GHS07,Dgr",,,
2108,335-76-2,nonadecafluorodecanoic acid, , , ,"GHS08,Dgr",,,
2109,3108-42-7,nonadecafluorodecanoic acid, , , ,"GHS08,Dgr",,,
2110,3830-45-3,nonadecafluorodecanoic acid, , , ,"GHS08,Dgr",,,
2111,5625-90-1,"N,N′-methylenedimorpholine", , , ,"GHS08,GHS07,GHS05,Dgr",,,
2112,1065124-65-3,"2,3,5,6-tetrafluoro-4-(methoxymethyl)benzyl (Z)-(1R,3R)-3-(2-cyanoprop-1-enyl)-2,2-dimethylcyclopropanecarboxylate", , , ,"GHS07,GHS08,GHS09,Wng",,,
2113,79538-32-2,tefluthrin, , , ,"GHS06,GHS09,Dgr",,,
2114,240494-71-7,"2,3,5,6-tetrafluoro-4-(methoxymethyl)benzyl (1R,3R)-2,2-dimethyl-3-[(1Z)-prop-1-en-1-yl] cyclopropanecarboxylate", , , ,"GHS06,GHS08,GHS09,Dgr",,,
2115,65733-16-6,"isopropyl (2E,4E,7S)-11-methoxy-3,7,11-trimethyldodeca-2,4-dienoate", , , ,"GHS09,Wng",,,
2116,243973-20-8,pinoxaden, , , ,"GHS08,GHS07,GHS09,Wng",,,
2117,7696-12-0,tetramethrin, , , ,"GHS08,GHS07,GHS09,Wng",,,
2118,1166-46-7,"(1,3,4,5,6,7-hexahydro-1,3-di­oxo-2H-isoindol-2-yl)methyl (1R-trans)-2,2-dimethyl-3-(2-methylprop-1-enyl)cyclopropanecarboxylate", , , ,"GHS08,GHS07,GHS09,Wng",,,
2119,208465-21-8,mesosulfuron-methyl, , , ,"GHS09,Wng",,,
2120,148477-71-8,spirodiclofen, , , ,"GHS08,GHS07,GHS09,Dgr",,,
2121,2302-17-2,sodium methyl [(4-aminophenyl)sulphonyl]carbamate, , , ,"GHS07,GHS09,Wng",,,
2122,69-72-7,salicylic acid, , , ,"GHS08,GHS07,GHS05,Dgr",,,
2123,75-05-8,acetonitrile, , , ,"GHS02,GHS07,Dgr",,,
2124,545-06-2,trichloroacetonitrile, , , ,"GHS06,GHS09,Dgr",,,
2125,107-13-1,acrylonitrile, , , ,"GHS02,GHS06,GHS08,GHS05,GHS09,Dgr",,,
2126,75-86-5,2-hydroxy-2-methylpropionitrile, , , ,"GHS06,GHS09,Dgr",,,
2127,109-74-0,n-butyronitrile, , , ,"GHS02,GHS06,Dgr",,,
2128,1689-84-5,bromoxynil, , , ,"GHS06,GHS08,GHS09,Dgr",,,
2129,1689-83-4,ioxynil, , , ,"GHS06,GHS08,GHS09,Dgr",,,
2130,107-14-2,chloroacetonitrile, , , ,"GHS06,GHS09,Dgr",,,
2131,109-77-3,malononitrile, , , ,"GHS06,GHS09,Dgr",,,
2132,126-98-7,methacrylonitrile, , , ,"GHS02,GHS06,Dgr",,,
2133,460-19-5,oxalonitrile, , , ,"GHS02,GHS04,GHS06,GHS09,Dgr",,,
2134,100-47-0,benzonitrile, , , ,"GHS07,Wng",,,
2135,873-32-5,2-chlorobenzonitrile, , , ,"GHS07,Wng",,,
2136,1897-45-6,chlorothalonil, , , ,"GHS06,GHS05,GHS08,GHS09,Dgr",,,
2137,1194-65-6,dichlobenil, , , ,"GHS07,GHS09,Wng",,,
2138,1897-41-2,"1,4-Dicyano-2,3,5,6-tetra-chloro-benzene", , , ,"GHS07,GHS09,Wng",,,
2139,1689-99-2,bromoxynil octanoate, , , ,"GHS06,GHS08,GHS09,Dgr",,,
2140,3861-47-0,ioxynil octanoate, , , ,"GHS06,GHS08,GHS09,Dgr",,,
2141,78-67-1,"2,2'-dimethyl-2,2'-azodipropiononitrile", , , ,"GHS02,GHS07,Dgr",,,
2142,79463-77-7,diphenoxymethylenecyanamide, , , ,"GHS05,Dgr",,,
2143,76823-93-3,3-(2-(diaminomethyleneamino)thiazol-4-ylmethylthio)propionitrile, , , ,"GHS07,Wng",,,
2144,40188-41-8,"3,7-dimethyloctanenitrile", , , ,"GHS07,GHS09,Wng",,,
2145,114369-43-6,fenbuconazole, , , ,"GHS09,Wng",,,
2146,11/4/7027,"3-cyano-3,5,5-trimethylcyclohexanone", , , ,"GHS08,GHS07,Wng",,,
2147,147374-67-2,4-(2-cyano-3-phenylamino-acryloyloxymethyl)-cyclohexyl-methyl 2-cyano-3-phenylamino)-acrylate, , , ,"GHS08,GHS09,Wng",,,
2148,68612-94-2,"1,2-dihydro-6-hydroxy-4-methyl-1-[3-(1-methylethoxy)propyl]-2-oxo-3-pyridinecarbonitrile", , , ,"GHS07,Wng",,,
2149,147741-93-3,"N-acetyl-N-[5-cyano-3-(2-dibutylamino-4-phenylthyazol-5-yl-methylene)-4-methyl-2,6-dioxo-1,2,3,6-tetrahydropyridin-1-yl]benzamide", , , ,"GHS09,Wng",,,
2150,97384-48-0,2-benzyl-2-methyl-3-butenitrile, , , ,"GHS07,Wng",,,
2151,135410-20-7,acetamiprid, , , ,"GHS07,Wng",,,
2152,75511-91-0,"N-butyl-3-(2-chloro-4-nitrophenylhydrazono)-1-cyano-2-methylprop-1-ene-1,3-dicarboximide", , , ,"GHS07,Wng",,,
2153,122453-73-0,chlorfenapyr, , , ,"GHS06,GHS09,Dgr",,,
2154,75490-39-0,"2,2,4-trimethyl-4-phenyl-butane-nitrile", , , ,"GHS07,GHS09,Wng",,,
2155,3508-98-3,2-phenylhexanenitrile, , , ,"GHS07,GHS09,Wng",,,
2156,130755-46-3,"4,4'-dithiobis(5-amino-1-(2,6-dichloro-4-(trifluoromethyl)phenyl)-1H-pyrazole-3-carbonitrile)", , , ,"GHS09,Wng",,,
2157,138401-24-8,"4'-((2-butyl-4-oxo-1,3-diazaspiro[4.4]non-1-ene-3-yl)methyl)(1,1'-biphenyl)-2-carbonitrile", , , ,"GHS09,Wng",,,
2158,194602-27-2,"(S)-2,2-diphenyl-2-(3-pyrrolidinyl)acetonitrile hydrobromide", , , ,"GHS05,GHS07,GHS09,Dgr",,,
2159,142653-61-0,3-(cis-3-hexenyloxy)propanenitril, , , ,"GHS06,GHS09,Dgr",,,
2160,10461-98-0,2-cyclohexylidene-2-phenylacetonitrile, , , ,"GHS07,GHS09,Wng",,,
2161,77889-90-8,"5-(4-chloro-2-nitro-phenylazo)-1,2-dihydro-6-hydroxy-1,4-dimethyl-2-oxo-pyridine-3-carbonitrile", , , ,-,,,
2162,72752-52-4,2-piperidin-1-yl-benzonitrile, , , ,GHS09,,,
2163,152630-47-2,1-(3-cyclopentyloxy-4-methoxyphenyl)-4-oxo-cyclohexanecarbonitrile, , , ,"GHS08,GHS07,GHS09,Wng",,,
2164,157362-53-3,"2-(4-(4-(butyl-(1-methylhexyl)amino)phenyl)-3-cyano-5-oxo-1,5-dihydropyrrol-2-ylidene)propandinitrile", , , ,"GHS07,GHS09,Wng",,,
2165,219861-18-4,(R)-4-(4-dimethylamino-1-(4-fluorophenyl)-1-hydroxybutyl)-3-(hydroxymethyl)benzonitrile, , , ,"GHS07,GHS09,Wng",,,
2166,128173-52-4,(S)-4-(4-dimethylamino-1-(4-fluorophenyl)-1-hydroxybutyl)-3-(hydroxymethyl)benzonitrile, , , ,"GHS07,GHS09,Wng",,,
2167,103146-25-4,"(R,S)-4-(4-dimethylamino-1-(4-fluorophenyl)-1-hydroxybutyl)-3-(hydroxymethyl)benzonitrile", , , ,"GHS07,GHS09,Wng",,,
2168,120068-37-3,fipronil, , , ,"GHS06,GHS08,GHS09,Dgr",,,
2169,208538-34-5,4-(cyanomethyl)-4-methylmorpholin-4-ium hydrogen sulfate, , , ,"GHS05,GHS07,Dgr",,,
2170,66230-04-4,esfenvalerate, , , ,"GHS06,GHS09,Dgr",,,
2171,120068-79-3,"5-amino-1-(2,6-dichloro-4-(trifluoromethyl)phenyl)-1H-pyrazole-3-carbonitrile", , , ,GHS09,,,
2172,138564-59-7,5-methyl-2-[(2-nitrophenyl)amino]-3-thiophenecarbonitrile, , , ,"GHS09,Wng",,,
2173,82380-18-5,2-fluoro-4-hydroxybenzonitrile, , , ,"GHS05,GHS07,GHS09,Dgr",,,
2174,61826-76-4,(S)-α-hydroxy-3-phenoxy-benzeneacetonitrile, , , ,"GHS06,GHS05,GHS09,Dgr",,,
2175,5146-66-7,"3,7-dimethylocta-2,6-dienenitrile", , , ,"GHS08,Dgr",,,
2176,958647-10-4,flutianil, , , ,"GHS09,Wng",,,
2177,108-03-2,1-nitropropane, , , ,"GHS02,GHS07,Wng",,,
2178,79-46-9,2-nitropropane, , , ,"GHS02,GHS08,GHS07,Dgr",,,
2179,98-95-3,nitrobenzene, , , ,"GHS06,GHS08,Dgr",,,
2180,25154-54-5,dinitrobenzene, , , ,"GHS06,GHS08,GHS09,Dgr",,,
2181,100-25-4,dinitrobenzene, , , ,"GHS06,GHS08,GHS09,Dgr",,,
2182,99-65-0,dinitrobenzene, , , ,"GHS06,GHS08,GHS09,Dgr",,,
2183,528-29-0,dinitrobenzene, , , ,"GHS06,GHS08,GHS09,Dgr",,,
2184,99-35-4,"1,3,5-trinitrobenzene", , , ,"GHS01,GHS06,GHS08,GHS09,Dgr",,,
2185,99-99-0,4-nitrotoluene, , , ,"GHS06,GHS08,GHS09,Dgr",,,
2186,121-14-2,"2,4-dinitrotoluene", , , ,"GHS06,GHS08,GHS09,Dgr",,,
2187,25321-14-6,"2,4-dinitrotoluene", , , ,"GHS06,GHS08,GHS09,Dgr",,,
2188,118-96-7,"2,4,6-trinitrotoluene", , , ,"GHS01,GHS06,GHS08,GHS09,Dgr",,,
2189,88-89-1,"2,4,6-trinitrophenol", , , ,"GHS01,GHS06,Dgr",,,
2190,606-35-9,"2,4,6-trinitroanisole", , , ,"GHS01,GHS07,GHS09,Wng",,,
2191,602-99-3,"2,4,6-trinitro-m-cresol", , , ,"GHS01,GHS07,Wng",,,
2192,632-92-8,"2,4,6-trinitro-m-xylene", , , ,"GHS01,GHS08,GHS07,Wng",,,
2193,100-02-7,4-nitrophenol, , , ,"GHS08,GHS07,Wng",,,
2194,25550-58-7,dinitrophenol (reaction mass of isomers), , , ,"GHS06,GHS08,GHS09,Dgr",,,
2195,71629-74-8,dinitrophenol (reaction mass of isomers), , , ,"GHS06,GHS08,GHS09,Dgr",,,
2196,82-71-3,"2,4,6-trinitroresorcinol", , , ,"GHS01,GHS07,Dgr",,,
2197,15245-44-0,"lead 2,4,6-trinitro-m-phenylene dioxide", , , ,"GHS01,GHS08,GHS07,GHS09,Dgr",,,
2198,534-52-1,DNOC, , , ,"GHS06,GHS08,GHS05,GHS07,GHS09,Dgr",,,
2199,2312-76-7,sodium salt of DNOC, , , ,"GHS06,GHS08,GHS09,Dgr",,,
2200,5787-96-2,sodium salt of DNOC, , , ,"GHS06,GHS08,GHS09,Dgr",,,
2201,2980-64-5,ammonium salt of DNOC, , , ,"GHS06,GHS08,GHS09,Dgr",,,
2202,39300-45-3,dinocap, , , ,"GHS08,GHS07,GHS09,Dgr",,,
2203,485-31-4,binapacryl, , , ,"GHS08,GHS07,GHS09,Dgr",,,
2204,88-85-7,dinoseb, , , ,"GHS06,GHS08,GHS09,Dgr",,,
2205,63919-26-6,dinocton, , , ,"GHS07,GHS09,Wng",,,
2206,131-89-5,dinex, , , ,"GHS06,GHS09,Dgr",,,
2207,1420-07-1,dinoterb, , , ,"GHS06,GHS08,GHS09,Dgr",,,
2208,13181-17-4,bromofenoxim, , , ,"GHS07,GHS09,Wng",,,
2209,4097-36-3,dinosam, , , ,"GHS06,GHS09,Dgr",,,
2210,79-24-3,nitroethane, , , ,"GHS02,GHS07,Wng",,,
2211,75-52-5,nitromethane, , , ,"GHS02,GHS07,Wng",,,
2212,602-87-9,5-nitroacenaphthene, , , ,"GHS08,Dgr",,,
2213,581-89-5,2-nitronaphthalene, , , ,"GHS08,GHS09,Dgr",,,
2214,92-93-3,4-nitrobiphenyl, , , ,"GHS08,GHS09,Dgr",,,
2215,1836-75-5,nitrofen, , , ,"GHS08,GHS07,GHS09,Dgr",,,
2216,51-28-5,"2,4-dinitrophenol", , , ,"GHS06,GHS08,GHS09,Dgr",,,
2217,40487-42-1,pendimethalin, , , ,"GHS07,GHS09,Wng",,,
2218,82-68-8,quintozene, , , ,"GHS07,GHS09,Wng",,,
2219,117-18-0,tecnazene, , , ,"GHS07,GHS09,Wng",,,
2220,8069-76-9,"reaction mass of: 4,6-dinitro-2-(3-octyl)phenyl methyl carbonate and 4,6-dinitro-2-(4-octyl)phenyl methyl carbonate", , , ,"GHS07,GHS09,Wng",,,
2221,1582-09-8,trifluralin  (containing < 0.5 ppm NPDA), , , ,"GHS08,GHS07,GHS09,Wng",,,
2222,91-23-6,2-nitroanisole, , , ,"GHS08,GHS07,Dgr",,,
2223,127-68-4,sodium 3-nitrobenzenesulphonate, , , ,"GHS07,Wng",,,
2224,606-20-2,"2,6-dinitrotoluene", , , ,"GHS06,GHS08,Dgr",,,
2225,602-01-7,"2,3-dinitrotoluene", , , ,"GHS06,GHS08,GHS09,Dgr",,,
2226,610-39-9,"3,4-dinitrotoluene", , , ,"GHS06,GHS08,GHS09,Dgr",,,
2227,618-85-9,"3,5-dinitrotoluene", , , ,"GHS06,GHS08,Dgr",,,
2228,66-56-8,"2,3-dinitrophenol", , , ,"GHS06,GHS08,GHS09,Dgr",,,
2229,329-71-5,"2,3-dinitrophenol", , , ,"GHS06,GHS08,GHS09,Dgr",,,
2230,573-56-8,"2,3-dinitrophenol", , , ,"GHS06,GHS08,GHS09,Dgr",,,
2231,577-71-9,"2,3-dinitrophenol", , , ,"GHS06,GHS08,GHS09,Dgr",,,
2232,619-15-8,"2,5-dinitrotoluene", , , ,"GHS06,GHS08,GHS09,Dgr",,,
2233,69094-18-4,"2,2-dibromo-2-nitroethanol", , , ,"GHS01,GHS08,GHS05,GHS07,GHS09,Dgr",,,
2234,3847-58-3,"3-chloro-2,4-difluoronitrobenzene", , , ,"GHS05,GHS07,GHS09,Dgr",,,
2235,2/4/5428,"2-nitro-2-phenyl-1,3-propanediol", , , ,"GHS08,GHS07,GHS09,Dgr",,,
2236,131657-78-8,2-chloro-6-(ethylamino)-4-nitrophenol, , , ,"GHS07,GHS09,Wng",,,
2237,92952-81-3,4-[(3-hydroxypropyl)amino]-3-nitrophenol, , , ,"GHS07,GHS09,Wng",,,
2238,94097-88-8,"(E,Z)-4-chlorophenyl(cyclopropyl)ketone O-(4-nitrophenylmethyl)oxime", , , ,"GHS07,GHS09,Wng",,,
2239,24403-04-1,2-bromo-2-nitropropanol, , , ,"GHS06,GHS08,GHS05,GHS09,Dgr",,,
2240,59320-13-7,2-[(4-chloro-2-nitrophenyl)amino]ethanol, , , ,"GHS07,GHS09,Wng",,,
2241,104206-82-8,mesotrione, , , ,"GHS09,Wng",,,
2242,88-72-2,2-nitrotoluene, , , ,"GHS08,GHS07,GHS09,Dgr",,,
2243,156769-97-0,"sodium and potassium 4-(3-aminopropylamino)-2,6-bis[3-(4-methoxy-2-sulfophenylazo)-4-hydroxy-2-sulfo-7-naphthylamino]-1,3,5-triazine", , , ,"GHS07,Wng",,,
2244,81-15-2,musk xylene, , , ,"GHS01,GHS08,GHS09,Wng",,,
2245,81-14-1,musk ketone, , , ,"GHS08,GHS09,Wng",,,
2246,130841-23-5,"1,4-dichloro-2-(1,1,2,3,3,3-hexafluoropropoxy)-5-nitrobenzene", , , ,"GHS07,GHS09,Wng",,,
2247,156137-33-6,"reaction mass of: 2-methylsulfanyl-4,6-bis-(2-hydroxy-4-methoxy-phenyl)-1,3,5-triazine", , , ,"GHS07,Wng",,,
2248,1671-49-4,4-mesyl-2-nitrotoluene, , , ,"GHS08,GHS07,Wng",,,
2249,76-06-2,trichloronitromethane, , , ,"GHS06,Dgr",,,
2250,594-72-9,"1,1-dichloro-1-nitroethane", , , ,"GHS06,Dgr",,,
2251,88-88-0,"2-chloro-1,3,5-trinitrobenzene", , , ,"GHS01,GHS06,GHS09,Dgr",,,
2252,100-00-5,1-chloro-4-nitrobenzene, , , ,"GHS06,GHS08,GHS09,Dgr",,,
2253,600-25-9,1-chloro-1-nitropropane, , , ,"GHS07,Wng",,,
2254,17742-69-7,"2,6-dichloro-4-nitroanisole", , , ,"GHS06,GHS09,Dgr",,,
2255,121-87-9,2-chloro-4-nitroaniline, , , ,"GHS07,GHS09,Wng",,,
2256,35950-52-8,2-bromo-1-(2-furyl)-2-nitroethylene, , , ,"GHS08,GHS05,GHS07,GHS09,Dgr",,,
2257,103-33-3,azobenzene, , , ,"GHS08,GHS07,GHS09,Dgr",,,
2258,495-48-7,azoxybenzene, , , ,"GHS07,Wng",,,
2259,140-56-7,fenaminosulf, , , ,"GHS06,Dgr",,,
2260,592-62-1,methyl-ONN-azoxymethyl acetate, , , ,"GHS08,Dgr",,,
2261,16071-86-6,"disodium {}{5-[(4'-((2,6-hydroxy-3-((2-hydroxy-5-sulphophenyl)azo)phenyl)azo)(1,1'-biphenyl)-4-yl)azo]salicylato(4-)}}cuprate(2-)", , , ,"GHS08,Dgr",,,
2262,97-56-3,4-o-tolylazo-o-toluidine, , , ,"GHS08,Dgr",,,
2263,41814-78-2,tricyclazole, , , ,"GHS07,Wng",,,
2264,60-09-3,4-aminoazobenzene, , , ,"GHS08,GHS09,Dgr",,,
2265,106359-94-8,"2'-(2-cyano-4,6-dinitrophenylazo)-5'-(N,N-dipropylamino)propionanilide", , , ,"GHS07,Wng",,,
2266,114565-65-0,"reaction mass of 2,2-iminodiethanol 6-methyl-2-(4-(2,4,6-triaminopyrimidin-5-ylazo)phenyl)benzothiazole-7-sulfonate and 2-methylaminoethanol 6-methyl-2-(4-(2,4,6-triaminopyrimidin-5-ylazo)phenyl)benzothiazole-7-sulfonate and N,N-diethylpropane-1,3-diamine 6-methyl-2-(4-(2,4,6-triaminopyrimidin-5-ylazo)phenyl)benzothiazole-7-sulfonate", , , ,"GHS07,Wng",,,
2267,117409-78-6,trilithium-1-hydroxy-7-(3-sulfonatoanilino)-2-(3-methyl-4-(2-methoxy-4-(3-sulfonatophenylazo)phenylazo)phenylazo)naphthalene-3-sulfonate, , , ,"GHS01,GHS09,Dgr",,,
2268,115099-55-3,"(tetrasodium 1-(4-(3-acetamido-4-(4'-nitro-2,2'-disulfonatostilben-4-ylazo)anilino)-6-(2,5-disulfonatoanilino)-1,3,5-triazin-2-yl)-3-carboxypyridinium) hydroxide", , , ,"GHS07,Wng",,,
2269,116889-78-2,"tetrasodium 4-amino-5-hydroxy-6-(4-(2-(2-(sulfonatooxy)ethylsulfonyl)ethylcarbamoyl)phenylazo)-3-(4-(2-(sulfonatooxy)ethylsulfonyl)phenylazo)naphthalene-2,7-disulfonate", , , ,"GHS07,Wng",,,
2270,106028-58-4,"tetralithium 6-amino-4-hydroxy-3-(7-sulfonato-4-(4-sulfonatophenylazo)-1-naphthylazo)naphthalene-2,7-disulfonate", , , ,"GHS07,Wng",,,
2271,116340-05-7,"tetrakis(tetramethylammonium) 6-amino-4-hydroxy-3-(7-sulfonato-4-(4-sulfonatophenylazo)-1-naphthylazo)naphthalene-2,7-disulfonate", , , ,"GHS06,Dgr",,,
2272,1937-37-7,"disodium 4-amino-3-[[4'-[(2,4-diaminophenyl)azo][1,1'-biphenyl]-4-yl]azo]-5-hydroxy-6-(phenylazo)naphtalene-2,7-disulphonate", , , ,"GHS08,Dgr",,,
2273,2602-46-2,"tetrasodium 3,3'-[[1,1'-biphenyl]-4,4'-diylbis(azo)]bis[5-amino-4-hydroxynaphthalene-2,7-disulphonate]", , , ,"GHS08,Dgr",,,
2274,573-58-0,"disodium 3,3'-[[1,1'-biphenyl]-4,4'-diylbis(azo)]bis(4-aminonaphthalene-1-sulphonate)", , , ,"GHS08,Dgr",,,
2275,123-77-3,"C,C'-azodi(formamide)", , , ,"GHS08,Dgr",,,
2276,569-61-9,"4,4'-(4-iminocyclohexa-2,5-dienylidenemethylene)dianiline hydrochloride", , , ,"GHS08,Dgr",,,
2277,2475-45-8,"1,4,5,8-tetraaminoanthraquinone", , , ,"GHS08,GHS05,GHS07,Dgr",,,
2278,82027-60-9,"hexasodium [4,4''-azoxybis(2,2'-disulfonatostilbene-4,4'-diylazo)]-bis[5'-sulfonatobenzene-2,2'- diolato-O(2),O(2),N(1)]-copper(II)", , , ,GHS09,,,
2279,107246-80-0,"tetralithium 6-amino-4-hydroxy-3-[7-sulfonato-4-(5-sulfonato-2-naphthylazo)-1-naphthylazo]naphthalene-2,7-disulfonate", , , ,GHS09,,,
2280,124584-00-5,"3(or 5)-(4-(N-benzyl-N-ethylamino)-2-methylphenylazo)-1,4-dimethyl-1,2,4-triazolium methylsulphate", , , ,"GHS05,GHS07,GHS09,Dgr",,,
2281,117715-57-8,"7-[((4,6-dichloro-1,3,5-triazin-2-yl)amino)-4-hydroxy-3-(4-((2-sulfoxy)ethyl)sulfonyl)phenylazo]naphthalene-2-sulfonic acid", , , ,"GHS07,Wng",,,
2282,115099-58-6,"3-(5-acetylamino-4-(4-[4,6-bis(3-diethylaminopropylamino)-1,3,5-triazin-2-ylamino]phenylazo)-2-(2-methoxyethoxy)phenylazo)-6-amino-4-hydroxy-2-naphthalenesulfonic acid", , , ,"GHS09,Wng",,,
2283,98809-11-1,"2-[[4[[4,6-bis[[3-(diethylamino)propyl]amino]-1,3,5-triazine-2-yl]amino]phenyl]azo]-N-(2,3-dihydro-2-oxo-1H-benzimidazol-5-yl)-3-oxobutanamide", , , ,"GHS05,GHS07,GHS09,Dgr",,,
2284,117527-94-3,reaction mass of: tert-alkyl(C12-C14)ammonium bis[1-[(2-hydroxy-5-nitrophenyl)azo]-2-naphthalenolato(2-)]-chromate(1-), , , ,GHS09,,,
2285,43151-99-1,"4,4'-diamino-2-methylazobenzene", , , ,"GHS06,GHS08,GHS09,Dgr",,,
2286,118658-98-3,"reaction mass of 7-[4-(3-diethylaminopropylamino)-6-(3-diethylammoniopropylamino)-1,3,5-triazin-2-ylamino]-4-hydroxy-3-(4-phenylazophenylazo)-naphthalene-2-sulfonate, acetic acid, lactic acid (2:1:1)", , , ,"GHS08,Wng",,,
2287,136213-74-6,2-(4-(N-ethyl-N-(2-hydroxy)ethyl)amino-2-methylphenyl)azo-6-methoxy-3-methyl-benzothiazolium chloride, , , ,"GHS09,Wng",,,
2288,2997-92-4,"2,2'-azobis[2-methylpropionamidine] dihydrochloride", , , ,"GHS07,Wng",,,
2289,2832-40-8,C.I. Disperse Yellow 3, , , ,"GHS08,GHS07,Wng",,,
2290,842-07-9,C.I. Solvent Yellow 14, , , ,"GHS08,GHS07,Wng",,,
2291,85136-74-9,"6-hydroxy-1-(3-isopropoxypropyl)-4-methyl-2-oxo-5-[4-(phenylazo)phenylazo]-1,2-dihydro-3-pyridinecarbonitrile", , , ,"GHS08,Wng",,,
2292,108225-03-2,"(6-(4-hydroxy-3-(2-methoxyphenylazo)-2-sulfonato-7-naphthylamino)-1,3,5-triazin-2,4-diyl)bis[(amino-1-methylethyl)ammonium] formate", , , ,"GHS08,GHS05,GHS09,Dgr",,,
2293,148878-21-1,"octasodium 2-(6-(4-chloro-6-(3-(N-methyl-N-(4-chloro-6-(3,5-disulfonato-2-naphthylazo)-1-hydroxy-6-naphthylamino)-1,3,5-triazin-2-yl)aminomethyl)phenylamino)-1,3,5-triazin-2-ylamino)-3,5-disulfonato-1-hydroxy-2-naphthylazo)naphthalene-1,5-disulfonate", , , ,"GHS05,GHS07,Dgr",,,
2294,187285-15-0,"reaction mass of: sodium 5-[8-[4-[4-[4-[7-(3,5-dicarboxylatophenylazo)-8-hydroxy-3,6-disulfonatonaphthalen-1-ylamino]-6-hydroxy-1,3,5-triazin-2-yl]-2,5-dimethylpiperazin-1-yl]-6-hydroxy-1,3,5-triazin-2-ylamino]-1-hydroxy-3,6-disulfonatonaphthalen-2-ylazo]-isophthalate", , , ,"GHS05,Dgr",,,
2295,164058-22-4,"trisodium [4'-(8-acetylamino-3,6-disulfonato-2-naphthylazo)-4''-(6-benzoylamino-3-sulfonato-2-naphthylazo)-biphenyl-1,3',3'',1'''-tetraolato-O,O',O'',O''']copper(II)", , , ,"GHS08,Dgr",,,
2296,124719-26-2,"4-(3,4-dichlorophenylazo)-2,6-di-sec-butyl-phenol", , , ,"GHS08,GHS07,GHS09,Wng",,,
2297,111850-24-9,"4-(4-nitrophenylazo)-2,6-di-sec-butyl-phenol", , , ,"GHS08,GHS07,GHS09,Wng",,,
2298,130201-57-9,"tetrasodium 5-[4-chloro-6-(N-ethyl-anilino)-1,3,5-triazin-2-ylamino]-4-hydroxy-3-(1,5-disulfonatonaphthalen-2-ylazo)-naphthalene-2,7-disulfonate", , , ,"GHS05,GHS07,GHS09,Dgr",,,
2299,85665-98-1,"tetrasodium 4-amino-3,6-bis(5-[4-chloro-6-(2-hydroxyethylamino)-1,3,5-triazin-2-ylamino]-2-sulfonatophenylazo)-5-hydroxynaphthalene-2,7-disulfonate", , , ,GHS09,,,
2300,131013-81-5,tris(tetramethylammonium) 5-hydroxy-1-(4-sulphonatophenyl)-4-(4-sulphonatophenylazo)pyrazole-3-carboxylate, , , ,"GHS06,Dgr",,,
2301,118208-02-9,"2,4-bis[2,2'-[2-(N,N-dimethylamino)ethyloxycarbonyl]phenylazo]-1,3-dihydroxybenzene, dihydrochloride", , , ,"GHS05,GHS07,GHS09,Dgr",,,
2302,117584-16-4,"3-(2,6-dichloro-4-nitrophenylazo)-1-methyl-2-phenylindole", , , ,"GHS09,Wng",,,
2303,126637-70-5,"dilithium disodium (5,5'-diamino-(μ-4,4'-dihydroxy-1:2-κ-2,O4,O4',-3,3'-[3,3'-dihydroxy-1:2-κ-2-O3,O3'-biphenyl-4,4'-ylenebisazo-1:2-(N3,N4-η:N3',N4'-η)]-dinaphthalene-2,7-disulfonato(8)))dicuprate(2-)", , , ,"GHS07,Wng",,,
2304,159604-94-1,"(2,2'-(3,3'-dioxidobiphenyl-4,4'-diyldiazo)bis(6-(4-(3-(diethylamino)propylamino)-6-(3-(diethylammonio)propylamino)-1,3,5-triazin-2-ylamino)-3-sulfonato-1-naphtholato))dicopper(II) acetate lactate", , , ,"GHS07,GHS09,Wng",,,
2305,147703-64-8,"disodium 7-[4-chloro-6-(N-ethyl-o-toluidino)-1,3,5-triazin-2-ylamino]-4-hydroxy-3-(4-methoxy-2-sulfonatophenylazo)-2-naphthalenesulfonate", , , ,"GHS05,Dgr",,,
2306,147703-65-9,sodium 3-(2-acetamido-4-(4-(2-hydroxybutoxy)phenylazo)phenylazo)benzenesulfonate, , , ,"GHS07,Wng",,,
2307,141048-13-7,"tetrasodium [7-(2,5-dihydroxy-KO2-7-sulfonato-6-[4-(2,5,6-trichloro-pyrimidin-4-ylamino)phenylazo]-(N1,N7-N)-1-naphthylazo)-8-hydroxy-KO8-naphthalene-1,3,5-trisulfonato(6-)]cuprate(II)", , , ,"GHS07,Wng",,,
2308,136213-73-5,2-((4-(ethyl-(2-hydroxyethyl)amino)-2-methylphenyl)azo)-6-methoxy-3-methyl-benzothiazolium methylsulfate, , , ,"GHS08,GHS07,GHS09,Wng",,,
2309,93672-52-7,"2,5-dibutoxy-4-(morpholin-4-yl)benzenediazonium 4-methylbenzenesulfonate", , , ,"GHS02,GHS05,GHS07,Dgr",,,
2310,134595-59-8,"sodium (1.0-1.95)/lithium (0.05-1) 5-((5-((5-chloro-6-fluoro-pyrimidin-4-yl)amino)-2-sulfonatophenyl)azo)-1,2-dihydro-6-hydroxy-1,4-dimethyl-2-oxo-3-pyridinemethylsulfonate", , , ,"GHS07,Wng",,,
2311,146177-84-6,"sodium 2-(4-(4-fluoro-6-(2-sulfo-ethylamino)-[1,3,5]triazin-2-ylamino)-2-ureido-phenylazo)-5-(4-sulfophenylazo)benzene-1-sulfonate", , , ,"GHS07,Wng",,,
2312,89797-03-5,"hexasodium 1,1'-[(1-amino-8-hydroxy-3,6-disulfonate-2,7-naphthalenediyl)bis(azo(4-sulfonate-1,3-phenyl)imino[6-[(4-chloro-3-sulfonatophenyl)amino]-1,3,5-triazin-2,4-diyl]]]bis[3-carboxypyridinium] dihydroxide", , , ,GHS09,,,
2313,149850-30-6,methyl N-[3-acetylamino)-4-(2-cyano-4-nitrophenylazo)phenyl]-N-[(1-methoxy)acetyl]glycinate, , , ,"GHS07,Wng",,,
2314,131013-83-7,"tetrakis(tetramethylammonium)3,3'-(6-(2-hydroxyethylamino)1,3,5-triazine-2,4-diylbisimino(2-methyl-4,1-phenyleneazo))bisnaphthalene-1,5-disulfonate", , , ,"GHS06,Dgr",,,
2315,118658-99-4,"(methylenebis(4,1-phenylenazo(1-(3-(dimethylamino)propyl)-1,2-dihydro-6-hydroxy-4-methyl-2-oxopyridine-5,3-diyl)))-1,1'-dipyridinium dichloride dihydrochloride", , , ,"GHS08,GHS09,Dgr",,,
2316,140876-13-7,"potassium sodium 3,3'-(3(or4)-methyl-1,2-phenylenebis(imino(6-chloro)-1,3,5-triazine-4,2-diylimino(2-acetamido-5-methoxy)-4,1-phenylenazo)dinaphthalene-1,5-disulfonate", , , ,"GHS05,Dgr",,,
2317,104366-25-8,2'-(4-chloro-3-cyano-5-formyl-2-thienyl)azo-5'-diethylaminoacetanilide, , , ,"GHS07,Wng",,,
2318,136213-75-7,"sodium 4-(4-chloro-6-(N-ethylanilino)-1,3,5-triazin-2-ylamino)-2-(1-(2-chlorophenyl)-5-hydroxy-3-methyl-1H-pyrazol-4-ylazo)benzenesulfonate", , , ,"GHS07,GHS09,Wng",,,
2319,157627-99-1,"hexasodium 4,4'-dihydroxy-3,3'-bis[2-sulfonato-4-(4-sulfonatophenylazo)phenylazo]-7,7'[p-phenylenebis[imino(6-chloro-1,3,5-triazine-4,2-diyl)imino]]dinaphthalene-2-sulfonate", , , ,"GHS05,Dgr",,,
2320,124605-82-9,"tetra-sodium/lithium 4,4'-bis-(8-amino-3,6-disulfonato-1-naphthol-2-ylazo)-3-methylazobenzene", , , ,"GHS07,GHS09,Wng",,,
2321,149626-00-6,"lithium sodium (2-(((5-((2,5-dichlorophenyl)azo)-2-hydroxyphenyl)methylene)amino)benzoato(2-))(2-((4,5-dihydro-3-methyl-5-oxo-1-phenyl-1H-pyrazol-4-yl)azo)-5-sulfobenzoato(3-)) chromate(2-)", , , ,GHS09,,,
2322,149564-66-9,"lithium sodium (4-((5-chloro-2-hydroxyphenyl)azo)-2,4-dihydro-5-methyl-3H-pyrazol-3-onato(2-))(3-((4,5-dihydro-3-methyl-1-(4-methylphenyl)-5-oxo-1H-pyrazol-4-yl)azo)-4-hydroxy-5-nitrobenzenesulfonato(3-)) chromate(2-)", , , ,"GHS05,GHS07,Dgr",,,
2323,149564-65-8,trilithium bis(4-((4-(diethylamino)-2-hydroxyphenyl)azo)-3-hydroxy-1-naphthalenesulfonato(3-))chromate(3-), , , ,"GHS07,Wng",,,
2324,149850-29-3,"1,3-bis{}{6-fluoro-4-[1,5-disulfo-4-(3-aminocarbonyl-1-ethyl-6-hydroxy-4-methyl-pyrid-2-on-5-ylazo)-phenyl-2-ylamino]-1,3,5-triazin-2-ylamino}}propane lithium-, sodium salt", , , ,"GHS07,Wng",,,
2325,148878-22-2,"tetrasodium 4-[4-chloro-6-(4-methyl-2-sulfophenylamino)-1,3,5-triazin-2-ylamino]-6-(4,5-dimethyl-2-sulfophenylazo)-5-hydroxynaphthalene-2,7-disulfonate", , , ,"GHS05,GHS07,Dgr",,,
2326,157707-94-3,"5-{}{4-[5-amino-2-[4-(2-sulfoxyethylsulfonyl)phenylazo]-4-sulfo-phenylamino]-6-chloro-1,3,5-triazin-2-ylamino}}-4-hydroxy-3-(1-sulfo-naphthalen-2-ylazo)-naphthalene-2,7-disulfonicacid sodium salt", , , ,"GHS05,Dgr",,,
2327,30785-74-1,"Main component 6 (isomer): asym. 1:2 Cr(III)-complex of: A: 3-hydroxy-4-(2-hydroxy-naphthalene-1-ylazo)naphthalene-1-sulfonic acid, Na-salt and B: 1-[2-hydroxy-5-(4-methoxy-phenylazo)phenylazo]naphthalene-2-ol", , , ,"GHS05,GHS09,Dgr",,,
2328,151436-99-6,"hexasodium (di[N-(3-(4-[5-(5-amino-3-methyl-1-phenylpyrazol-4-yl-azo)-2,4-disulfo-anilino]-6-chloro-1,3,5-triazin-2-ylamino)phenyl)-sulfamoyl](di-sulfo)-phthalocyaninato)nickel", , , ,"GHS05,GHS07,Dgr",,,
2329,178452-66-9,"3-(2,4-bis(4-((5-(4,6-bis(2-aminopropylamino)-1,3,5-triazin-2-ylamino)-4-hydroxy-2,7-disulfonaphthalen-3-yl)azo)phenylamino)-1,3,5-triazin-6-ylamino)propyldiethylammonium lactate", , , ,"GHS05,Dgr",,,
2330,174514-06-8,"2,6-bis-(2-(4-(4-amino-phenylamino)-phenylazo)-1,3-dimethyl-3H-imidazolium)-4-dimethylamino-1,3,5-triazine, dichloride", , , ,"GHS05,GHS09,Dgr",,,
2331,171599-85-2,"N,N'-bis{}{6-chloro-4-[6-(4-vinylsulfonylphenylazo)-2,7-disulfonicacid-5-hydroxynapht-4-ylamino]-1,3,5-triazin-2-yl}}-N-(2-hydroxyethyl)ethane-1,2-diamine, sodium salt", , , ,"GHS05,GHS07,Dgr",,,
2332,163879-69-4,"reaction mass of: 5-[(4-[(7-amino-1-hydroxy-3-sulfo-2-naphthyl)azo]-2,5-diethoxyphenyl)azo]-2-[(3-phosphonophenyl)azo]benzoic acid", , , ,"GHS01,GHS08,GHS07,GHS09,Dgr",,,
2333,183130-96-3,"tetra-ammonium 2-[6-[7-(2-carboxylato-phenylazo)-8-hydroxy-3,6-disulfonato-1-naphthylamino]-4-hydroxy-1,3,5-triazin-2-ylamino]benzoate", , , ,"GHS07,Wng",,,
2334,151798-26-4,2-[2-hydroxy-3-(2-chlorophenyl)carbamoyl-1-naphthylazo]-7-[2-hydroxy-3-(3-methylphenyl)carbamoyl-1-naphthylazo]fluoren-9-one, , , ,"GHS08,Dgr",,,
2335,178452-71-6,"pentasodium bis{}{7-[4-(1-butyl-5-cyano-1,2-dihydro-2-hydroxy-4-methyl-6-oxo-3-pyridylazo)phenylsulfonylamino]-5'-nitro-3,3'-disulfonatonaphthalene-2-azobenzene-1,2'-diolato}} chromate (III)", , , ,"GHS05,Dgr",,,
2336,152828-25-6,"2-(4-aminophenyl)-6-tert-butyl-1H-pyrazolo[1,5-b][1,2,4]triazole", , , ,"GHS07,GHS09,Wng",,,
2337,68049-83-2,azafenidin, , , ,"GHS08,GHS09,Dgr",,,
2338,214362-06-8,"reaction mass of: 7-amino-3,8-bis-[4-(2-sulfoxyethylsulfonyl)phenylazo]-4-hydroxynaphthalene-2-sulfonic acid, Na/K salt", , , ,"GHS05,Dgr",,,
2339,205764-96-1,"sodium, potassium, lithium 5-amino-3,6-bis(5-(4-chloro-6-(methyl-(2-methylaminoacetyl)amino)-1,3,5-triazin-2-ylamino)-2-sulfonatophenylazo)-4-hydroxynaphthalene-2,7-disulfonate", , , ,"GHS05,GHS07,Dgr",,,
2340,193486-83-8,"2-(2-chloroacetoxy)ethyl 3-((4-(2,5-dichloro-4-fluorosulfonylphenylazo)-3-methylphenyl)ethylamino)propionate", , , ,GHS09,,,
2341,495-54-5,chrysoidine, , , ,"GHS08,GHS07,GHS09,Wng",,,
2342,532-82-1,chrysoidine monohydrochloride, , , ,"GHS05,GHS08,GHS07,GHS09,Dgr",,,
2343,75660-25-2,chrysoidine monohydrochloride, , , ,"GHS05,GHS08,GHS07,GHS09,Dgr",,,
2344,79234-33-6,chrysoidine monohydrochloride, , , ,"GHS05,GHS08,GHS07,GHS09,Dgr",,,
2345,63681-54-9,chrysoidine monohydrochloride, , , ,"GHS05,GHS08,GHS07,GHS09,Dgr",,,
2346,83968-67-6,chrysoidine monohydrochloride, , , ,"GHS05,GHS08,GHS07,GHS09,Dgr",,,
2347,84196-22-5,chrysoidine monohydrochloride, , , ,"GHS05,GHS08,GHS07,GHS09,Dgr",,,
2348,85407-90-5,chrysoidine C10-14-alkyl derivatives, , , ,"GHS05,GHS08,GHS07,Dgr",,,
2349,94247-67-3,chrysoidine C10-14-alkyl derivatives, , , ,"GHS05,GHS08,GHS07,Dgr",,,
2350,92408-46-3,"trisodium 5-benzamido-4-hydroxy-3-(4-methyl-2-sulfonatophenylazo)naphthalene-2,7-disulfonate", , , ,-,,,
2351,7456-68-0,"4,4'-oxybis(benzenesulfonylazide)", , , ,"GHS01,GHS08,GHS09,Dgr",,,
2352,221354-37-6,"triammonium 4-[4-[7-(4-carboxylatoanilino)-1-hydroxy-3-sulfonato-2-naphthylazo]-2,5-dimethoxyphenylazo]benzoate", , , ,"GHS08,GHS09,Wng",,,
2353,243869-48-9,"benzenesulfonic acid, 3,3'-(methylenebis((dihydroxyphenylene)azo))bis-, potassium sodium salt", , , ,"GHS07,Wng",,,
2354,457624-86-1,"reaction mass of: 3-[5-(4-ethenesulfonylbutyrylamino)-2-sulfophenylazo]-5-{4-chloro-[6-(4-(3-amino-5-hydroxy-2,7-disulfonaphthalene-4-ylazo)-3-sulfophenylamino]-1,3,5-triazin-2-ylamino}-4-hydroxynaphthalene-2,7-disulfonic acid, sodium salt", , , ,"GHS05,Dgr",,,
2355,508202-43-5,"reaction mass of: pentasodium bis[6-anilino-3,5'-disulfonatonaphthalene-2-azobenzene-1,2'-diolato]cobaltate(III)", , , ,"GHS05,GHS07,Dgr",,,
2356,74-89-5,mono-methylamine, , , ,"GHS05,Dgr,GHS02,GHS04,GHS07",,,
2357,124-40-3,mono-methylamine, , , ,"GHS05,Dgr,GHS02,GHS04,GHS07",,,
2358,75-50-3,mono-methylamine, , , ,"GHS05,Dgr,GHS02,GHS04,GHS07",,,
2359,75-04-7,ethylamine, , , ,"GHS02,GHS04,GHS07,Dgr",,,
2360,109-89-7,diethylamine, , , ,"GHS02,GHS05,GHS07,Dgr",,,
2361,121-44-8,triethylamine, , , ,"GHS02,GHS05,GHS07,Dgr",,,
2362,109-73-9,butylamine, , , ,"GHS02,GHS05,GHS07,Dgr",,,
2363,107-15-3,ethylenediamine, , , ,"GHS02,GHS08,GHS05,GHS07,Dgr",,,
2364,75-31-0,2-aminopropane, , , ,"GHS02,GHS07,Dgr",,,
2365,62-53-3,aniline, , , ,"GHS06,GHS08,GHS05,GHS09,Dgr",,,
2366,659-49-4,4-nitrosoaniline, , , ,"GHS07,Wng",,,
2367,88-74-4,o-nitroaniline, , , ,"GHS06,GHS08,Dgr",,,
2368,99-09-2,o-nitroaniline, , , ,"GHS06,GHS08,Dgr",,,
2369,100-01-6,o-nitroaniline, , , ,"GHS06,GHS08,Dgr",,,
2370,121-47-1,3-aminobenzene sulphonic acid, , , ,"GHS07,Wng",,,
2371,121-57-3,sulphanilic acid, , , ,"GHS07,Wng",,,
2372,100-61-8,N-methylaniline, , , ,"GHS06,GHS08,GHS09,Dgr",,,
2373,121-69-7,"N,N-dimethylaniline", , , ,"GHS06,GHS08,GHS09,Dgr",,,
2374,479-45-8,"N-methyl-N-2,4,6-tetranitroaniline", , , ,"GHS01,GHS06,GHS08,Dgr",,,
2375,131-73-7,"bis(2,4,6-trinitrophenyl)amine", , , ,"GHS01,GHS06,GHS08,GHS09,Dgr",,,
2376,2844-92-0,"dipicrylamine, ammonium salt", , , ,"GHS01,GHS06,GHS08,GHS09,Dgr",,,
2377,134-32-7,1-naphthylamine, , , ,"GHS07,GHS09,Wng",,,
2378,91-59-8,2-naphthylamine, , , ,"GHS08,GHS07,GHS09,Dgr",,,
2379,100-63-0,phenylhydrazine, , , ,"GHS06,GHS08,GHS09,Dgr",,,
2380,59-88-1,phenylhydrazine, , , ,"GHS06,GHS08,GHS09,Dgr",,,
2381,27140-08-5,phenylhydrazine, , , ,"GHS06,GHS08,GHS09,Dgr",,,
2382,52033-74-6,phenylhydrazine, , , ,"GHS06,GHS08,GHS09,Dgr",,,
2383,108-44-1,m-toluidine, , , ,"GHS06,GHS08,GHS09,Dgr",,,
2384,122-39-4,diphenylamine, , , ,"GHS06,GHS08,GHS09,Dgr",,,
2385,106-50-3,p-phenylenediamine, , , ,"GHS06,GHS09,Dgr",,,
2386,624-18-0,"benzene-1,4-diamine dihydrochloride", , , ,"GHS06,GHS09,Dgr",,,
2387,615-50-9,2-methyl-p-phenylenediamine sulphate, , , ,"GHS06,GHS09,Dgr",,,
2388,6369-59-1,2-methyl-p-phenylenediamine sulphate, , , ,"GHS06,GHS09,Dgr",,,
2389,4/6/2836,"N,N-dimethylbenzene-1,3-diamine", , , ,"GHS06,Dgr",,,
2390,99-98-9,"N,N-dimethylbenzene-1,3-diamine", , , ,"GHS06,Dgr",,,
2391,100-22-1,"N,N,N',N'-tetramethyl-p-phenylenediamine", , , ,"GHS07,Wng",,,
2392,95-55-6,2-aminophenol, , , ,"GHS08,GHS07,Wng",,,
2393,96-91-3,"2-amino-4,6-dinitrophenol", , , ,"Dgr,Wng,GHS07,GHS01",,,
2394,90-04-0,2-methoxyaniline, , , ,"GHS06,GHS08,Dgr",,,
2395,119-90-4,"3,3'-dimethoxybenzidine", , , ,"GHS08,GHS07,Dgr",,,
2396,96-96-8,2-nitro-p-anisidine, , , ,"GHS06,GHS08,Dgr",,,
2397,94-70-2,2-ethoxyaniline, , , ,"GHS06,GHS08,Dgr",,,
2398,97-02-9,"2,4-dinitroaniline", , , ,"GHS06,GHS08,GHS09,Dgr",,,
2399,119-93-7,"4,4'-bi-o-toluidine", , , ,"GHS08,GHS07,GHS09,Dgr",,,
2400,92-87-5,benzidine, , , ,"GHS08,GHS07,GHS09,Dgr",,,
2401,2810-74-4,"N,N'-dimethylbenzidine", , , ,"GHS07,Wng",,,
2402,613-35-4,"N,N'-diacetylbenzidine", , , ,"GHS08,GHS07,Dgr",,,
2403,107-11-9,allylamine, , , ,"GHS02,GHS06,GHS09,Dgr",,,
2404,100-46-9,benzylamine, , , ,"GHS05,GHS07,Dgr",,,
2405,142-84-7,dipropylamine, , , ,"GHS02,GHS05,GHS07,Dgr",,,
2406,111-92-2,di-n-butylamine, , , ,"GHS02,GHS07,Wng",,,
2407,626-23-3,di-n-butylamine, , , ,"GHS02,GHS07,Wng",,,
2408,108-91-8,cyclohexylamine, , , ,"GHS02,GHS05,GHS08,GHS07,Dgr",,,
2409,101-77-9,"4,4'-diaminodiphenylmethane", , , ,"GHS08,GHS07,GHS09,Dgr",,,
2410,513-49-5,(S)-sec-butylamine, , , ,"GHS02,GHS05,GHS07,GHS09,Dgr",,,
2411,13250-12-9,(S)-sec-butylamine, , , ,"GHS02,GHS05,GHS07,GHS09,Dgr",,,
2412,13952-84-6,(S)-sec-butylamine, , , ,"GHS02,GHS05,GHS07,GHS09,Dgr",,,
2413,103-69-5,N-ethylaniline, , , ,"GHS06,GHS08,Dgr",,,
2414,91-66-7,"N,N-diethylaniline", , , ,"GHS06,GHS08,GHS09,Dgr",,,
2415,611-21-2,N-methyl-o-toluidine, , , ,"GHS06,GHS08,Dgr",,,
2416,696-44-6,N-methyl-o-toluidine, , , ,"GHS06,GHS08,Dgr",,,
2417,623-08-5,N-methyl-o-toluidine, , , ,"GHS06,GHS08,Dgr",,,
2418,99-97-8,"N,N-dimethyl-p-toluidine", , , ,"GHS06,GHS08,Dgr",,,
2419,121-72-2,"N,N-dimethyl-p-toluidine", , , ,"GHS06,GHS08,Dgr",,,
2420,609-72-3,"N,N-dimethyl-p-toluidine", , , ,"GHS06,GHS08,Dgr",,,
2421,110-85-0,piperazine, , , ,"GHS05,GHS08,Dgr",,,
2422,111-40-0,"2,2'-iminodiethylamine", , , ,"GHS05,GHS07,Dgr",,,
2423,112-24-3,"3,6-diazaoctanethylenediamin", , , ,"GHS05,GHS07,Dgr",,,
2424,112-57-2,"3,6,9-triazaundecamethylenediamine", , , ,"GHS05,GHS07,GHS09,Dgr",,,
2425,109-55-7,3-aminopropyldimethylamine, , , ,"GHS02,GHS05,GHS07,Dgr",,,
2426,104-78-9,3-aminopropyldiethylamine, , , ,"GHS02,GHS05,GHS07,Dgr",,,
2427,56-18-8,"3,3'-iminodi(propylamine)", , , ,"GHS06,GHS05,Dgr",,,
2428,4067-16-7,"3,6,9,12-tetra-azatetradecamethylenediamine", , , ,"GHS05,GHS07,GHS09,Dgr",,,
2429,101-83-7,dicyclohexylamine, , , ,"GHS05,GHS07,GHS09,Dgr",,,
2430,2855-13-2,"3-aminomethyl-3,5,5-trimethylcyclohexylamine", , , ,"GHS05,GHS07,Dgr",,,
2431,91-94-1,"3,3'-dichlorobenzidine", , , ,"GHS08,GHS07,GHS09,Dgr",,,
2432,531-85-1,salts of benzidine [, , , ,"GHS08,GHS07,GHS09,Dgr",,,
2433,531-86-2,salts of benzidine [, , , ,"GHS08,GHS07,GHS09,Dgr",,,
2434,21136-70-9,salts of benzidine [, , , ,"GHS08,GHS07,GHS09,Dgr",,,
2435,36341-27-2,salts of benzidine [, , , ,"GHS08,GHS07,GHS09,Dgr",,,
2436,553-00-4,salts of 2-naphthylamine, , , ,"GHS08,GHS07,GHS09,Dgr",,,
2437,612-52-2,salts of 2-naphthylamine, , , ,"GHS08,GHS07,GHS09,Dgr",,,
2438,92-67-1,biphenyl-4-ylamine, , , ,"GHS08,GHS07,Dgr",,,
2439,103-83-3,benzyldimethylamine, , , ,"GHS02,GHS05,GHS07,Dgr",,,
2440,108-00-9,2-aminoethyldimethylamine, , , ,"GHS02,GHS05,GHS07,Dgr",,,
2441,598-56-1,ethyldimethylamine, , , ,"GHS02,GHS05,GHS07,Dgr",,,
2442,62-75-9,dimethylnitrosoamine, , , ,"GHS06,GHS08,GHS09,Dgr",,,
2443,101-14-4,"2,2'-dichloro-4,4'-methylenedianiline", , , ,"GHS08,GHS07,GHS09,Dgr",,,
2444,93-05-0,"4-amino-N,N-diethylaniline", , , ,"GHS06,GHS05,Dgr",,,
2445,612-82-8,"salts of 4,4'-bi-o-toluidine", , , ,"GHS08,GHS07,GHS09,Dgr",,,
2446,64969-36-4,"salts of 4,4'-bi-o-toluidine", , , ,"GHS08,GHS07,GHS09,Dgr",,,
2447,74753-18-7,"salts of 4,4'-bi-o-toluidine", , , ,"GHS08,GHS07,GHS09,Dgr",,,
2448,62-56-6,thiourea, , , ,"GHS08,GHS07,GHS09,Wng",,,
2449,70-25-7,1-methyl-3-nitro-1-nitrosoguanidine, , , ,"GHS08,GHS07,GHS09,Dgr",,,
2450,80-08-0,dapsone, , , ,"GHS07,Wng",,,
2451,838-88-0,"4,4'-methylenedi-o-toluidine", , , ,"GHS08,GHS07,GHS09,Dgr",,,
2452,33089-61-1,amitraz, , , ,"GHS08,GHS07,GHS09,Wng",,,
2453,108173-90-6,guazatine, , , ,"GHS06,GHS05,GHS09,Dgr",,,
2454,122-34-9,simazine, , , ,"GHS08,GHS09,Wng",,,
2455,2243-62-1,"1,5-naphthylenediamine", , , ,"GHS08,GHS09,Wng",,,
2456,1116-54-7,"2,2'-(nitrosoimino)bisethanol", , , ,"GHS08,Dgr",,,
2457,95-53-4,o-toluidine, , , ,"GHS06,GHS08,GHS09,Dgr",,,
2458,1000-78-8,"N,N'-(2,2-dimethylpropylidene)hexamethylenediamine", , , ,"GHS07,Wng",,,
2459,104147-32-2,"3,5-dichloro-4-(1,1,2,2-tetrafluoroethoxy)aniline", , , ,"GHS07,GHS09,Wng",,,
2460,113674-95-6,4-(2-chloro-4-trifluoromethyl)phenoxy-2-fluoroaniline hydrochloride, , , ,"GHS05,GHS08,GHS07,GHS09,Dgr",,,
2461,113694-52-3,benzyl-2-hydroxydodecyldimethylammonium benzoate, , , ,"GHS05,GHS07,GHS09,Dgr",,,
2462,492-80-8,"4,4'-carbonimidoylbis[N,N-dimethylaniline]", , , ,"GHS08,GHS07,GHS09,Wng",,,
2463,621-64-7,nitrosodipropylamine, , , ,"GHS08,GHS07,GHS09,Dgr",,,
2464,95-80-7,4-methyl-m-phenylenediamine, , , ,"GHS06,GHS08,GHS09,Dgr",,,
2465,78-90-0,propylenediamine, , , ,"GHS02,GHS05,GHS07,Dgr",,,
2466,100-97-0,methenamine, , , ,"GHS02,GHS07,Wng",,,
2467,105-83-9,"N,N-bis(3-aminopropyl)methylamine", , , ,"GHS06,GHS05,Dgr",,,
2468,110-18-9,"N,N,N',N'-tetramethylethylenediamine", , , ,"GHS02,GHS05,GHS07,Dgr",,,
2469,124-09-4,hexamethylenediamine, , , ,"GHS05,GHS07,Dgr",,,
2470,140-31-8,2-piperazin-1-ylethylamine, , , ,"GHS05,GHS07,Dgr",,,
2471,98-84-0,1-phenylethylamine, , , ,"GHS05,GHS07,Dgr",,,
2472,618-36-0,1-phenylethylamine, , , ,"GHS05,GHS07,Dgr",,,
2473,919-30-2,3-aminopropyltriethoxysilane, , , ,"GHS05,GHS07,Dgr",,,
2474,3030-47-5,bis(2-dimethylaminoethyl)(methyl)amine, , , ,"GHS06,GHS05,Dgr",,,
2475,6864-37-5,"2,2'-dimethyl-4,4'-methylenebis(cyclohexylamine)", , , ,"GHS06,GHS05,GHS09,Dgr",,,
2476,823-40-5,2-methyl-m-phenylenediamine, , , ,"GHS08,GHS07,GHS09,Wng",,,
2477,104-94-9,p-anisidine, , , ,"GHS06,GHS08,GHS09,Dgr",,,
2478,106264-79-3,"6-methyl-2,4-bis(methylthio)phenylene-1,3-diamine", , , ,"GHS07,GHS09,Wng",,,
2479,123312-54-9,dimethyldioctadecylammonium hydrogen sulfate, , , ,"GHS07,Wng",,,
2480,68132-19-4,C8-18alkylbis(2-hydroxyethyl)ammonium bis(2-ethylhexyl)phosphate, , , ,"GHS06,GHS05,GHS09,Dgr",,,
2481,119415-07-5,"C12-14-tert-alkylamine, methylphosphonic acid salt", , , ,"GHS05,GHS07,GHS09,Dgr",,,
2482,74070-46-5,aclonifen, , , ,"GHS08,GHS07,GHS09,Wng",,,
2483,68131-73-7,"amines, polyethylenepoly-", , , ,"GHS05,GHS07,GHS09,Dgr",,,
2484,7803-49-8,hydroxylamine  ....% [> 55 % in aqueous solution], , , ,"GHS09,GHS05,Dgr,GHS08,GHS07,GHS01",,,
2485,11/1/5470,hydroxylammonium chloride, , , ,"GHS05,GHS08,GHS07,GHS09,Wng",,,
2486,10039-54-0,hydroxylammonium chloride, , , ,"GHS05,GHS08,GHS07,GHS09,Wng",,,
2487,138-24-9,"N,N,N-trimethylanilinium chloride", , , ,"GHS06,Dgr",,,
2488,95-70-5,2-methyl-p-phenylenediamine, , , ,"GHS06,GHS09,Dgr",,,
2489,65321-67-7,"toluene-2,4-diammonium sulphate", , , ,"GHS06,GHS08,GHS09,Dgr",,,
2490,591-27-5,3-aminophenol, , , ,"GHS07,GHS09,Wng",,,
2491,123-30-8,4-aminophenol, , , ,"GHS08,GHS07,GHS09,Wng",,,
2492,108-18-9,diisopropylamine, , , ,"GHS02,GHS05,GHS07,Dgr",,,
2493,1/4/2095,"2,6-diamino-3,5-diethyltoluene", , , ,"GHS08,GHS07,GHS09,Wng",,,
2494,2/5/2095,"2,6-diamino-3,5-diethyltoluene", , , ,"GHS08,GHS07,GHS09,Wng",,,
2495,68479-98-1,"2,6-diamino-3,5-diethyltoluene", , , ,"GHS08,GHS07,GHS09,Wng",,,
2496,7173-51-5,didecyldimethylammonium chloride, , , ,"GHS05,GHS07,Dgr",,,
2497,74-31-7,"N,N'-diphenyl-p-phenylenediamine", , , ,"GHS07,Wng",,,
2498,25646-77-9,(4-ammonio-m-tolyl)ethyl(2-hydroxyethyl)ammonium sulphate, , , ,"GHS06,GHS08,GHS09,Dgr",,,
2499,25646-71-3,N-(2-(4-amino-N-ethyl-m-toluidino)ethyl)methanesulphonamide sesquisulphate, , , ,"GHS07,GHS09,Wng",,,
2500,135-88-6,N-2-naphthylaniline, , , ,"GHS08,GHS07,GHS09,Wng",,,
2501,101-72-4,N-isopropyl-N'-phenyl-p-phenylenediamine, , , ,"GHS07,GHS09,Wng",,,
2502,106-47-8,4-chloroaniline, , , ,"GHS06,GHS08,GHS09,Dgr",,,
2503,57646-30-7,furalaxyl, , , ,"GHS07,Wng",,,
2504,73250-68-7,mefenacet, , , ,GHS09,,,
2505,63449-41-2,"quaternary ammonium compounds, benzyl-C8-18-alkyldimethyl, chlorides", , , ,"GHS05,GHS07,GHS09,Dgr",,,
2506,19900-65-3,"4,4'-methylenebis(2-ethylaniline)", , , ,"GHS08,GHS07,GHS09,Wng",,,
2507,90-41-5,biphenyl-2-ylamine, , , ,"GHS08,GHS07,Wng",,,
2508,2051-79-8,"N5,N5-diethyltoluene-2,5-diamine monohydrochloride", , , ,"GHS06,GHS09,Dgr",,,
2509,62924-70-3,flumetralin, , , ,"GHS07,GHS09,Wng",,,
2510,95-54-5,o-phenylenediamine, , , ,"GHS06,GHS08,GHS09,Dgr",,,
2511,615-28-1,o-phenylenediamine dihydrochloride, , , ,"GHS06,GHS08,GHS09,Dgr",,,
2512,108-45-2,m-phenylenediamine, , , ,"GHS06,GHS08,GHS09,Dgr",,,
2513,541-69-5,m-phenylenediamine dihydrochloride, , , ,"GHS06,GHS08,GHS09,Dgr",,,
2514,102-06-7,"1,3-diphenylguanidine", , , ,"GHS08,GHS07,GHS09,Wng",,,
2515,118134-30-8,spiroxamine, , , ,"GHS08,GHS07,GHS09,Wng",,,
2516,62478-82-4,"N,N-diethyl-N',N'-dimethylpropan-1,3-diyl-diamine", , , ,"GHS02,GHS08,GHS05,GHS07,Dgr",,,
2517,132885-85-9,"4-[N-ethyl-N-(2-hydroxyethyl)amino]-1-(2-hydroxyethyl)amino-2-nitrobenzene, monohydrochloride", , , ,"GHS07,Wng",,,
2518,106-49-0,p-toluidine, , , ,"GHS06,GHS08,GHS09,Dgr",,,
2519,540-23-8,p-toluidine, , , ,"GHS06,GHS08,GHS09,Dgr",,,
2520,540-25-0,p-toluidine, , , ,"GHS06,GHS08,GHS09,Dgr",,,
2521,87-62-7,"2,6-xylidine", , , ,"GHS08,GHS07,GHS09,Wng",,,
2522,107-64-2,dimethyldioctadecylammonium chloride, , , ,"GHS05,GHS09,Dgr",,,
2523,70630-17-0,metalaxyl-M, , , ,"GHS05,GHS07,Dgr",,,
2524,137605-95-9,"2-butyl-2-ethyl-1,5-diaminopentane", , , ,"GHS08,GHS05,GHS07,Dgr",,,
2525,65181-78-4,"N,N'-diphenyl-N,N'-bis(3-methylphenyl)-(1,1'-diphenyl)-4,4'-diamine", , , ,GHS09,,,
2526,114765-88-7,"reaction mass of: cis-(5-ammonium-1,3,3-trimethyl)-cyclohexanemethylammonium phosphate (1:1)", , , ,"GHS05,GHS07,Dgr",,,
2527,2840-00-8,"3,5-dichloro-2,6-difluoropyrdine-4-amine", , , ,"GHS07,GHS09,Wng",,,
2528,618-26-8,bis(N-methyl-N-phenylhydrazine)sulfate, , , ,"GHS02,GHS05,GHS08,GHS07,GHS09,Dgr",,,
2529,130728-76-6,"N,N,N',N'-tetraglycidyl-4,4'-diamino-3,3'-diethyldiphenylmethane", , , ,"GHS08,GHS09,Wng",,,
2530,13474-64-1,"4,4'-methylenebis(N,N'-dimethylcyclohexanamine", , , ,"GHS08,GHS05,GHS07,Dgr",,,
2531,125328-86-1,lithium 1-amino-4-(4-tert-butylanilino)anthraquinone-2-sulfonate, , , ,"GHS05,GHS07,GHS09,Dgr",,,
2532,19060-15-2,"4,4-dimethoxybutylamine", , , ,"GHS05,GHS07,Dgr",,,
2533,37866-45-8,2-(O-aminooxy)ethylamine dihydrochloride, , , ,"GHS07,Wng",,,
2534,143747-73-3,"Polymer of 1,3-dibromopropane and N,N-diethyl-N',N'-dimethyl-1,3-propanediamine", , , ,"GHS09,Wng",,,
2535,104295-55-8,2-naphthylamino-6-sulfomethylamide, , , ,"GHS08,GHS09,Wng",,,
2536,112193-77-8,"1,4,7,10-tetraazacyclododecane disulfate", , , ,"GHS05,GHS07,Dgr",,,
2537,25965-81-5,1-(2-propenyl)pyridinium chloride, , , ,"GHS07,Wng",,,
2538,4403-70-7,3-aminobenzylamine, , , ,"GHS05,GHS07,GHS09,Dgr",,,
2539,1134-94-7,2-phenylthioaniline, , , ,"GHS07,GHS09,Wng",,,
2540,65756-41-4,1-ethyl-1-methylmorpholinium bromide, , , ,"GHS08,Wng",,,
2541,69227-51-6,1-ethyl-1-methylpyrrolidinium bromide, , , ,"GHS08,Wng",,,
2542,59493-72-0,"1-[3-[4-((heptadecafluorononyl)oxy)-benzamido]propyl]-N,N,N-trimethylammonium iodide", , , ,"GHS05,GHS09,Dgr",,,
2543,149057-64-7,bis(N-(7-hydroxy-8-methyl-5-phenylphenazin-3-ylidene)dimethylammonium) sulfate, , , ,"GHS08,GHS05,GHS07,GHS09,Dgr",,,
2544,3862-73-5,"2,3,4-trifluoroaniline", , , ,"GHS08,GHS05,GHS07,GHS09,Dgr",,,
2545,107934-68-9,"4,4'-(9H-fluoren-9-ylidene)bis(2-chloroaniline)", , , ,GHS09,,,
2546,135043-64-0,4-amino-2-(aminomethyl)phenol dihydrochloride, , , ,"GHS07,GHS09,Wng",,,
2547,16298-38-7,"4,4'-methylenebis(2-isopropyl-6-methylaniline)", , , ,"GHS08,GHS09,Wng",,,
2548,71550-12-4,Polymer of allylamine hydrochloride, , , ,"GHS07,Wng",,,
2549,154212-60-9,2-isopropyl-4-(N-methyl)aminomethylthiazole, , , ,"GHS05,GHS07,GHS09,Dgr",,,
2550,18759-96-1,3-methylaminomethylphenylamine, , , ,"GHS05,GHS07,GHS09,Dgr",,,
2551,141890-30-4,"2-hydroxy-3-[(2-hydroxyethyl)-[2-(1-oxotetradecyl)amino]ethyl]amino]-N,N,N-trimethyl-1-propanammonium chloride", , , ,"GHS05,GHS07,GHS09,Dgr",,,
2552,160236-81-7,"bis[tributyl 4-(methylbenzyl)ammonium] 1,5-naphthalenedisulfonate", , , ,"GHS05,GHS07,GHS09,Dgr",,,
2553,95-69-2,4-chloro-o-toluidine, , , ,"GHS06,GHS08,GHS09,Dgr",,,
2554,3165-93-3,4-chloro-o-toluidine, , , ,"GHS06,GHS08,GHS09,Dgr",,,
2555,137-17-7,"2,4,5-trimethylaniline", , , ,"GHS06,GHS08,GHS09,Dgr",,,
2556,21436-97-5,"2,4,5-trimethylaniline", , , ,"GHS06,GHS08,GHS09,Dgr",,,
2557,139-65-1,"4,4'-thiodianiline and its salts", , , ,"GHS08,GHS07,GHS09,Dgr",,,
2558,101-80-4,"4,4'-oxydianiline and its salts", , , ,"GHS06,GHS08,GHS09,Dgr",,,
2559,615-05-4,"2,4-diaminoanisole", , , ,"GHS08,GHS07,GHS09,Dgr",,,
2560,39156-41-7,"2,4-diaminoanisole", , , ,"GHS08,GHS07,GHS09,Dgr",,,
2561,101-61-1,"N,N,N',N'-tetramethyl-4,4'-methylendianiline", , , ,"GHS08,GHS09,Dgr",,,
2562,95-76-1,"3,4-dichloroaniline", , , ,"GHS06,GHS05,GHS09,Dgr",,,
2563,548-62-9,C.I. Basic Violet 3, , , ,"GHS08,GHS05,GHS07,GHS09,Dgr",,,
2564,131807-57-3,famoxadone, , , ,"GHS08,GHS09,Wng",,,
2565,156-43-4,4-ethoxyaniline, , , ,"GHS08,GHS07,Wng",,,
2566,120-71-8,6-methoxy-m-toluidine, , , ,"GHS08,GHS07,Dgr",,,
2567,99-55-8,5-nitro-o-toluidine, , , ,"GHS06,GHS08,Dgr",,,
2568,51085-52-0,5-nitro-o-toluidine, , , ,"GHS06,GHS08,Dgr",,,
2569,170292-97-4,N-[(benzotriazole-1-yl)methyl)]-4-carboxybenzenesulfonamide, , , ,"GHS07,GHS09,Wng",,,
2570,24279-39-8,"2,6-dichloro-4-trifluoromethylaniline", , , ,"GHS07,GHS09,Wng",,,
2571,148348-13-4,"isobutylidene-(2-(2-isopropyl-4,4-dimethyloxazolidine-3-yl)-1,1-dimethylethyl)amine", , , ,"GHS05,Dgr",,,
2572,179104-32-6,3-chloro-2-(isopropylthio)aniline, , , ,"GHS07,GHS09,Wng",,,
2573,19450-38-5,"1-amino-1-cyanamino-2,2-dicyanoethylene, sodium salt", , , ,"GHS07,Wng",,,
2574,37143-54-7,1-methoxy-2-propylamine, , , ,"GHS02,GHS05,GHS07,Dgr",,,
2575,153719-38-1,"N-nitro-N-(3-methyl-3,6-dihydro-2H-1,3,5-oxadiazin-4-yl)amine", , , ,"GHS07,Wng",,,
2576,4274-38-8,2-amino-4-(trifluoromethyl)benzenethiol hydrochloride, , , ,"GHS05,GHS08,GHS07,GHS09,Dgr",,,
2577,104860-26-6,cis-1-(3-(4-fluorophenoxy)propyl)-3-methoxy-4-piperidinamine, , , ,"GHS05,GHS08,GHS07,GHS09,Dgr",,,
2578,186450-73-7,N-benzyl-N-ethyl-(4-(5-nitro-benzo[c]isothiazol-3-ylazo)phenyl)amine, , , ,"GHS07,Wng",,,
2579,121246-28-4,"N2,N4,N6-tris{4-[(1,4-dimethylpentyl)amino]phenyl}-1,3,5-triazine-2,4,6-triamine", , , ,"GHS07,GHS09,Wng",,,
2580,294-90-6,"1,4,7,10-tetraazacyclododecane", , , ,"GHS05,GHS07,GHS09,Dgr",,,
2581,6903-18-0,3-(2'-phenoxyethoxy)propylamine, , , ,"GHS05,GHS07,Dgr",,,
2582,120606-08-8,benzyl-N-(2-(2-methoxyphenoxy)ethyl)amine hydrochloride, , , ,"GHS05,GHS07,GHS09,Dgr",,,
2583,110235-47-7,mepanipyrim, , , ,"GHS08,GHS09,Wng",,,
2584,164288-56-6,"3-((C12-18)-acylamino)-N-(2-((2-hydroxyethyl)amino)-2-oxoethyl)-N,N-dimethyl-1-propanaminium chloride", , , ,"GHS05,GHS09,Dgr",,,
2585,186148-38-9,reaction mass of: triisopropanolamine salt of 1-amino-4-(3-propionamidoanilino)anthraquinone-2-sulfonic acid, , , ,-,,,
2586,10046-00-1,hydroxylammonium hydrogensulfate, , , ,"GHS01,GHS08,GHS07,GHS09,Dgr",,,
2587,20845-01-6,hydroxylammonium hydrogensulfate, , , ,"GHS01,GHS08,GHS07,GHS09,Dgr",,,
2588,19098-16-9,hydroxylammonium hydrogensulfate, , , ,"GHS01,GHS08,GHS07,GHS09,Dgr",,,
2589,53933-48-5,hydroxylammonium hydrogensulfate, , , ,"GHS01,GHS08,GHS07,GHS09,Dgr",,,
2590,3327-22-8,(3-chloro-2-hydroxypropyl) trimethylammonium chloride ...%, , , ,"GHS08,Wng",,,
2591,91-95-2,"biphenyl-3,3',4,4'-tetrayltetraamine", , , ,"GHS08,Dgr",,,
2592,53112-28-0,pyrimethanil, , , ,GHS09,,,
2593,6094-40-2,piperazine hydrochloride, , , ,"GHS08,Dgr",,,
2594,142-64-3,piperazine hydrochloride, , , ,"GHS08,Dgr",,,
2595,1951-97-9,piperazine hydrochloride, , , ,"GHS08,Dgr",,,
2596,121552-61-2,cyprodinil, , , ,"GHS07,GHS09,Wng",,,
2597,79617-97-3,"(1S-cis)-4-(3,4-dichlorophenyl)-1,2,3,4-tetrahydro-N-methyl-1-naphthalenamine 2-hydroxy-2-phenylacetate", , , ,"GHS05,GHS09,Dgr",,,
2598,87691-88-1,3-(piperazin-1-yl)-benzo[d]isothiazole hydrochloride, , , ,"GHS08,GHS07,GHS09,Wng",,,
2599,19398-06-2,2-ethylphenylhydrazine hydrochloride, , , ,"GHS05,GHS08,GHS07,GHS09,Dgr",,,
2600,40722-80-3,(2-chloroethyl)(3-hydroxypropyl)ammonium chloride, , , ,"GHS08,GHS07,Dgr",,,
2601,152828-23-4,"N-[3-(1,1-dimethylethyl)-1H-pyrazol-5-yl]-N'-hydroxy-4-nitrobenzenecarboximidamide", , , ,"GHS08,GHS07,Dgr",,,
2602,159939-85-2,"4-[(3-chlorophenyl)(1H-imidazol-1-yl)methyl]-1,2-benzenediamine dihydrochloride", , , ,"GHS05,GHS08,GHS07,GHS09,Dgr",,,
2603,3724-43-4,"chloro-N,N-dimethylformiminium chloride", , , ,"GHS05,GHS08,GHS07,Dgr",,,
2604,51229-78-8,"cis-1-(3-chloroallyl)-3,5,7-triaza-1-azoniaadamantane chloride", , , ,"GHS02,GHS08,GHS07,GHS09,Wng",,,
2605,138261-41-3,imidacloprid, , , ,"GHS07,GHS09,Wng",,,
2606,199327-61-2,7-methoxy-6-(3-morpholin-4-yl-propoxy)-3H-quinazolin-4-one, , , ,"GHS08,Dgr,-",,,
2607,220444-73-5,reaction products of diisopropanolamine with formaldehyde (1:4), , , ,"GHS05,GHS08,GHS07,GHS09,Dgr",,,
2608,179474-79-4,1-(3-methoxypropyl)-4-piperidinamine, , , ,"GHS05,GHS07,Dgr",,,
2609,137864-22-3,benzyl(S)-2-[(2'-cyanobiphenyl-4-ylmethyl)pentanoylamino]-3-methylbutyrate, , , ,"GHS07,Wng",,,
2610,35687-90-2,tripropylammonium dihydrogenphosphate, , , ,"GHS07,Wng",,,
2611,227085-51-0,N-ethyl-3-trimethoxysilyl-2-methyl-propanamine, , , ,"GHS05,Dgr",,,
2612,121451-05-6,"3,5-dichloro-2-fluoro-4-(1,1,2,3,3,3-hexafluoropropoxy)aniline", , , ,"GHS07,GHS09,Wng",,,
2613,191617-13-7,bis(2-hydroxyethyl)-(2-hydroxypropyl)ammonium acetate, , , ,-,,,
2614,202197-26-0,3-chloro-4-(3-fluorobenzyloxy)aniline, , , ,"GHS08,GHS07,GHS09,Wng",,,
2615,160987-57-5,"reaction mass of: ethyl 2-((4-(5,6-dichlorobenzothiazol-2-ylazo)phenyl)ethylamino)benzoate", , , ,-,,,
2616,206565-89-1,"fatty acids, C18-unsatd.,  dimers, reaction products with 1-piperazineethanamine and tall oil", , , ,"GHS05,GHS07,GHS09,Dgr",,,
2617,500717-36-2,"1-amino-4-[(4-amino-2-sulfofenyl)amino]-9,10-dihydro-9,10-dioxo-2-anthracenesulfonic acid, disodium salt, reaction products with 2-[[3-[(4,6-dichloro-1,3,5-triazin-2-yl)ethylamino]phenyl]sulfonyl]ethyl hydrogen sulfate, sodium salts", , , ,"GHS05,GHS07,Dgr",,,
2618,586372-44-3,"reaction mass of: 4-amino-3-(4-ethenesulfonyl-2-sulfonatophenylazo)-5-hydroxy-6-(5-{4-chloro-6-[4-(2-sulfonatooxyethanesulfonyl)phenylamino]-1,3,5-triazin-2-ylamino}-2-sulfonatophenylazo)naphthalene-2,7-disulfonate potassium/sodium", , , ,"GHS05,Dgr",,,
2619,1239-45-8,ethidium bromide, , , ,"GHS06,GHS08,Dgr",,,
2620,144177-62-8,"(R,S)-2-amino-3,3-dimethylbutane amide", , , ,"GHS08,GHS07,Wng",,,
2621,132-32-1,3-amino-9-ethyl carbazole, , , ,"GHS08,Dgr",,,
2622,129-73-7,leucomalachite green, , , ,"GHS08,Wng",,,
2623,124-30-1,octadecylamine, , , ,"GHS05,GHS08,GHS09,Dgr",,,
2624,112-90-3,(Z)-octadec-9-enylamine, , , ,"GHS05,GHS07,GHS08,GHS09,Dgr",,,
2625,61788-45-2,"amines, hydrogenated tallow alkyl", , , ,"GHS08,GHS05,GHS09,Dgr",,,
2626,61788-46-3,"amines, coco alkyl", , , ,"GHS05,GHS07,GHS08,GHS09,Dgr",,,
2627,61790-33-8,"amines, tallow alkyl", , , ,"GHS05,GHS07,GHS08,GHS09,Dgr",,,
2628,79622-59-6,fluazinam, , , ,"GHS08,GHS07,GHS05,GHS09,Dgr",,,
2629,41483-43-6,bupirimate, , , ,"GHS08,GHS07,GHS09,Wng",,,
2630,68694-11-1,triflumizole, , , ,"GHS08,GHS07,GHS09,Dgr",,,
2631,60-34-4,methylhydrazine, , , ,"GHS08,Dgr",,,
2632,151-56-4,ethyleneimine, , , ,"GHS02,GHS06,GHS08,GHS05,GHS09,Dgr",,,
2633,110-86-1,pyridine, , , ,"GHS02,GHS07,Dgr",,,
2634,6202-15-9,"1,2,3,4-tetranitrocarbazole", , , ,"GHS01,GHS07,Dgr",,,
2635,535-89-7,crimidine, , , ,"GHS06,Dgr",,,
2636,1014-69-3,desmetryne, , , ,"GHS07,GHS09,Wng",,,
2637,533-74-4,dazomet, , , ,"GHS07,GHS09,Wng",,,
2638,108-77-0,"2,4,6-trichloro-1,3,5-triazine", , , ,"GHS06,GHS05,Dgr",,,
2639,834-12-8,ametryn, , , ,"GHS07,GHS09,Wng",,,
2640,61-82-5,amitrole, , , ,"GHS08,GHS09,Wng",,,
2641,25057-89-0,bentazone, , , ,"GHS07,Wng",,,
2642,21725-46-2,cyanazine, , , ,"GHS07,GHS09,Wng",,,
2643,91-53-2,ethoxyquin, , , ,"GHS07,Wng",,,
2644,14255-88-0,fenazaflor, , , ,"GHS07,GHS09,Wng",,,
2645,3878-19-1,fuberidazole, , , ,"GHS07,GHS08,GHS09,Wng",,,
2646,134-31-6,bis (8-hydroxyquinolinium) sulphate, , , ,"GHS07,Wng",,,
2647,7411-47-4,morfamquat, , , ,"GHS07,Wng",,,
2648,93-75-4,thioquinox, , , ,"GHS07,Wng",,,
2649,24602-86-6,tridemorph, , , ,"GHS08,GHS07,GHS09,Dgr",,,
2650,3347-22-6,dithianon, , , ,"GHS07,GHS09,Wng",,,
2651,121-21-1,"2-methyl-4-oxo-3-(penta-2,4-dienyl)cyclopent-2-enyl [1R-[1α[S*(Z)],3β]]-chrysanthemate", , , ,"GHS07,GHS09,Wng",,,
2652,121-29-9,"2-methyl-4-oxo-3-(penta-2,4-dienyl)cyclopent-2-enyl[1R-[1α[S*(Z)](3β)]]-3-(3-methoxy-2-methyl-3-oxoprop-1-enyl)-2,2-dimethylcyclopropanecarboxylate", , , ,"GHS07,GHS09,Wng",,,
2653,25402-06-6,cinerin I, , , ,"GHS07,GHS09,Wng",,,
2654,121-20-0,cinerin II, , , ,"GHS07,GHS09,Wng",,,
2655,110-89-4,piperidine, , , ,"GHS02,GHS06,GHS05,Dgr",,,
2656,110-91-8,morpholine, , , ,"GHS02,GHS05,GHS07,Dgr",,,
2657,2782-57-2,"dichloro-1,3,5-triazinetrione", , , ,"GHS03,GHS07,GHS09,Dgr",,,
2658,2244-21-5,troclosene potassium, , , ,"GHS03,GHS07,GHS09,Dgr",,,
2659,2893-78-9,troclosene potassium, , , ,"GHS03,GHS07,GHS09,Dgr",,,
2660,51580-86-0,"troclosene sodium, dihydrate", , , ,"GHS07,GHS09,Wng",,,
2661,87-90-1,symclosene, , , ,"GHS03,GHS07,GHS09,Dgr",,,
2662,13108-52-6,"methyl-2,3,5,6-tetrachloro-4-pyridylsulphone", , , ,"GHS07,Wng",,,
2663,75-55-8,2-methylaziridine, , , ,"GHS02,GHS06,GHS08,GHS05,GHS09,Dgr",,,
2664,1739-84-0,"1,2-dimethylimidazole", , , ,"GHS05,GHS07,Dgr",,,
2665,616-47-7,1-methylimidazole, , , ,"GHS05,GHS07,Dgr",,,
2666,109-06-8,2-methylpyridine, , , ,"GHS02,GHS07,Wng",,,
2667,108-89-4,4-methylpyridine, , , ,"GHS02,GHS06,Dgr",,,
2668,91-76-9,"6-phenyl-1,3,5-triazine-2,4-diyldiamine", , , ,"GHS07,Wng",,,
2669,96-45-7,ethylene thiourea, , , ,"GHS08,GHS07,Dgr",,,
2670,60207-31-0,azaconazole, , , ,"GHS07,Wng",,,
2671,15159-40-7,morpholine-4-carbonyl chloride, , , ,"GHS08,Wng",,,
2672,35554-44-0,imazalil, , , ,"GHS08,GHS06,GHS05,GHS09,Dgr",,,
2673,58594-72-2,imazalil sulphate  powder, , , ,"GHS09,GHS05,GHS07,Wng",,,
2674,83918-57-4,imazalil sulphate  powder, , , ,"GHS09,GHS05,GHS07,Wng",,,
2675,133-06-2,captan, , , ,"GHS06,GHS05,GHS08,GHS09,Dgr",,,
2676,133-07-3,folpet, , , ,"GHS08,GHS07,GHS09,Wng",,,
2677,6/1/2425,captafol, , , ,"GHS08,GHS09,Dgr",,,
2678,644-64-4,1-dimethylcarbamoyl-5-methylpyrazol-3-yl dimethylcarbamate, , , ,"GHS06,GHS09,Dgr",,,
2679,10605-21-7,carbendazim, , , ,"GHS08,GHS09,Dgr",,,
2680,17804-35-2,benomyl, , , ,"GHS08,GHS07,GHS09,Dgr",,,
2681,7/5/6804,carbadox, , , ,"GHS02,GHS08,GHS07,Dgr",,,
2682,2212-67-1,molinate, , , ,"GHS08,GHS07,GHS09,Wng",,,
2683,1420-06-0,trifenmorph, , , ,"GHS07,GHS09,Wng",,,
2684,101-05-3,anilazine, , , ,"GHS07,GHS09,Wng",,,
2685,148-79-8,thiabendazol, , , ,"GHS09,Wng",,,
2686,43222-48-6,"1,2-dimethyl-3,5-diphenylpyrazolium methylsulphate", , , ,"GHS09,Wng",,,
2687,1593-77-7,dodemorph, , , ,"GHS08,GHS05,GHS07,GHS09,Dgr",,,
2688,52645-53-1,permethrin, , , ,"GHS07,GHS09,Wng",,,
2689,26399-36-0,profluralin, , , ,"GHS07,GHS09,Wng",,,
2690,10453-86-8,resmethrin, , , ,"GHS07,GHS09,Wng",,,
2691,15662-33-6,"6-(1α,5aβ,8aβ,9-pentahydroxy-7β-isopropyl-2β,5β,8β-trimethylperhydro-8bα,9-epoxy-5,8-ethanocyclopenta[1,2-b]indenyl) pyrrole-2-carboxylate", , , ,"GHS07,GHS09,Wng",,,
2692,2/3/8051,sabadilla, , , ,"GHS07,Wng",,,
2693,26259-45-0,secbumeton, , , ,"GHS07,GHS09,Wng",,,
2694,51-14-9,"5-(3,6,9-trioxa-2-undecyloxy)benzo(d)-1,3-dioxolane", , , ,"GHS07,Wng",,,
2695,1014-70-6,simetryn, , , ,"GHS07,GHS09,Wng",,,
2696,33693-04-8,terbumeton, , , ,"GHS07,GHS09,Wng",,,
2697,139-40-2,propazine, , , ,"GHS08,GHS09,Wng",,,
2698,1912-24-9,atrazine, , , ,"GHS08,GHS09,Wng",,,
2699,105-60-2,ε-caprolactam, , , ,"GHS07,Wng",,,
2700,2122-19-2,propylenethiourea, , , ,"GHS08,GHS07,Wng",,,
2701,69045-82-5,2-fluoro-5-trifluoromethylpyridine, , , ,"GHS02,GHS07,Wng",,,
2702,91273-04-0,"N,N-bis(2-ethylhexyl)-((1,2,4-triazol-1-yl)methyl)amine", , , ,"GHS05,GHS07,GHS09,Dgr",,,
2703,10357-99-0,"N,N-dimethyl-2-(3-(4-chlorophenyl)-4,5-dihydropyrazol-1-ylphenylsulphonyl)ethylamine", , , ,"GHS08,GHS09,Wng",,,
2704,82560-06-3,3-(3-methylpent-3-yl)isoxazol-5-ylamine, , , ,"GHS06,GHS05,Dgr",,,
2705,89415-87-2,"1,3-dichloro-5-ethyl-5-methylimidazolidine-2,4-dione", , , ,"GHS03,GHS06,GHS05,GHS09,Dgr",,,
2706,79456-26-1,3-chloro-5-trifluoromethyl-2-pyridylamine, , , ,"GHS07,Wng",,,
2707,106990-43-6,"N,N,N,N-tetrakis(4,6-bis(butyl-(N-methyl-2,2,6,6-tetramethylpiperidin-4-yl)amino)triazin-2-yl)-4,7-diazadecane-1,10-diamine", , , ,"GHS07,GHS09,Wng",,,
2708,105254-85-1,3-(bis(2-ethylhexyl)aminomethyl)benzothiazole-2(3H)-thione, , , ,"GHS05,GHS07,GHS09,Dgr",,,
2709,26576-84-1,1-butyl-2-methylpyridinium bromide, , , ,"GHS07,Wng",,,
2710,106359-93-7,"2-(4-(3-(4-chlorophenyl)-4,5-dihydropyrazolyl)phenylsulphonyl)ethyldimethylammonium hydrogen phosphonate", , , ,"GHS07,GHS09,Wng",,,
2711,58-08-2,caffeine, , , ,"GHS07,Wng",,,
2712,110-01-0,tetrahydrothiophene, , , ,"GHS02,GHS07,Dgr",,,
2713,2634-33-5,"1,2-benzisothiazol-3(2H)-one", , , ,"GHS05,GHS07,GHS09,Dgr",,,
2714,85-00-7,diquat dibromide, , , ,"GHS06,GHS08,GHS09,Dgr",,,
2715,4032-26-2,diquat dibromide, , , ,"GHS06,GHS08,GHS09,Dgr",,,
2716,94021-76-8,diquat dibromide, , , ,"GHS06,GHS08,GHS09,Dgr",,,
2717,1910-42-5,paraquat dichloride, , , ,"GHS06,GHS08,GHS09,Dgr",,,
2718,2074-50-2,paraquat dichloride, , , ,"GHS06,GHS08,GHS09,Dgr",,,
2719,4636-83-3,morfamquat dichloride, , , ,"GHS07,Wng",,,
2720,29873-36-7,morfamquat dichloride, , , ,"GHS07,Wng",,,
2721,66-71-7,"1,10-phenanthroline", , , ,"GHS06,GHS09,Dgr",,,
2722,85153-92-0,"hexasodium 6,13-dichloro-3,10-bis((4-(2,5-disulfonatoanilino)-6-fluoro-1,3,5-triazin-2-ylamino)prop-3-ylamino)-5,12-dioxa-7,14-diazapentacene-4,11-disulfonate", , , ,"GHS08,Dgr",,,
2723,5248-39-5,"4-methoxy-N,6-dimethyl-1,3,5-triazin-2-ylamine", , , ,"GHS08,GHS07,Wng",,,
2724,92484-48-5,sodium 3-(2H-benzotriazol-2-yl)-5-sec-butyl-4-hydroxybenzenesulfonate, , , ,"GHS05,Dgr",,,
2725,62096-63-3,"2-amino-6-ethoxy-4-methylamino-1,3,5-triazine", , , ,"GHS07,Wng",,,
2726,111298-82-9,"7-amino-3-((5-carboxymethyl-4-methyl-1,3-thiazol-2-ylthio)methyl)-8-oxo-5-thia-1-azabicyclo(4.2.0)oct-2-ene-2-carboxylic acid", , , ,"GHS08,Dgr",,,
2727,2687-94-7,N-(n-octyl)-2-pyrrolidone, , , ,"GHS05,GHS09,Dgr",,,
2728,2687-96-9,1-dodecyl-2-pyrrolidone, , , ,"GHS05,GHS07,GHS09,Dgr",,,
2729,110799-28-5,N-tert-pentyl-2-benzothiazolesulfenamide, , , ,"GHS07,Wng",,,
2730,110488-70-5,dimethomorph, , , ,GHS09,,,
2731,118685-34-0,sodium 5-n-butylbenzotriazole, , , ,"GHS05,GHS07,GHS09,Dgr",,,
2732,124537-30-0,"hexakis(tetramethylammonium) 4,4'-vinylenebis((3-sulfonato-4,1-phenylene)imino(6-morpholino-1,3,5-triazine-4,2-diyl)imino)bis(5-hydroxy-6-phenylazonaphthalene-2,7-disulfonate)", , , ,"GHS06,Dgr",,,
2733,76508-02-6,"hexasodium 2,2'-vinylenebis((3-sulfonato-4,1-phenylene)imino(6-(N-cyanoethyl-N-(2-hydroxypropyl)amino)-1,3,5-triazine-4,2-diyl)imino)dibenzene-1,4-disulfonate", , , ,"GHS07,Wng",,,
2734,149-30-4,benzothiazole-2-thiol, , , ,"GHS07,GHS09,Wng",,,
2735,94-37-1,bis(piperidinothiocarbonyl) disulphide, , , ,"GHS07,Wng",,,
2736,61432-55-1,dimepiperate, , , ,"GHS07,GHS09,Wng",,,
2737,288-88-0,"1,2,4-triazole", , , ,"GHS08,GHS07,Wng",,,
2738,26530-20-1,octhilinone, , , ,"GHS06,GHS05,GHS09,Dgr",,,
2739,102-77-2,2-(morpholinothio)benzothiazole, , , ,"GHS07,GHS09,Wng",,,
2740,4/4/4719,"2,2',2-(hexahydro-1,3,5-triazine-1,3,5-triyl)triethanol",,,,"GHS07,Wng", , , 
2741,10004-44-1,hymexazol, , , ,"GHS05,GHS07,Dgr",,,
2742,731-27-1,tolylfluanid, , , ,"GHS09,Dgr,GHS08,GHS07,Wng,GHS06",,,
2743,76714-88-0,diniconazole, , , ,"GHS07,GHS09,Wng",,,
2744,37893-02-0,flubenzimine, , , ,"GHS07,GHS09,Wng",,,
2745,21564-17-0,(benzothiazol-2-ylthio)methyl thiocyanate, , , ,"GHS06,GHS09,Dgr",,,
2746,28434-01-7,bioresmethrin, , , ,"GHS09,Wng",,,
2747,64902-72-3,chlorsulfuron, , , ,"GHS09,Wng",,,
2748,75736-33-3,diclobutrazole, , , ,"GHS07,GHS09,Wng",,,
2749,33813-20-6,"5,6-dihydro-3H-imidazo[2,1-c]-1,2,4-dithiazole-3-thione", , , ,"GHS07,GHS09,Wng",,,
2750,67564-91-4,fenpropimorph, , , ,"GHS08,GHS07,GHS09,Wng",,,
2751,78587-05-0,hexythiazox, , , ,"GHS09,Wng",,,
2752,81334-34-1,imazapyr, , , ,"GHS07,Wng",,,
2753,24307-26-4,"1,1-dimethylpiperidinium chloride", , , ,"GHS07,Wng",,,
2754,67747-09-5,prochloraz, , , ,"GHS07,GHS09,Wng",,,
2755,41394-05-2,metamitron, , , ,"GHS07,GHS09,Wng",,,
2756,57369-32-1,pyroquilon, , , ,"GHS07,Wng",,,
2757,51235-04-2,hexazinone, , , ,"GHS07,GHS09,Wng",,,
2758,2593-15-9,etridiazole, , , ,"GHS08,GHS07,GHS09,Wng",,,
2759,88671-89-0,myclobutanil, , , ,"GHS08,GHS07,GHS09,Wng",,,
2760,120-78-5,di(benzothiazol-2-yl) disulphide, , , ,"GHS07,GHS09,Wng",,,
2761,95-33-0,N-cyclohexylbenzothiazole-2-sulphenamide, , , ,"GHS07,GHS09,Wng",,,
2762,18691-97-9,methabenzthiazuron, , , ,"GHS09,Wng",,,
2763,124495-18-7,quinoxyfen, , , ,"GHS07,GHS09,Wng",,,
2764,74223-64-6,metsulfuron-methyl, , , ,"GHS09,Wng",,,
2765,66-81-9,cycloheximide, , , ,"GHS06,GHS08,GHS09,Dgr",,,
2766,10551-42-5,1-(3-phenylpropyl)-2-methylpyridinium bromide, , , ,"GHS07,Wng",,,
2767,77497-97-3,"(S)-3-benzyloxycarbonyl-1,2,3,4-tetrahydro-isoquinolinium 4-methylbenzenesulfonate", , , ,GHS09,,,
2768,4186-71-4,N-ethyl-N-methylpiperidinium iodide, , , ,"GHS07,GHS09,Wng",,,
2769,111681-72-2,4-[2-(1-methyl-2-(4-morpholinyl)ethoxy)ethyl]morpholine, , , ,"GHS05,Dgr",,,
2770,143683-23-2,"tetrasodium 1,2-bis(4-fluoro-6-[5-(1-amino-2-sulfonatoanthrachinon-4-ylamino)-2,4,6-trimethyl-3-sulfonatophenylamino]-1,3,5-triazin-2-ylamino)ethane", , , ,"GHS07,Wng",,,
2771,96489-71-3,pyridaben, , , ,"GHS06,GHS09,Dgr",,,
2772,89392-03-0,"phenyl N-(4,6-dimethoxypyrimidin-2-yl)carbamate", , , ,"GHS07,GHS09,Wng",,,
2773,5734-64-5,2-amino-4-chloro-6-methoxypyrimidine, , , ,"GHS07,Wng",,,
2774,89402-43-7,"5-chloro-2,3-difluoropyridine", , , ,"GHS02,GHS07,Wng",,,
2775,83857-96-9,2-butyl-4-chloro-5-formylimidazole, , , ,"GHS07,GHS09,Wng",,,
2776,54236-98-5,"2,4-diamino-5-methoxymethylpyrimidine", , , ,"GHS08,GHS07,Wng",,,
2777,69045-84-7,"2,3-dichloro-5-trifluoromethyl-pyridine", , , ,"GHS05,GHS07,GHS09,Dgr",,,
2778,120928-09-8,fenazaquin, , , ,"GHS06,GHS09,Dgr",,,
2779,125224-62-6,"(1S)-2-methyl-2,5-diazobicyclo[2.2.1]heptane dihydrobromide", , , ,"GHS07,Wng",,,
2780,76145-91-0,"(2,4-diaminopteridin-6-yl)methanol hydrobromide", , , ,"GHS08,GHS07,Wng",,,
2781,100988-63-4,(6R-trans)-1-((7-ammonio-2-carboxylato-8-oxo-5-thia-1-azabicyclo-[4.2.0]oct-2-en-3-yl)methyl)pyridinium iodide, , , ,"GHS08,GHS07,GHS09,Wng",,,
2782,120162-55-2,azimsulfuron, , , ,"GHS09,Wng",,,
2783,142459-58-3,flufenacet, , , ,"GHS08,GHS07,GHS09,Wng",,,
2784,144740-54-5,flupyrsulfuron-methyl-sodium, , , ,"GHS09,Wng",,,
2785,103361-09-7,flumioxazin, , , ,"GHS08,GHS09,Dgr",,,
2786,55965-84-9,reaction mass of 5-chloro-2-methyl-2H-isothiazol-3-one and 2-methyl-2H-isothiazol-3-one (3:1), , , ,"GHS06,GHS05,GHS09,Dgr",,,
2787,88-12-0,1-vinyl-2-pyrrolidone, , , ,"GHS06,GHS05,GHS09,Dgr",,,
2788,1484-13-5,9-vinylcarbazole, , , ,"GHS08,GHS07,GHS09,Wng",,,
2789,694-64-4,"2,2-ethylmethylthiazolidine", , , ,"GHS05,GHS07,GHS09,Dgr",,,
2790,79983-71-4,hexaconazole, , , ,"GHS07,GHS09,Wng",,,
2791,17630-75-0,"5-chloro-1,3-dihydro-2H-indol-2-one", , , ,"GHS08,GHS07,Wng",,,
2792,136426-54-5,fluquinconazole, , , ,"GHS06,GHS08,GHS09,Dgr",,,
2793,112281-77-3,tetraconazole, , , ,"GHS07,GHS09,Wng",,,
2794,133855-98-8,epoxiconazole, , , ,"GHS08,GHS09,Dgr",,,
2795,4524-95-2,2-methyl-2-azabicyclo[2.2.1]heptane, , , ,"GHS02,GHS08,GHS05,GHS07,Dgr",,,
2796,5470-82-6,8-amino-7-methylquinoline, , , ,"GHS07,GHS09,Wng",,,
2797,137796-06-6,"4-ethyl-2-methyl-2-isopentyl-1,3-oxazolidine", , , ,"GHS05,GHS07,Dgr",,,
2798,111337-53-2,"lithium 3-oxo-1,2(2H)-benzisothiazol-2-ide", , , ,"GHS05,GHS07,Dgr",,,
2799,3741-80-8,"N-(1,1-dimethylethyl)bis(2-benzothiazolesulfen)amide", , , ,"GHS09,Wng",,,
2800,67485-29-4,"5,5-dimethyl-perhydro-pyrimidin-2-one α-(4-trifluoromethylstyryl)-α-(4-trifluoromethyl)cinnamylidenehydrazone", , , ,"GHS08,GHS07,GHS09,Dgr",,,
2801,65322-65-8,1-(1-naphthylmethyl)quinolinium chloride, , , ,"GHS08,GHS05,GHS07,Dgr",,,
2802,82633-79-2,"2,3,5,6-tetrahydro-2-methyl-2H-cyclopenta[d]-1,2-thiazol-3-one", , , ,"GHS06,GHS05,GHS09,Dgr",,,
2803,76855-69-1,"(2R,3R)-3-((R)-1-(tert-butyldimethylsiloxy)ethyl)-4-oxoazetidin-2-yl acetate", , , ,"GHS07,GHS09,Wng",,,
2804,116256-11-2,1-(3-(4-fluorophenoxy)propyl)-3-methoxy-4-piperidinone, , , ,"GHS05,GHS07,GHS09,Dgr",,,
2805,52667-88-6,"1,4,7,10-tetrakis(p-toluensulfonyl)-1,4,7,10-tetraazacyclododecane", , , ,"GHS07,GHS09,Wng",,,
2806,149530-93-8,"disodium 1-amino-4-(2-(5-chloro-6-fluoro-pyrimidin-4-ylamino-methyl)-4-methyl-6-sulfo-phenylamino)-9,10-dioxo-9,10-dihydro-anthracene-2-sulfonate", , , ,"GHS07,Wng",,,
2807,143860-04-2,"3-ethyl-2-methyl-2-(3-methylbutyl)-1,3-oxazolidine", , , ,"GHS08,GHS05,GHS09,Dgr",,,
2808,151860-15-0,"3-benzyl-exo-6-nitro-2,4-dioxo-3-aza-cis-bicyclo[3.1.0]hexane", , , ,"GHS07,Wng",,,
2809,163062-28-0,"6,13-dichloro-3,10-bis{}{2-[4-fluoro-6-(2-sulfophenylamino)-1,3,5-triazin-2-ylamino]propylamino}}benzo[5,6][1,4]oxazino[2,3-.b.]phenoxazine-4,11-disulphonic acid, lithium-, sodium salt", , , ,"GHS05,Dgr",,,
2810,18600-59-4,"2,2-(1,4-phenylene)bis((4H-3,1-benzoxazine-4-one)", , , ,"GHS07,Wng",,,
2811,168113-78-8,"5-[[4-chloro-6-[[2-[[4-fluoro-6-[[5-hydroxy-6-[(4-methoxy-2-sulfophenyl)azo]-7-sulfo-2-naphthalenyl]amino]-1,3,5-triazin-2-yl]amino]-1-methylethyl]amino]-1,3,5-triazin-2-yl]amino]-3-[[4-(ethenylsulfonyl)phenyl]azo]-4-hydroxy-naphtalene-2,7-disulfonic acid, sodium salt", , , ,"GHS05,Dgr",,,
2812,187547-46-2,"reaction mass of: 2,4,6-tri(butylcarbamoyl)-1,3,5-triazine", , , ,"GHS07,GHS09,Wng",,,
2813,145963-84-4,"2-amino-4-dimethylamino-6-trifluoroethoxy-1,3,5-triazine", , , ,"GHS08,GHS07,Wng",,,
2814,143322-57-0,(R)-5-bromo-3-(1-methyl-2-pyrrolidinyl methyl)-1H-indole, , , ,"GHS08,GHS07,GHS09,Dgr",,,
2815,123312-89-0,pymetrozine, , , ,"GHS08,Wng",,,
2816,129630-19-9,pyraflufen-ethyl, , , ,"GHS09,Wng",,,
2817,129630-17-7,pyraflufen-ethyl, , , ,"GHS09,Wng",,,
2818,39807-15-3,oxadiargyl, , , ,"GHS08,GHS09,Wng",,,
2819,60207-90-1,propiconazole, , , ,"GHS08,GHS07,GHS09,Dgr",,,
2820,161326-34-7,fenamidone, , , ,"GHS09,Wng",,,
2821,114311-32-9,imazamox, , , ,"GHS09,Wng",,,
2822,63645-17-0,"cis-1-(3-chloropropyl)-2,6-dimethyl-piperidin hydrochloride", , , ,"GHS06,GHS08,GHS09,Dgr",,,
2823,88128-57-8,"2-(3-chloropropyl)-2,5,5-trimethyl-1,3-dioxane", , , ,"GHS08,Wng",,,
2824,74401-04-0,N-methyl-4-(p-formylstyryl)pyridinium methylsulfate, , , ,"GHS07,Wng",,,
2825,133467-41-1,"4-[4-(2-ethylhexyloxy)phenyl](1,4-thiazinane-1,1-dioxide)", , , ,"GHS07,GHS09,Wng",,,
2826,72830-09-2,"2-chloromethyl-3,4-dimethoxypyridinium chloride", , , ,"GHS08,GHS05,GHS07,GHS09,Dgr",,,
2827,162208-01-7,"6-tert-butyl-7-(6-diethylamino-2-methyl-3-pyridylimino)-3-(3-methylphenyl)pyrazolo[3,2-c][1,2,4]triazole", , , ,"GHS09,Wng",,,
2828,2380-86-1,6-hydroxyindole, , , ,"GHS05,GHS07,GHS09,Dgr",,,
2829,79185-77-6,"7a-ethyl-3,5-bis(1-methylethyl)-2,3,4,5-tetrahydrooxazolo[3,4-c]-2,3,4,5-tetrahydrooxazole", , , ,"GHS07,GHS09,Wng",,,
2830,147086-81-5,"trans-(4S,6S)-5,6-dihydro-6-methyl-4H-thieno[2,3-b]thiopyran-4-ol, 7,7-dioxide", , , ,"GHS07,Wng",,,
2831,18368-64-4,2-chloro-5-methyl-pyridine, , , ,"GHS07,Wng",,,
2832,12/4/5117,4-(1-oxo-2-propenyl)-morpholine, , , ,"GHS08,GHS05,GHS07,Dgr",,,
2833,136122-15-1,"2,5-dimercaptomethyl-1,4-dithiane", , , ,"GHS05,GHS07,GHS09,Dgr",,,
2834,163831-67-2,1-(2-(ethyl(4-(4-(4-(4-(ethyl(2-pyridinoethyl)amino)-2-methylphenylazo)benzoylamino)-phenylazo)-3-methylphenyl)amino)ethyl)-pyridinium dichloride, , , ,"GHS05,GHS09,Dgr",,,
2835,99199-90-3,"(±)-[(R*,R*) and (R*,S*)]-6-fluoro-3,4-dihydro-2-oxiranyl-2H-1-benzopyran", , , ,"GHS07,GHS09,Wng",,,
2836,793669-26-8,"(±)-(R*,S*)-6-fluoro-3,4-dihydro-2-oxiranyl-2H-1-benzopyran", , , ,GHS09,,,
2837,106917-31-1,"1-acetyl-4-(3-dodecyl-2,5-dioxo-1-pyrrolidinyl)-2,2,6,6-tetramethylpiperidine", , , ,"GHS07,GHS09,Wng",,,
2838,145701-23-1,florasulam, , , ,"GHS09,Wng",,,
2839,28365-08-4,"2,6-diamino-3-((pyridine-3-yl)azo)pyridine", , , ,"GHS08,GHS07,GHS09,Wng",,,
2840,163269-30-5,"3-(benzo[b]thien-2-yl)-5,6-dihydro-1,4,2-oxathiazine-4-oxide", , , ,"GHS06,GHS05,GHS08,GHS09,Dgr",,,
2841,56552-15-9,"4,4'-(oxy-(bismethylene))-bis-1,3-dioxolane", , , ,"GHS05,Dgr",,,
2842,18087-70-2,"imidazo[1,2-b]pyridazin hydrochloride", , , ,"GHS07,Wng",,,
2843,6364-17-6,"2,3-dihydro-2,2-dimethyl-1H-perimidine", , , ,"GHS08,GHS07,GHS09,Wng",,,
2844,65753-47-1,2-chloro-3-trifluoromethylpyridine, , , ,"GHS06,GHS05,GHS08,Dgr",,,
2845,133949-92-5,"6-tert-butyl-3-(3-dodecylsulfonyl)propyl-7H-1,2,4-triazolo[3.4b][1,3,4]thiadiazine", , , ,-,,,
2846,81992-66-7,"sodium 2-[[4-[(4,6-dichloro-1,3,5-triazin-2-yl)amino]phenyl]sulfonyl]ethyl sulfate", , , ,"GHS07,GHS09,Wng",,,
2847,64137-52-6,2-[3-(methylamino)propyl]-1H-benzimidazole, , , ,"GHS05,Dgr",,,
2848,3250-74-6,3-(2H-tetrazol-5-yl)pyridine, , , ,"GHS05,Dgr",,,
2849,191877-09-5,"reaction products of 3,10-bis((2-aminopropyl)amino)-6,13-dichloro-4,11-triphenodioxazinedisulfonic acid with 2-amino-1,4-benzenedisulfonic acid, 2-((4-aminophenyl)sulfonyl)ethyl hydrogen sulfate and 2,4,6-trifluoro-1,3,5-triazine, sodium salts", , , ,"GHS05,Dgr",,,
2850,182235-14-9,"4,4'-(1,6-hexamethylenebis(formylimino))bis(2,2,6,6-tetramethyl-1-oxylpiperidine)", , , ,GHS09,,,
2851,21873-52-9,"5,7-dichloro-4-hydroxyquinoline", , , ,GHS09,,,
2852,94239-04-0,2-fluoro-6-trifluoromethylpyridine, , , ,"GHS02,GHS07,Wng",,,
2853,103577-66-8,"2-hydroxymethyl-3-methyl-4-(2,2,2-trifluoroethoxy)pyridine", , , ,-,,,
2854,107786-36-7,3-(2-methoxy-4-methoxycarboxybenzyl)-5-nitroindole, , , ,-,,,
2855,2820-37-3,"3,4-dimethyl-1H-pyrazole", , , ,"GHS05,GHS07,Dgr",,,
2856,155601-30-2,"1-(2-hydroxyethyl)-1H-pyrazol-4,5-diyldiammoniumsulfate", , , ,"GHS05,GHS07,GHS09,Dgr",,,
2857,180637-89-2,(R)-3-[(1-methylpyrrolidin-2-yl)methyl]-5-[2-(phenylsulfonyl)ethenyl]-1H-indole, , , ,"GHS05,GHS08,GHS07,Dgr",,,
2858,68157-60-8,forchlorfenuron, , , ,"GHS08,GHS09,Wng",,,
2859,38313-48-3,3'5'-anhydro thymidine, , , ,-,,,
2860,170222-39-6,2-phthalimidoethyl N-[4-(2-cyano-4-nitrophenylazo)phenyl]-N-methyl-β-alaninate, , , ,"GHS07,Wng",,,
2861,202420-04-0,reaction mass of: 4-chloro-7-methylbenzotriazole sodium salt, , , ,"GHS05,Dgr",,,
2862,72963-72-5,"reaction mass of: [2,4-dioxo-(2-propyn-1-yl)imidazolidin-3-yl]methyl(1R)-cis-chrysanthemate", , , ,"GHS07,GHS09,Wng",,,
2863,2/3/4023,pyrazole-1-carboxamidine monohydrochloride, , , ,"GHS05,GHS08,GHS07,Dgr",,,
2864,180850-95-7,"disodium (E)-1,2-bis-(4-(4-methylamino-6-(4-methylcarbamoylphenylamino)-1,3,5-triazin-2-ylamino)phenyl-2-sulfonato)ethene", , , ,"GHS05,Dgr",,,
2865,105827-91-6,2-chloro-5-chloromethylthiazole, , , ,"GHS06,GHS05,GHS09,Dgr",,,
2866,153719-23-4,thiamethoxam, , , ,"GHS07,GHS09,Wng",,,
2867,151213-39-7,(4aS-cis-)-6-benzyl-octahydropyrrolo[3.4-b]pyridine, , , ,"GHS05,GHS08,GHS07,GHS09,Dgr",,,
2868,26364-65-8,2-thiazolidinylidenecyanamide, , , ,"GHS08,GHS07,Wng",,,
2869,113171-13-4,"5-amino-N-(2,6-dichloro-3-methylphenyl)-1H-1,2,4-triazole-3-sulfonamide", , , ,-,,,
2870,142469-14-5,"tritosulfuron  (containing ≤ 0,02% AMTT)", , , ,"GHS07,GHS09,Wng",,,
2871,192439-46-6,"tetrahydro-3-methyl-5-((2-phenylthio)thiazol-5-ylmethyl)-[4H]-1,3,5-oxadiazinan-4-ylidene-N-nitroamine", , , ,GHS09,,,
2872,140623-89-8,"2,6-dichloro-1-fluoropyridiniumtetrafluoroborate", , , ,"GHS05,GHS07,GHS09,Dgr",,,
2873,93076-03-0,"3-(2-chloroethyl)-6,7,8,9-tetra-hydro-2-methyl-4H-pyrido[1,2-a] pyrimidin-4-one monohydrochloride", , , ,"GHS06,GHS05,GHS08,GHS09,Dgr",,,
2874,98377-35-6,"1-(2-chlorophenyl)-1,2-dihydro-5H-tetrazol-5-one", , , ,"GHS07,Wng",,,
2875,79568-06-2,(3-aminophenyl)pyridin-3-ylmethanone, , , ,"GHS08,GHS09,Wng",,,
2876,43057-68-7,"2-ethyl-2,3-dihydro-2-methyl-1H-perimidine", , , ,"GHS08,GHS07,GHS09,Wng",,,
2877,7226-23-5,"tetrahydro-1,3-dimethyl-1H-pyrimidin-2-one", , , ,"GHS05,GHS08,GHS07,Dgr",,,
2878,91-22-5,quinoline, , , ,"GHS08,GHS07,GHS09,Dgr",,,
2879,131983-72-7,triticonazole, , , ,GHS09,,,
2880,65277-42-1,ketoconazole, , , ,"GHS06,GHS08,GHS09,Dgr",,,
2881,125116-23-6,metconazole, , , ,"GHS08,GHS07,GHS09,Wng",,,
2882,2592-95-2,"1-hydroxybenzotriazole, anhydrous", , , ,"GHS01,Dgr",,,
2883,123333-53-9,"1-hydroxybenzotriazole, anhydrous", , , ,"GHS01,Dgr",,,
2884,183196-57-8,potassium 1-methyl-3-morpholinocarbonyl-4-[3-(1-methyl-3-morpholinocarbonyl-5-oxo-2-pyrazolin-4-ylidene)-1-propenyl]pyrazole-5-olate, , , ,"Dgr,GHS08,GHS07,Wng",,,
2885,160194-26-3,"1-(3-iodo-4-aminobenzyl)-1H-1,2,4-triazole", , , ,"GHS07,GHS09,Wng",,,
2886,135756-61-5,"1,3-bis(dimethylcarbamoyl)-imidazolium chloride", , , ,"GHS05,GHS07,Dgr",,,
2887,142623-48-1,3-(4-chloro-2-fluoro-5-methylphenyl)-1-methyl-5-(trifluoromethyl)-1H-pyrazole, , , ,"GHS09,Wng",,,
2888,189012-93-9,"4-hydroxy-7-(2-aminoethyl)-1,3-benzothiazol-2(3H)-one hydrochloride", , , ,"GHS05,GHS07,GHS09,Dgr",,,
2889,106461-41-0,"2,4-dihydro-4-(4-(4-(4-hydroxyphenyl)-1-piperazinyl)phenyl)-2-(1-methylpropyl)-3H-1,2,4-triazol-3-one", , , ,"GHS08,GHS09,Wng",,,
2890,26157-73-3,"N,N',N''-tris(2-methyl-2,3-epoxypropyl)-perhydro-2,4,6-oxo-1,3,5-triazine", , , ,"GHS08,Wng",,,
2891,444065-11-6,"2-(4-tert-butylphenyl)-6-cyano-5-[bis(ethoxycarbonylmethyl)carbamoyloxy]-1H-pyrrolo[1,2-b][1,2,4] triazole-7-carboxylic acid 2,6-di-tert-butyl-4-methylcyclohexylester", , , ,-,,,
2892,379268-96-9,"2-hexyldecanoic acid [4-(6-tert-butyl-7-chloro-1H-pyrazolo[1,5-b][1,2,4]triazol-2-yl)phenylcarbamoyl]methylester", , , ,-,,,
2893,363138-44-7,"11-amino-3-chloro-6,11-dihydro-5,5-dioxo-6-methyl-dibenzo[c,f][1,2]thiazepine hydrochloride", , , ,"GHS05,GHS07,Dgr",,,
2894,243858-60-8,"disodium 2-(5-carbamoyl-1-ethyl-2-hydroxy-4-methyl-6-oxo-1,6-dihydro-pyridine-3-ylazo)-4-(4-fluoro-6-(4-(2-sulfonyloxy-ethylsulfonyl)-phenylamino)-1,3,5-triazine-2-ylamino)benzene sulfonate", , , ,"GHS05,Dgr",,,
2895,95737-68-1,2-(1-methyl-2-(4-phenoxyphenoxy)ethoxy)pyridine, , , ,"GHS09,Wng",,,
2896,138937-28-7,"5,6-dihydroxy-2,3-dihydro-1H-indolium bromide", , , ,"GHS05,GHS07,Dgr",,,
2897,3147-77-1,2-(2-hydroxy-4-octyloxyphenyl)-2H-benzotriazole, , , ,-,,,
2898,82911-69-1,"(2,5-dioxopyrrolidin-1-yl)-9H-fluoren-9-ylmethyl carbonate", , , ,"GHS07,GHS09,Wng",,,
2899,210880-92-5,clothianidin, , , ,"GHS07,GHS09,Wng",,,
2900,7305-71-7,2-amino-5-methylthiazole, , , ,"GHS08,GHS07,GHS09,Wng",,,
2901,5271-27-2,1-methyl-3-phenyl-1-piperazine, , , ,"GHS05,GHS07,Dgr",,,
2902,105813-13-6,"(-)(3S,4R)-4-(4-fluorophenyl)-3-(3,4-methylenedioxy-phenoxymethyl)-N-benzylpiperidine hydrochloride", , , ,"GHS07,GHS09,Wng",,,
2903,152460-07-6,methyl-5-nitrophenyl-guanidine, , , ,"GHS07,Wng",,,
2904,173838-67-0,"2-(4-(4-(3-pyridinyl)-1H-imidazol-1-yl)butyl)-1H-isoindole-1,3(2H)-dione", , , ,-,,,
2905,7693-82-5,4-decyloxazolidin-2-one, , , ,"GHS09,Wng",,,
2906,52234-82-9,trimethylopropane tri(3-aziridinylpropanoate), , , ,"GHS05,GHS08,GHS07,Dgr",,,
2907,66246-88-6,penconazole, , , ,"GHS08,GHS07,GHS09,Wng",,,
2908,473798-59-3,fenpyrazamine, , , ,"GHS09,Wng",,,
2909,288-32-4,imidazole, , , ,"GHS08,GHS07,GHS05,Dgr",,,
2910,8/1/2164,lenacil, , , ,"GHS08,GHS09,Wng",,,
2911,86347-14-0,"(RS)-4-[1-(2,3-dimethylphenyl)ethyl]-1H-imidazole", , , ,"GHS06,GHS08,GHS09,Dgr",,,
2912,55219-65-3,triadimenol, , , ,"GHS08,GHS07,GHS09,Dgr",,,
2913,5915-41-3,terbuthylazine, , , ,"GHS07,GHS08,GHS09,Wng",,,
2914,148-24-3,quinolin-8-ol, , , ,"GHS08,GHS06,GHS05,GHS09,Dgr",,,
2915,111988-49-9,thiacloprid, , , ,"GHS08,GHS06,GHS09,Dgr",,,
2916,2682-20-4,2-methylisothiazol-3(2H)-one, , , ,"GHS05,GHS06,GHS09,Dgr",,,
2917,422556-08-9,pyroxsulam, , , ,"GHS07,GHS09,Wng",,,
2918,1072-63-5,1-vinylimidazole, , , ,"GHS08,Dgr",,,
2919,54-11-5,nicotine, , , ,"GHS06,GHS09,Dgr",,,
2920,57-24-9,strychnine, , , ,"GHS06,GHS09,Dgr",,,
2921,64-86-8,colchicine, , , ,"GHS06,GHS08,Dgr",,,
2922,357-57-3,brucine, , , ,"GHS06,Dgr",,,
2923,4845-99-2,brucine sulphate, , , ,"GHS06,Dgr",,,
2924,5786-97-0,brucine sulphate, , , ,"GHS06,Dgr",,,
2925,68239-26-9,brucine sulphate, , , ,"GHS06,Dgr",,,
2926,68310-42-9,brucine sulphate, , , ,"GHS06,Dgr",,,
2927,302-27-2,aconitine, , , ,"GHS06,Dgr",,,
2928,51-55-8,atropine, , , ,"GHS06,Dgr",,,
2929,101-31-5,hyoscyamine, , , ,"GHS06,Dgr",,,
2930,51-34-3,hyoscine, , , ,"GHS06,Dgr",,,
2931,92-13-7,pilocarpine, , , ,"GHS06,Dgr",,,
2932,58-74-2,papaverine, , , ,"GHS07,Wng",,,
2933,57-47-6,physostigmine, , , ,"GHS06,Dgr",,,
2934,71-63-6,digitoxin, , , ,"GHS06,GHS08,Dgr",,,
2935,299-42-3,ephedrine, , , ,"GHS07,Wng",,,
2936,630-60-4,ouabain, , , ,"GHS06,GHS08,Dgr",,,
2937,11005-63-3,strophantin-K, , , ,"GHS06,GHS08,Dgr",,,
2938,507-60-8,"bufa-4,20,22-trienolide, 6-(acetyloxy)-3-(β-D-glucopyranosyloxy)-8,14-dihydroxy-, (3β, 6β)-", , , ,"GHS06,Dgr",,,
2939,68784-14-5,constitutional isomers of penta-O-allyl-β-D-fructofuranosyl-α-D-glucopyranoside, , , ,"GHS07,Wng",,,
2940,624-83-9,methyl isocyanate, , , ,"GHS02,GHS06,GHS05,GHS08,Dgr",,,
2941,556-61-6,methyl isothiocyanate, , , ,"GHS06,GHS05,GHS09,Dgr",,,
2942,463-56-9,thiocyanic acid, , , ,"GHS07,Wng",,,
2943,101-68-8,"4,4'-methylenediphenyl diisocyanate", , , ,"GHS08,GHS07,Dgr",,,
2944,5/2/2536,"4,4'-methylenediphenyl diisocyanate", , , ,"GHS08,GHS07,Dgr",,,
2945,5873-54-1,"4,4'-methylenediphenyl diisocyanate", , , ,"GHS08,GHS07,Dgr",,,
2946,26447-40-5,"4,4'-methylenediphenyl diisocyanate", , , ,"GHS08,GHS07,Dgr",,,
2947,91-08-7,2-methyl-m-phenylene diisocyanate, , , ,"GHS06,GHS08,Dgr",,,
2948,584-84-9,2-methyl-m-phenylene diisocyanate, , , ,"GHS06,GHS08,Dgr",,,
2949,26471-62-5,2-methyl-m-phenylene diisocyanate, , , ,"GHS06,GHS08,Dgr",,,
2950,3173-72-6,"1,5-naphthylene diisocyanate", , , ,"GHS08,GHS07,Dgr",,,
2951,4098-71-9,"3-isocyanatomethyl-3,5,5-trimethylcyclohexyl isocyanate", , , ,"GHS06,GHS08,GHS09,Dgr",,,
2952,5124-30-1,"4,4'-methylenedi(cyclohexyl isocyanate)", , , ,"GHS06,GHS08,Dgr",,,
2953,16938-22-0,"2,2,4-trimethylhexamethylene-1,6-di-isocyanate", , , ,"GHS06,GHS08,Dgr",,,
2954,15646-96-5,"2,2,4-trimethylhexamethylene-1,6-di-isocyanate", , , ,"GHS06,GHS08,Dgr",,,
2955,822-06-0,hexamethylene-di-isocyanate, , , ,"GHS06,GHS08,Dgr",,,
2956,4083-64-1,4-isocyanatosulphonyltoluene, , , ,"GHS08,GHS07,Dgr",,,
2957,420-04-2,cyanamide, , , ,"GHS08,GHS06,GHS05,Dgr",,,
2958,7276-58-6,tris(1-dodecyl-3-methyl-2-phenylbenzimidazolium)hexacyanoferrate, , , ,"GHS07,Wng",,,
2959,115-31-1,"1,7,7-trimethylbicyclo(2,2,1)hept-2-yl thiocyanatoacetate", , , ,"GHS07,GHS09,Wng",,,
2960,590-28-3,potassium cyanate, , , ,"GHS07,Wng",,,
2961,156-62-7,calcium cyanamide, , , ,"GHS05,GHS07,Dgr",,,
2962,112-56-1,2-(2-butoxyethoxy)ethyl thiocyanate, , , ,"GHS02,GHS06,Dgr",,,
2963,538-75-0,dicyclohexylcarbodiimide, , , ,"GHS06,GHS05,Dgr",,,
2964,6317-18-6,methylene dithiocyanate, , , ,"GHS06,GHS05,GHS09,Dgr",,,
2965,2451-62-9,"1,3,5-tris(oxiranylmethyl)-1,3,5-triazine-2,4,6(1H,3H,5H)-trione", , , ,"GHS06,GHS08,GHS05,Dgr",,,
2966,79277-18-2,methyl 3-isocyanatosulfonyl-2-thiophene-carboxylate, , , ,"GHS08,Dgr",,,
2967,83056-32-0,2-(isocyanatosulfonylmethyl)benzoic acid methyl ester, , , ,"GHS02,GHS08,GHS05,GHS07,Dgr",,,
2968,1943-82-4,2-phenylethylisocyanate, , , ,"GHS06,GHS08,GHS05,GHS09,Dgr",,,
2969,47073-92-7,"4,4'-ethylidenediphenyl dicyanate", , , ,"GHS08,GHS05,GHS07,GHS09,Dgr",,,
2970,101657-77-6,"4,4'-methylenebis(2,6-dimethylphenyl cyanate)", , , ,"GHS07,Wng",,,
2971,77375-79-2,ethyl 2-(isocyanatosulfonyl)benzoate, , , ,"GHS05,GHS08,GHS07,Dgr",,,
2972,3535-84-0,thallium thiocyanate, , , ,"GHS06,GHS08,GHS09,Dgr",,,
2973,122886-55-9,"reaction product of diphenylmethanediisocyanate, octylamine and oleylamine (molar ratio 1:1.86:0.14)", , , ,-,,,
2974,104-12-1,4-chlorophenylisocyanate, , , ,"GHS06,GHS05,GHS08,GHS09,Dgr",,,
2975,68-12-2,"N,N-dimethylformamide", , , ,"GHS08,GHS07,Dgr",,,
2976,640-19-7,2-fluoroacetamide, , , ,"GHS06,Dgr",,,
2977,79-06-1,acrylamide, , , ,"GHS06,GHS08,Dgr",,,
2978,93-71-0,allidochlor, , , ,"GHS07,GHS09,Wng",,,
2979,1918-13-4,chlorthiamid, , , ,"GHS07,Wng",,,
2980,1085-98-9,dichlofluanid, , , ,"GHS07,GHS09,Wng",,,
2981,957-51-7,diphenamid, , , ,"GHS07,Wng",,,
2982,1918-16-7,propachlor, , , ,"GHS07,GHS09,Wng",,,
2983,709-98-8,propanil, , , ,"GHS07,GHS09,Wng",,,
2984,127-65-1,tosylchloramide sodium, , , ,"GHS08,GHS05,GHS07,Dgr",,,
2985,127-19-5,"N,N-dimethylacetamide", , , ,"GHS08,GHS07,Dgr",,,
2986,719-96-0,N-(dichlorofluoromethylthio)phthalimide, , , ,"GHS07,Wng",,,
2987,110-69-0,butyraldehyde oxime, , , ,"GHS06,Dgr",,,
2988,96-29-7,2-butanone oxime, , , ,"GHS08,GHS05,GHS07,Dgr",,,
2989,15972-60-8,alachlor, , , ,"GHS08,GHS07,GHS09,Wng",,,
2990,5836-73-7,"1-(3,4-dichlorophenylimino) thiosemicarbazide", , , ,"GHS06,Dgr",,,
2991,15263-52-2,cartap hydrochloride, , , ,"GHS07,GHS09,Wng",,,
2992,134-62-3,"N,N-diethyl-m-toluamide", , , ,"GHS07,Wng",,,
2993,37924-13-3,perfluidone, , , ,"GHS07,Wng",,,
2994,34014-18-1,tebuthiuron, , , ,"GHS07,GHS09,Wng",,,
2995,25366-23-8,thiazafluron, , , ,"GHS07,GHS09,Wng",,,
2996,60-35-5,acetamide, , , ,"GHS08,Wng",,,
2997,20108-78-5,valinamide, , , ,"GHS08,Wng",,,
2998,62-55-5,thioacetamide, , , ,"GHS08,GHS07,Dgr",,,
2999,108673-51-4,"N-(4-(3-(4-cyanophenyl)ureido)-3-hydroxyphenyl)-2-(2,4-di-tert-pentylphenoxy)octanamide", , , ,"GHS07,Wng",,,
3000,66710-66-5,"N,N'-ethylenebis(vinylsulfonylacetamide)", , , ,"GHS05,GHS07,Dgr",,,
3001,30043-49-3,ethidimuron, , , ,"GHS07,GHS09,Wng",,,
3002,50563-36-5,dimethachlor, , , ,"GHS07,GHS09,Wng",,,
3003,69581-33-5,cyprofuram, , , ,"GHS06,GHS09,Dgr",,,
3004,57966-95-7,cymoxanil, , , ,"GHS08,GHS07,GHS09,Wng",,,
3005,79-07-2,2-chloracetamide, , , ,"GHS06,GHS08,Dgr",,,
3006,34256-82-1,acetochlor, , , ,"GHS08,GHS07,GHS09,Wng",,,
3007,88918-84-7,(4-aminophenyl)-N-methylmethylensulfonamide hydrochloride, , , ,"GHS05,GHS07,GHS09,Dgr",,,
3008,117827-06-2,"3',5'-dichloro-4'-ethyl-2'-hydroxypalmitanilide", , , ,"GHS07,Wng",,,
3009,97888-41-0,potassium N-(4-toluenesulfonyl)-4-toluenesulfonamide, , , ,"GHS05,Dgr",,,
3010,142859-67-4,"N-(2-(6-ethyl-7-(4-methylphenoxy)-1H-pyrazolo[1,5-b][1,2,4]triazol-2-yl)propyl)-2-octadecyloxybenzamide", , , ,"GHS07,Wng",,,
3011,122371-93-1,2'-(4-chloro-3-cyano-5-formyl-2-thienylazo)-5'-diethylamino-2-methoxyacetanilide, , , ,"GHS07,Wng",,,
3012,1939-27-1,3'-trifluoromethylisobutyranilide, , , ,"GHS08,GHS09,Wng",,,
3013,103055-07-8,lufenuron, , , ,"GHS07,GHS09,Wng",,,
3014,75-12-7,formamide, , , ,"GHS08,Dgr",,,
3015,79-16-3,N-methylacetamide, , , ,"GHS08,Dgr",,,
3016,36734-19-7,iprodione, , , ,"GHS08,GHS09,Wng",,,
3017,23950-58-5,propyzamide, , , ,"GHS08,GHS09,Wng",,,
3018,123-39-7,N-methylformamide, , , ,"GHS08,GHS07,Dgr",,,
3019,119462-56-5,"1,3-bis(3-methyl-2,5-dioxo-1H-pyrrolinylmethyl)benzene", , , ,"GHS08,GHS05,GHS07,GHS09,Dgr",,,
3020,124172-53-8,"N,N'-1,6-hexanediylbis(N-(2,2,6,6-tetramethyl-piperidin-4-yl)-formamide", , , ,"GHS07,Wng",,,
3021,70693-57-1,N-[3-[(2-acetyloxy)ethyl](phenyl-methyl)amino]-4-methoxyphenylacetamide, , , ,"GHS05,Dgr",,,
3022,106917-30-0,"3-dodecyl-(1-(1,2,2,6,6-pentamethyl-4-piperidin)-yl)-2,5-pyrrolidindione", , , ,"GHS06,GHS08,GHS05,GHS09,Dgr",,,
3023,79881-89-3,"3'-(3-acetyl-4-hydroxyphenyl)-1,1-diethylurea", , , ,"GHS08,GHS07,Wng",,,
3024,115662-06-1,"5,6,12,13-tetrachloroanthra(2,1,9-def:6,5,10-d'e'f')diisoquinoline-1,3,8,10(2H,9H)-tetrone", , , ,"GHS08,Wng",,,
3025,174393-75-0,potassium 4-(11-methacrylamidoundecanamido)benzenesulfonate, , , ,"GHS07,Wng",,,
3026,120187-29-3,4'-ethoxy-2-benzimidazoleanilide, , , ,"GHS08,Wng",,,
3027,104958-67-0,N-butyl-2-(4-morpholinylcarbonyl)benzamide, , , ,"GHS07,Wng",,,
3028,65197-96-8,"D,L-(N,N-diethyl-2-hydroxy-2-phenylacetamide)", , , ,"GHS05,GHS07,Dgr",,,
3029,112410-23-8,tebufenozide, , , ,GHS09,,,
3030,140921-24-0,"1,6-hexanediyl-bis(2-(2-(1-ethylpentyl)-3-oxazolidinyl)ethyl)carbamate", , , ,"GHS07,Wng",,,
3031,24856-00-6,5-bromo-8-naphtholactam, , , ,"GHS07,GHS09,Wng",,,
3032,129604-78-0,"N-(5-chloro-3-((4-(diethylamino)-2-methylphenyl)imino-4-methyl-6-oxo-1,4-cyclohexadien-1-yl)benzamide", , , ,"GHS07,Wng",,,
3033,27080-42-8,[2-[(4-nitrophenyl)amino]ethyl]urea, , , ,"GHS07,Wng",,,
3034,168900-02-5,"3-(2,4-dichlorophenyl)-6-fluoro-quinazoline-2,4(1H,3H)-dione", , , ,"GHS09,Wng",,,
3035,52658-19-2,"reaction mass of: 7,9,9-trimethyl-3,14-dioxa-4,13-dioxo-5,12-diazahexadecane-1,16-diyl-prop-2-enoate", , , ,"GHS07,GHS09,Wng",,,
3036,112006-75-4,"2-aminosulfonyl-N,N-dimethylnicotinamide", , , ,"GHS07,Wng",,,
3037,41107-56-6,"5-(2,4-dioxo-1,2,3,4-tetrahydropyrimidine)-3-fluoro-2-hydroxymethyltetrahydrofuran", , , ,"GHS08,Wng",,,
3038,70918-74-0,"1-(1,4-benzodioxan-2-ylcarbonyl)piperazine hydrochloride", , , ,"GHS06,GHS08,GHS09,Dgr",,,
3039,59653-74-6,"1,3,5-tris-[(2S and 2R)-2,3-epoxypropyl]-1,3,5-triazine-2,4,6-(1H,3H,5H)-trione", , , ,"GHS06,GHS08,GHS05,Dgr",,,
3040,129217-90-9,Reaction products of: aniline-terephthalaldehyde-o-toluidine condensate with maleic anhydride, , , ,"GHS07,GHS09,Wng",,,
3041,119126-15-7,"1-[4-chloro-3-((2,2,3,3,3-pentafluoropropoxy)methyl)phenyl]-5-phenyl-1H-1,2,4-triazole-3-carboxamide", , , ,GHS09,,,
3042,10218-17-4,"1,3-dimethyl-1,3-bis(trimethylsilyl)urea", , , ,"GHS07,Wng",,,
3043,149182-72-9,"(S)-N-tert-butyl-1,2,3,4-tetrahydro-3-isoquinolinecarboxamide", , , ,"GHS07,Wng",,,
3044,120298-38-6,"(S,S)-trans-4-(acetylamino)-5,6-dihydro-6-methyl-7,7-dioxo-4H-thieno[2,3-b]thiopyran-2-sulfonamide", , , ,"GHS07,GHS09,Wng",,,
3045,71626-11-4,benalaxyl, , , ,"GHS09,Wng",,,
3046,15545-48-9,chlorotoluron, , , ,"GHS08,GHS09,Wng",,,
3047,13684-63-4,phenmedipham, , , ,"GHS09,Wng",,,
3048,142891-20-1,cinidon ethyl, , , ,"GHS08,GHS07,GHS09,Wng",,,
3049,144550-36-7,iodosulfuron-methyl-sodium, , , ,"GHS09,Wng",,,
3050,141776-32-1,sulfosulfuron, , , ,"GHS09,Wng",,,
3051,113136-77-9,cyclanilide, , , ,"GHS07,GHS09,Wng",,,
3052,126833-17-8,fenhexamid, , , ,GHS09,,,
3053,144651-06-9,oxasulfuron, , , ,"GHS08,GHS09,Wng",,,
3054,13684-56-5,desmedipham, , , ,"GHS09,Wng",,,
3055,777891-21-1,N-[2-(3-acetyl-5-nitrothiophen-2-ylazo)-5-diethylaminophenyl]acetamide, , , ,"GHS08,GHS09,Wng",,,
3056,65797-42-4,"N-(2',6'-dimethylphenyl)-2-piperidinecarboxamide hydrochloride", , , ,"GHS07,Wng",,,
3057,129205-19-2,"2,4-dihydroxy-N-(2-methoxyphenyl)benzamide", , , ,"GHS07,GHS09,Wng",,,
3058,105726-67-8,methyl neodecanamide, , , ,"GHS07,Wng",,,
3059,96141-86-5,"N-[3-[[4-(diethylamino)-2-methylphenyl]imino]-6-oxo-1,4-cyclohexadienyl]acetamide", , , ,"GHS09,Wng",,,
3060,90076-65-6,lithium bis(trifluoromethylsulfonyl)imide, , , ,"GHS06,GHS05,GHS08,Dgr",,,
3061,151338-11-3,"3-cyano-N-(1,1-dimethylethyl)androsta-3,5-diene-17-β-carboxamide", , , ,"GHS09,Wng",,,
3062,139756-01-7,1-methyl-4-nitro-3-propyl-1H-pyrazole-5-carboxamide, , , ,"GHS08,GHS07,Wng",,,
3063,42774-15-2,"N,N'-bis(2,2,6,6-tetramethyl-4-piperidyl)isophthalamide", , , ,"GHS07,Wng",,,
3064,17193-28-1,1-aminocyclopentanecarboxamide, , , ,"GHS05,GHS08,GHS07,Dgr",,,
3065,130016-98-7,"N-[4-(4-cyano-2-furfurylidene-2,5-dihydro-5-oxo-3-furyl)phenyl]butane-1-sulfonamide", , , ,"GHS09,Wng",,,
3066,149118-66-1,"N-cyclohexyl-S,S-dioxobenzo[b]tiophene-2-carboxamide", , , ,"GHS05,GHS07,GHS09,Dgr",,,
3067,136522-17-3,"(3S,4aS,8aS)-2-[(2R,3S)-3-amino-2-hydroxy-4-phenylbutyl]-N-tert-butyldecahydroisoquinoline-3-carboxamide", , , ,"GHS07,Wng",,,
3068,71526-07-3,4-dichloroacetyl-1-oxa-4-azaspiro[4.5]decane, , , ,"GHS07,GHS09,Wng",,,
3069,112226-61-6,"benzoic acid, N-tert-butyl-N'-(4-chlorobenzoyl)hydrazide", , , ,"GHS07,GHS09,Wng",,,
3070,136465-81-1,"(3S,4aS,8aS)-N-tert-butyldecahydro-3-isoquinolinecarboxamide", , , ,"GHS05,GHS07,Dgr",,,
3071,133336-92-2,"N,N''-(methylenedi-4,1-phenylene)bis[N'-(4-methylphenyl)urea]", , , ,"GHS07,Wng",,,
3072,156052-68-5,zoxamide, , , ,"GHS07,GHS09,Wng",,,
3073,93629-90-4,"1,3-Bis(vinylsulfonylacetamido)propane", , , ,"GHS08,GHS05,GHS07,Dgr",,,
3074,149591-38-8,"N,N'-dihexadecyl-N,N'-bis(2-hydroxyethyl)propanediamide", , , ,"GHS08,Wng",,,
3075,106700-29-2,pethoxamide, , , ,"GHS07,GHS09,Wng",,,
3076,142776-95-2,"N-(2-methoxy-5-octadecanoylaminophenyl)-2-(3-benzyl-2,5-dioxoimidazolidin-1-yl)-4,4-dimethyl-3-oxopentanoic acidamide", , , ,-,,,
3077,139481-22-4,1-methyl-4-(2-methyl-2H-tetrazol-5-yl)-1H-pyrazole-5-sulfonamide, , , ,"GHS07,Wng",,,
3078,84245-12-5,"N-[6,9-dihydro-9-[[2-hydroxy-1-(hydroxymethyl)ethoxy]methyl]-6-oxo-1H-purin-2-yl]acetamide", , , ,"GHS08,Dgr",,,
3079,171887-03-9,"N-(2-amino-4,6-dichloropyrimidin-5-yl)formamide", , , ,"GHS05,GHS07,Dgr",,,
3080,125971-96-2,"4-(4-fluorophenyl)-2-(2-methyl-1-oxopropyl)-4-oxo-3,N-diphenylbutanamide", , , ,-,,,
3081,125971-57-5,4-methyl-3-oxo-N-phenyl-2-(phenylmethylene)pentanamide, , , ,"GHS07,GHS09,Wng",,,
3082,104560-40-9,"N,N,N',N'-tetracyclohexyl-1,3-benzenedicarboxamide", , , ,"GHS09,Wng",,,
3083,204277-61-2,6-(2-chloro-6-cyano-4-nitrophenylazo)-4-methoxy-3-[N-(methoxycarbonylmethyl)-N-(1-methoxycarbonylethyl)amino]acetanilide, , , ,-,,,
3084,114565-70-7,3-amino-4-hydroxy-N-(3-isopropoxypropyl)benzenesulfonamide hydrochloride, , , ,"GHS05,GHS07,GHS09,Dgr",,,
3085,90357-53-2,N-[4-cyano-3-trifluoromethylphenyl]methacrylamide, , , ,"GHS08,GHS09,Wng",,,
3086,61551-69-7,"2,2'-azobis[N-(2-hydroxyethyl)-2-methylpropionamide]", , , ,"GHS07,Wng",,,
3087,67669-19-6,"2,4-dichloro-5-hydroxyacetanilide", , , ,-,,,
3088,192463-88-0,"4,4'-methylenebis[N-(4-chlorophenyl)-3-hydroxynaphthalene-2-carboxamide]", , , ,-,,,
3089,149961-52-4,dimoxystrobin, , , ,"GHS08,GHS07,GHS09,Wng",,,
3090,113614-08-7,beflubutamid, , , ,"GHS09,Wng",,,
3091,120116-88-3,cyazofamid, , , ,"GHS09,Wng",,,
3092,168612-06-4,"N,N-dibutyl-(2,5-dihydro-5-thioxo-1H-tetrazol-1-yl)acetamide", , , ,"GHS07,Wng",,,
3093,136997-71-2,1-dimethylcarbamoyl-4-(2-sulfonatoethyl)pyridinium, , , ,"GHS07,Wng",,,
3094,92771-56-7,"4-[4-(2,2-dimethyl-propanamido)]phenylazo-3-(2-chloro-5-(2-(3-pentadecylphenoxy)butylamido)anilino)-1-(2,4,6-trichlorophenyl)-2-pyrazoline-5-one", , , ,"GHS07,Wng",,,
3095,6485-67-2,(2R)-2-amino-2-phenylacetamide, , , ,"GHS07,Wng",,,
3096,102333-75-5,2-(para-chlorophenyl)glycineamide, , , ,"GHS05,GHS07,Dgr",,,
3097,14691-89-5,"N-(2,2,6,6-tetramethyl-1-oxylpiperidin-4-yl)acetamide", , , ,"GHS07,Wng",,,
3098,151257-01-1,"2-butyl-1,3-diazaspiro[4.4]non-1-en-4-one hydrochloride", , , ,"GHS07,Wng",,,
3099,202483-62-3,2-(2-hexyldecyloxy)benzamide, , , ,-,,,
3100,24294-01-7,"3-N,N-bis(methoxyethyl)aminoacetanilide", , , ,"GHS07,Wng",,,
3101,217324-98-6,"(3-(4-(2-(butyl-(4-methylphenylsulfonyl)amino)phenylthio)-5-oxo-1-(2,4,6-trichlorophenyl)-4,5-dihydro-1H-pyrazole-3-ylamino)-4-chlorophenyl)tetradecanamide", , , ,-,,,
3102,52583-35-4,"N-(5-(bis(2-methoxyethyl)amino)-2-((2-cyano-4,6-dinitrophenyl)-azo)phenyl)acetamide", , , ,-,,,
3103,16634-82-5,2-chloro-N-(4-methylphenyl)acetamide, , , ,"GHS05,GHS07,GHS09,Dgr",,,
3104,27366-72-9,"N,N-(dimethylamino)thioacetamide hydrochloride", , , ,"GHS08,GHS09,Dgr",,,
3105,17417-32-2,4'-methyldodecane-1-sulfonanilide, , , ,"GHS09,Wng",,,
3106,214417-91-1,"N'-(1,3-dimethylbutylidene)-3-hydroxy-2-naphthohydrazide", , , ,"GHS07,GHS09,Wng",,,
3107,1854-15-5,N-dodecyl-4-methoxybenzamide, , , ,-,,,
3108,105043-55-8,"3-methyl-N-(5,8,13,14-tetrahydro-5,8,14-trioxonaphth[2,3-c]acridin-6-yl)benzamide", , , ,-,,,
3109,53641-10-4,"N,N'-(2-chloro-1,4-phenylene)bis(3-oxobutaneamide)", , , ,-,,,
3110,221215-20-9,"2-(5,5-dimethyl-2,4-dioxooxazolidin-3-yl)-4,4-dimethyl-3-oxo-N-(2-methoxy-5-octadecanoylaminophenyl)pentanoic acid amide", , , ,"GHS07,Wng",,,
3111,452962-97-9,"N-[5-(bis-(2-methoxy-ethyl)-amino]-2-(6-bromo-2-methyl-1,3-dioxo-2,3-dihydro-1H-isoindol-5-ylazo)-phenyl]acetamide", , , ,-,,,
3112,64026-19-3,N-decyl-4-nitrobenzamide, , , ,-,,,
3113,406488-30-0,2-ethyl-N-methyl-N-(3-methylphenyl)butanamide, , , ,"GHS07,GHS09,Wng",,,
3114,727678-39-9,"2-[2-(3-butoxypropyl)-1,1-dioxo-1,2,4-benzothiadiazin-3-yl]-5'-tert-butyl-2-(5,5-dimethyl-2,4-dioxo-1,3-oxazolidin-3-yl)-2'-[(2-ethylhexyl)thio]acetanilide", , , ,-,,,
3115,368450-39-9,"N-[2-(2-butyl-4,6-dicyano-1,3-dioxo-2,3-dihydro-1H-isoindol-5-ylazo)-5-diethylamino-phenyl]acetamide", , , ,-,,,
3116,34640-92-1,"2,2-diethoxy-N,N-dimethylacetamide", , , ,"GHS07,Wng",,,
3117,220926-97-6,"12-hydroxyoctadecanoic acid, reaction products with 1,3-benzenedimethanamine and hexamethylenediamine", , , ,"GHS07,Wng",,,
3118,67129-08-2,Metazachlor, , , ,"GHS07,GHS08,GHS09,Wng",,,
3119,101463-69-8,flufenoxuron, , , ,"GHS09,Wng",,,
3120,32289-58-0,polyhexamethylene biguanide hydrochloride, , , ,"GHS08,GHS06,GHS05,GHS09,Dgr",,,
3121,27083-27-8,polyhexamethylene biguanide hydrochloride, , , ,"GHS08,GHS06,GHS05,GHS09,Dgr",,,
3122,2687-91-4,N-ethyl-2-pyrrolidone, , , ,"GHS08,Dgr",,,
3123,120923-37-7,amidosulfuron, , , ,"GHS09,Wng",,,
3124,119168-77-3,tebufenpyrad, , , ,"GHS06,GHS08,GHS09,Dgr",,,
3125,189278-12-4,proquinazid, , , ,"GHS08,GHS09,Wng",,,
3126,55406-53-6,3-iodo-2-propynyl butylcarbamate, , , ,"GHS06,GHS08,GHS05,GHS09,Dgr",,,
3127,374726-62-2,mandipropamid, , , ,"GHS09,Wng",,,
3128,139528-85-1,metosulam, , , ,"GHS08,GHS09,Wng",,,
3129,163515-14-8,dimethenamid-P, , , ,"GHS07,GHS09,Wng",,,
3130,158062-67-0,flonicamid, , , ,"GHS07,Wng",,,
3131,946578-00-3,sulfoxaflor, , , ,"GHS07,GHS09,Wng",,,
3132,1072957-71-1,benzovindiflupyr, , , ,"GHS06,GHS09,Dgr",,,
3133,658066-35-4,fluopyram, , , ,GHS09,,,
3134,66063-05-6,pencycuron, , , ,"GHS09,Wng",,,
3135,86479-06-3,hexaflumuron, , , ,"GHS09,Wng",,,
3136,183675-82-3,penthiopyrad, , , ,"GHS09,Wng",,,
3137,16118-49-3,carbetamide, , , ,"GHS08,GHS07,GHS09,Dgr",,,
3138,348635-87-0,amisulbrom, , , ,"GHS08,GHS07,GHS09,Wng",,,
3139,110-05-4,di-tert-butyl peroxide, , , ,"GHS02,GHS08,Dgr",,,
3140,80-15-9,"α,α-dimethylbenzyl hydroperoxide", , , ,"GHS02,GHS06,GHS08,GHS05,GHS09,Dgr",,,
3141,105-74-8,dilauroyl peroxide, , , ,"GHS02,Dgr",,,
3142,771-29-9,"1,2,3,4-tetrahydro-1-naphthyl hydroperoxide", , , ,"GHS02,GHS05,GHS07,GHS09,Dgr",,,
3143,80-43-3,"bis(α,α-dimethylbenzyl) peroxide", , , ,"GHS02,GHS07,GHS09,Wng",,,
3144,3457-61-2,"tert-butyl α,α-dimethylbenzyl peroxide", , , ,"GHS02,GHS07,GHS09,Wng",,,
3145,94-36-0,dibenzoyl peroxide, , , ,"GHS01,GHS02,GHS07,Dgr",,,
3146,78-18-2,1-hydroperoxycyclohexyl 1-hydroxycyclohexyl peroxide, , , ,"GHS05,Dgr,GHS02,GHS07,GHS01",,,
3147,2407-94-5,1-hydroperoxycyclohexyl 1-hydroxycyclohexyl peroxide, , , ,"GHS05,Dgr,GHS02,GHS07,GHS01",,,
3148,11/8/2699,1-hydroperoxycyclohexyl 1-hydroxycyclohexyl peroxide, , , ,"GHS05,Dgr,GHS02,GHS07,GHS01",,,
3149,12262-58-7,1-hydroperoxycyclohexyl 1-hydroxycyclohexyl peroxide, , , ,"GHS05,Dgr,GHS02,GHS07,GHS01",,,
3150,80-47-7,8-p-menthyl hydroperoxide, , , ,"GHS02,GHS05,GHS07,Dgr",,,
3151,116753-76-5,"O,O-tert-butyl O-docosyl monoperoxyoxalate", , , ,"GHS02,GHS09,Dgr",,,
3152,104788-63-8,6-(nonylamino)-6-oxo-peroxyhexanoic acid, , , ,"GHS02,GHS05,GHS07,GHS09,Dgr",,,
3153,895-85-2,bis(4-methylbenzoyl)peroxide, , , ,"GHS01,GHS02,GHS09,Dgr",,,
3154,32144-25-5,"reaction mass of: 2,2'-bis(tert-pentylperoxy)-p-diisopropylbenzene", , , ,"GHS02,Dgr",,,
3155,71566-50-2,"reaction mass of: 1-methyl-1-(3-(1-methylethyl)phenyl)ethyl-1-methyl-1-phenylethylperoxide, 63 % by weight", , , ,"GHS02,GHS09,Dgr",,,
3156,128275-31-0,6-(phthalimido)peroxyhexanoic acid, , , ,"GHS02,GHS05,GHS09,Dgr",,,
3157,117663-11-3,"1,3-di(prop-2,2-diyl)benzene bis(neodecanoylperoxide)", , , ,"GHS02,GHS09,Dgr",,,
3158,75-91-2,tert-butyl hydroperoxide, , , ,"GHS08,Wng",,,
3159,9001-22-3,"glucosidase, β-", , , ,"GHS08,Dgr",,,
3160,9012-54-8,cellulase, , , ,"GHS08,Dgr",,,
3161,37329-65-0,"cellobiohydrolase, exo-", , , ,"GHS08,Dgr",,,
3162,9001-00-7,"bromelain, juice", , , ,"GHS08,GHS07,Dgr",,,
3163,9001-33-6,ficin, , , ,"GHS08,GHS07,Dgr",,,
3164,9001-73-4,papain, , , ,"GHS08,GHS07,Dgr",,,
3165,9001-75-6,pepsin A, , , ,"GHS08,GHS07,Dgr",,,
3166,9001-98-3,rennin, , , ,"GHS08,GHS07,Dgr",,,
3167,7/7/9002,trypsin, , , ,"GHS08,GHS07,Dgr",,,
3168,7/3/9004,chymotrypsin, , , ,"GHS08,GHS07,Dgr",,,
3169,1/1/9014,subtilisin, , , ,"GHS08,GHS05,GHS07,Dgr",,,
3170,9068-59-1,"proteinase, microbial neutral", , , ,"GHS08,GHS07,Dgr",,,
3171,9000-90-2,"amylase, α-", , , ,"GHS08,Dgr",,,
3172,80498-15-3,laccase, , , ,"GHS08,Dgr",,,
3173,84650-02-2,"Distillates (coal tar), benzole fraction", , , ,"GHS08,Dgr",,,
3174,94114-40-6,"Tar oils, brown-coal", , , ,"GHS08,Dgr",,,
3175,65996-88-5,Benzol forerunnings (coal), , , ,"GHS08,Dgr",,,
3176,101896-26-8,"Distillates (coal tar), benzole fraction, BTX-rich", , , ,"GHS08,Dgr",,,
3177,90989-41-6,"Aromatic hydrocarbons, C6-10, C8-rich", , , ,"GHS08,Dgr",,,
3178,85536-17-0,"Solvent naphtha (coal), light", , , ,"GHS08,Dgr",,,
3179,85536-20-5,"Solvent naphtha (coal), xylene-styrene cut", , , ,"GHS08,Dgr",,,
3180,85536-19-2,"Solvent naphtha (coal), coumarone-styrene contg.", , , ,"GHS08,Dgr",,,
3181,90641-12-6,"Naphtha (coal), distn. residues", , , ,"GHS08,Dgr",,,
3182,90989-38-1,"Aromatic hydrocarbons, C8", , , ,"GHS08,Dgr",,,
3183,91995-20-9,"Aromatic hydrocarbons, C8-9, hydrocarbon resin polymn. by-product", , , ,"GHS08,Dgr",,,
3184,92062-36-7,"Aromatic hydrocarbons, C9-12, benzene distn.", , , ,"GHS08,Dgr",,,
3185,91995-61-8,"Extract residues (coal), benzole fraction alk., acid ext.", , , ,"GHS08,Dgr",,,
3186,101316-63-6,"Extract residues (coal tar), benzole fraction alk., acid ext.", , , ,"GHS08,Dgr",,,
3187,93821-38-6,"Extract residues (coal), benzole fraction acid", , , ,"GHS08,Dgr",,,
3188,90641-02-4,"Extract residues (coal), light oil alk., distn. overheads", , , ,"GHS08,Dgr",,,
3189,101316-62-5,"Extract residues (coal), light oil alk., acid ext., indene fraction", , , ,"GHS08,Dgr",,,
3190,90641-03-5,"Extract residues (coal), light oil alk., indene naphtha fraction", , , ,"GHS08,Dgr",,,
3191,65996-79-4,Solvent naphtha (coal), , , ,"GHS08,Dgr",,,
3192,101794-90-5,"Distillates (coal tar), light oils, neutral fraction", , , ,"GHS08,Dgr",,,
3193,90640-87-2,"Distillates (coal tar), light oils, acid exts.", , , ,"GHS08,Dgr",,,
3194,84650-03-3,"Distillates (coal tar), light oils", , , ,"GHS08,Dgr",,,
3195,65996-82-9,"Tar oils, coal", , , ,"GHS08,Dgr",,,
3196,90641-01-3,"Extract residues (coal), light oil alk., acid ext.", , , ,"GHS08,Dgr",,,
3197,65996-87-4,"Extract residues (coal), tar oil alk.", , , ,"GHS08,Dgr",,,
3198,90640-99-6,"Extract oils (coal), light oil", , , ,"GHS08,Dgr",,,
3199,68391-11-7,"Pyridine, alkyl derivs.", , , ,"GHS08,Dgr",,,
3200,92062-33-4,"Tar bases, coal, picoline fraction", , , ,"GHS08,Dgr",,,
3201,91082-52-9,"Tar bases, coal, lutidine fraction", , , ,"GHS08,Dgr",,,
3202,68937-63-3,"Extract oils (coal), tar base, collidine fraction", , , ,"GHS08,Dgr",,,
3203,92062-28-7,"Tar bases, coal, collidine fraction", , , ,"GHS08,Dgr",,,
3204,92062-27-6,"Tar bases, coal, aniline fraction", , , ,"GHS08,Dgr",,,
3205,91082-53-0,"Tar bases, coal, toluidine fraction", , , ,"GHS08,Dgr",,,
3206,91995-31-2,"Distillates (petroleum), alkene-alkyne manuf. pyrolysis oil, mixed with high-temp. coal tar, indene fraction", , , ,"GHS08,Dgr",,,
3207,91995-35-6,"Distillates (coal), coal tar-residual pyrolysis oils, naphthalene oils", , , ,"GHS08,Dgr",,,
3208,91995-66-3,"Extract oils (coal), coal tar-residual pyrolysis oils, naphthalene oil, redistillate", , , ,"GHS08,Dgr",,,
3209,122070-79-5,"Extract oils (coal), coal tar-residual pyrolysis oils, naphthalene oils", , , ,"GHS08,Dgr",,,
3210,122070-80-8,"Extract oils (coal), coal tar residual pyrolysis oils, naphthalene oil, distn. residues", , , ,"GHS08,Dgr",,,
3211,101316-45-4,"Absorption oils, bicyclo arom. and heterocyclic hydrocarbon fraction", , , ,"GHS08,Dgr",,,
3212,84989-11-7,"Distillates (coal tar), upper, fluorene-rich", , , ,"GHS08,Dgr",,,
3213,90640-85-0,"Creosote oil, acenaphthene fraction, acenaphthene-free", , , ,"GHS08,Dgr",,,
3214,90640-86-1,"Distillates (coal tar), heavy oils", , , ,"GHS08,Dgr",,,
3215,65996-91-0,"Distillates (coal tar), upper", , , ,"GHS08,Dgr",,,
3216,91995-14-1,"Anthracene oil, acid ext.", , , ,"GHS08,Dgr",,,
3217,65996-92-1,Distillates (coal tar), , , ,"GHS08,Dgr",,,
3218,91995-51-6,"Distillates (coal tar), pitch, heavy oils", , , ,"GHS08,Dgr",,,
3219,101316-49-8,"Distillates (coal tar), pitch", , , ,"GHS08,Dgr",,,
3220,91995-42-5,"Distillates (coal tar), heavy oils, pyrene fraction", , , ,"GHS08,Dgr",,,
3221,91995-52-7,"Distillates (coal tar), pitch, pyrene fraction", , , ,"GHS08,Dgr",,,
3222,97926-76-6,"Paraffin waxes (coal), brown-coal high-temp. tar, carbon-treated", , , ,"GHS08,Dgr",,,
3223,97926-77-7,"Paraffin waxes (coal), brown-coal high-temp tar, clay-treated", , , ,"GHS08,Dgr",,,
3224,61789-60-4,Pitch, , , ,"GHS08,Dgr",,,
3225,65996-93-2,"pitch, coal tar, high-temp.,", , , ,"GHS08,Dgr",,,
3226,121575-60-8,"Pitch, coal tar, high-temp., heat-treated", , , ,"GHS08,Dgr",,,
3227,94114-13-3,"Pitch, coal tar, high-temp., secondary", , , ,"GHS08,Dgr",,,
3228,92061-94-4,"Residues (coal tar), pitch distn.", , , ,"GHS08,Dgr",,,
3229,92062-20-9,"Tar, coal, high-temp., distn. and storage residues", , , ,"GHS08,Dgr",,,
3230,91082-50-7,"Tar, coal, storage residues", , , ,"GHS08,Dgr",,,
3231,100684-51-3,"Tar, coal, high-temp., residues", , , ,"GHS08,Dgr",,,
3232,68990-61-4,"Tar, coal, high-temp., high-solids", , , ,"GHS08,Dgr",,,
3233,92062-34-5,"Waste solids, coal-tar pitch coking", , , ,"GHS08,Dgr",,,
3234,91697-23-3,"Extract residues (coal), brown", , , ,"GHS08,Dgr",,,
3235,92045-71-1,"Paraffin waxes (coal), brown-coal-high-temp. tar", , , ,"GHS08,Dgr",,,
3236,92045-72-2,"Paraffin waxes (coal), brown-coal-high-temp. tar, hydrotreated", , , ,"GHS08,Dgr",,,
3237,97926-78-8,"Paraffin waxes (coal), brown-coal high-temp tar, silicic acid-treated", , , ,"GHS08,Dgr",,,
3238,101316-85-2,"Tar, coal, low-temp., distn. residues", , , ,"GHS08,Dgr",,,
3239,90669-57-1,"Pitch, coal tar, low-temp", , , ,"GHS08,Dgr",,,
3240,90669-59-3,"Pitch, coal tar, low-temp., oxidized", , , ,"GHS08,Dgr",,,
3241,90669-58-2,"Pitch, coal tar, low-temp., heat-treated", , , ,"GHS08,Dgr",,,
3242,68188-48-7,"Distillates (coal-petroleum), condensed-ring arom", , , ,"GHS08,Dgr",,,
3243,101794-74-5,"Aromatic hydrocarbons, C20-28, polycyclic, mixed coal-tar pitch-polyethylene-polypropylene pyrolysis-derived", , , ,"GHS08,Dgr",,,
3244,101794-75-6,"Aromatic hydrocarbons, C20-28, polycyclic, mixed coal-tar pitch-polyethylene pyrolysis-derived", , , ,"GHS08,Dgr",,,
3245,101794-76-7,"Aromatic hydrocarbons, C20-28, polycyclic, mixed coal-tar pitch-polystyrene pyrolysis-derived", , , ,"GHS08,Dgr",,,
3246,68187-57-5,"Pitch, coal tar-petroleum", , , ,"GHS08,Dgr",,,
3247,122070-78-4,"Phenanthrene, distn. residues", , , ,"GHS08,Dgr",,,
3248,84989-10-6,"Distillates (coal tar), upper, fluorene-free", , , ,"GHS08,Dgr",,,
3249,90640-80-5,Anthracene oil, , , ,"GHS08,Dgr",,,
3250,92061-93-3,"Residues (coal tar), creosote oil distn.", , , ,"GHS08,Dgr",,,
3251,8007-45-2,"Tar, coal", , , ,"GHS08,Dgr",,,
3252,65996-89-6,"Tar, coal, high-temp.", , , ,"GHS08,Dgr",,,
3253,65996-90-9,"Tar, coal, low-temp.", , , ,"GHS08,Dgr",,,
3254,85029-51-2,"Distillates (coal), coke-oven light oil, naphthalene cut", , , ,"GHS08,Dgr",,,
3255,84650-04-4,"Distillates (coal tar), naphthalene oils", , , ,"GHS08,Dgr",,,
3256,84989-09-3,"Distillates (coal tar), naphthalene oils, naphthalene-low", , , ,"GHS08,Dgr",,,
3257,91995-49-2,"Distillates (coal tar), naphthalene oil crystn. mother liquor", , , ,"GHS08,Dgr",,,
3258,121620-47-1,"Extract residues (coal), naphthalene oil, alk.", , , ,"GHS08,Dgr",,,
3259,121620-48-2,"Extract residues (coal), naphthalene oil, alk., naphthalene-low", , , ,"GHS08,Dgr",,,
3260,90640-90-7,"Distillates (coal tar), naphthalene oils, naphthalene-free, alk. exts.", , , ,"GHS08,Dgr",,,
3261,90641-04-6,"Extract residues (coal), naphthalene oil alk., distn. overheads", , , ,"GHS08,Dgr",,,
3262,101896-27-9,"Distillates (coal tar), naphthalene oils, methylnaphthalene fraction", , , ,"GHS08,Dgr",,,
3263,101794-91-6,"Distillates (coal tar), naphthalene oils, indole-methylnaphthalene fraction", , , ,"GHS08,Dgr",,,
3264,91995-48-1,"Distillates (coal tar), naphthalene oils, acid exts.", , , ,"GHS08,Dgr",,,
3265,90641-05-7,"Extract residues (coal), naphthalene oil alk., distn. residues", , , ,"GHS08,Dgr",,,
3266,84989-12-8,"Extract oils (coal), acidic, tar-base free", , , ,"GHS08,Dgr",,,
3267,121620-46-0,"Distillates (coal tar), benzole fraction, distn. residues", , , ,"GHS08,Dgr",,,
3268,90640-84-9,"Creosote oil, acenaphthene fraction", , , ,"GHS08,Dgr",,,
3269,61789-28-4,Creosote oil, , , ,"GHS08,Dgr",,,
3270,70321-79-8,"Creosote oil, high-boiling distillate", , , ,"GHS08,Dgr",,,
3271,8001-58-9,Creosote, , , ,"GHS08,Dgr",,,
3272,122384-77-4,"Extract residues (coal), creosote oil acid", , , ,"GHS08,Dgr",,,
3273,90640-81-6,"Anthracene oil, anthracene paste", , , ,"GHS08,Dgr",,,
3274,90640-82-7,"Anthracene oil, anthracene-low", , , ,"GHS08,Dgr",,,
3275,92061-92-2,"Residues (coal tar), anthracene oil distn.", , , ,"GHS08,Dgr",,,
3276,91995-15-2,"Anthracene oil, anthracene paste, anthracene fraction", , , ,"GHS08,Dgr",,,
3277,91995-16-3,"Anthracene oil, anthracene paste, carbazole fraction", , , ,"GHS08,Dgr",,,
3278,91995-17-4,"Anthracene oil, anthracene paste, distn. lights", , , ,"GHS08,Dgr",,,
3279,101316-87-4,"Tar oils, coal, low-temp.", , , ,"GHS08,Dgr",,,
3280,122384-78-5,"Extract residues (coal), low temp. coal atar alk.", , , ,"GHS08,Dgr",,,
3281,84988-93-2,"Phenols, ammonia liquor ext.", , , ,"GHS08,Dgr",,,
3282,90640-88-3,"Distillates (coal tar), light oils, alk. exts.", , , ,"GHS08,Dgr",,,
3283,65996-83-0,"Extracts, coal tar oil alk.", , , ,"GHS08,Dgr",,,
3284,90640-89-4,"Distillates (coal tar), naphthalene oils, alk. exts.", , , ,"GHS08,Dgr",,,
3285,90641-06-8,"Extract residues (coal), tar oil alk., carbonated, limed", , , ,"GHS08,Dgr",,,
3286,65996-85-2,"Tar acids, coal, crude", , , ,"GHS08,Dgr",,,
3287,101316-86-3,"Tar acids, brown-coal, crude", , , ,"GHS08,Dgr",,,
3288,92062-22-1,"Tar acids, brown-coal gasification", , , ,"GHS08,Dgr",,,
3289,96690-55-0,"Tar acids, distn. residues", , , ,"GHS08,Dgr",,,
3290,84989-04-8,"Tar acids, methylphenol fraction", , , ,"GHS08,Dgr",,,
3291,84989-05-9,"Tar acids, polyalkylphenol fraction", , , ,"GHS08,Dgr",,,
3292,84989-06-0,"Tar acids, xylenol fraction", , , ,"GHS08,Dgr",,,
3293,84989-03-7,"Tar acids, ethylphenol fraction", , , ,"GHS08,Dgr",,,
3294,84989-07-1,"Tar acids, 3,5-xylenol fraction", , , ,"GHS08,Dgr",,,
3295,68477-23-6,"Tar acids, residues, distillates, first-cut", , , ,"GHS08,Dgr",,,
3296,68555-24-8,"Tar acids, cresylic, residues", , , ,"GHS08,Dgr",,,
3297,91079-47-9,"Phenols, C9-11", , , ,"GHS08,Dgr",,,
3298,92062-26-5,"Tar acids, cresylic", , , ,"GHS08,Dgr",,,
3299,94114-29-1,"Tar acids, brown-coal, C2-alkylphenol fraction", , , ,"GHS08,Dgr",,,
3300,90641-00-2,"Extract oils (coal), naphthalene oils", , , ,"GHS08,Dgr",,,
3301,68513-87-1,"Tar bases, quinoline derivs.", , , ,"GHS08,Dgr",,,
3302,70321-67-4,"Tar bases, coal, quinoline derivs. fraction", , , ,"GHS08,Dgr",,,
3303,92062-29-8,"Tar bases, coal, distn. residues", , , ,"GHS08,Dgr",,,
3304,100801-63-6,"Hydrocarbon oils, arom., mixed with polyethylene and polypropylene, pyrolyzed, light oil fraction", , , ,"GHS08,Dgr",,,
3305,100801-65-8,"Hydrocarbon oils, arom., mixed with polyethylene, pyrolyzed, light oil fraction", , , ,"GHS08,Dgr",,,
3306,100801-66-9,"Hydrocarbon oils, arom., mixed with polystyrene, pyrolyzed, light oil fraction", , , ,"GHS08,Dgr",,,
3307,73665-18-6,"Extract residues (coal), tar oil alk., naphthalene distn. residues", , , ,"GHS08,Dgr",,,
3308,70321-80-1,"Creosote oil, low-boiling distillate", , , ,"GHS08,Dgr",,,
3309,68815-21-4,"Tar acids, cresylic, sodium salts, caustic solns.", , , ,"GHS08,Dgr",,,
3310,65996-86-3,"Extract oils (coal), tar base", , , ,"GHS08,Dgr",,,
3311,65996-84-1,"Tar bases, coal, crude", , , ,"GHS08,Dgr",,,
3312,94114-46-2,"Residues (coal), liq. solvent extn.", , , ,"GHS08,Dgr",,,
3313,94114-47-3,"Coal liquids, liq. solvent extn. soln.", , , ,"GHS08,Dgr",,,
3314,94114-48-4,"Coal liquids, liq. solvent extn.", , , ,"GHS08,Dgr",,,
3315,101316-83-0,Tar brown-coal, , , ,"GHS08,Dgr",,,
3316,101316-84-1,"Tar, brown-coal, low-temp.", , , ,"GHS08,Dgr",,,
3317,65996-78-3,"Light oil (coal), coke-oven", , , ,"GHS08,Dgr",,,
3318,94114-52-0,"Distillates (coal), liq. solvent extn., primary", , , ,"GHS08,Dgr",,,
3319,94114-53-1,"Distillates (coal), solvent extn., hydrocracked", , , ,"GHS08,Dgr",,,
3320,94114-54-2,"Naphtha (coal), solvent extn., hydrocracked", , , ,"GHS08,Dgr",,,
3321,94114-55-3,"Gasoline, coal solvent extn., hydrocracked naphtha", , , ,"GHS08,Dgr",,,
3322,94114-56-4,"Distillates (coal), solvent extn., hydrocracked middle", , , ,"GHS08,Dgr",,,
3323,94114-57-5,"Distillates (coal), solvent extn., hydrocracked hydrogenated middle", , , ,"GHS08,Dgr",,,
3324,94114-58-6,"Fuels, jet aircraft, coal solvent extn., hydrocracked hydrogenated", , , ,"GHS08,Wng",,,
3325,94114-59-7,"Fuels, diesel, coal solvent extn., hydrocracked hydrogenated", , , ,"GHS08,Wng",,,
3326,90641-11-5,"Light oil (coal), semi-coking process", , , ,"GHS08,Dgr",,,
3327,64742-03-6,"Extracts (petroleum), light naphthenic distillate solvent", , , ,"GHS08,Dgr",,,
3328,64742-04-7,"Extracts (petroleum), heavy paraffinic distillate solvent", , , ,"GHS08,Dgr",,,
3329,64742-05-8,"Extracts (petroleum), light paraffinic distillate solvent", , , ,"GHS08,Dgr",,,
3330,64742-11-6,"Extracts (petroleum), heavy naphthenic distillate solvent", , , ,"GHS08,Dgr",,,
3331,91995-78-7,"Extracts (petroleum), light vacuum gas oil solvent", , , ,"GHS08,Dgr",,,
3332,97722-04-8,"hydrocarbons C26-55, arom-rich", , , ,"GHS08,Dgr",,,
3333,64741-45-3,"Residues (petroleum), atm. tower", , , ,"GHS08,Dgr",,,
3334,64741-57-7,"Gas oils (petroleum), heavy vacuum", , , ,"GHS08,Dgr",,,
3335,64741-61-3,"Distillates (petroleum), heavy catalytic cracked", , , ,"GHS08,Dgr",,,
3336,64741-62-4,"Clarified oils (petroleum), catalytic cracked", , , ,"GHS08,Dgr",,,
3337,64741-75-9,"Residues (petroleum), hydrocracked", , , ,"GHS08,Dgr",,,
3338,64741-80-6,"Residues (petroleum), thermal cracked", , , ,"GHS08,Dgr",,,
3339,64741-81-7,"Distillates (petroleum), heavy thermal cracked", , , ,"GHS08,Dgr",,,
3340,64742-59-2,"Gas oils (petroleum), hydrotreated vacuum", , , ,"GHS08,Dgr",,,
3341,64742-78-5,"Residues (petroleum), hydrodesulfurized atmospheric tower", , , ,"GHS08,Dgr",,,
3342,64742-86-5,"Gas oils (petroleum), hydrodesulfurized heavy vacuum", , , ,"GHS08,Dgr",,,
3343,64742-90-1,"Residues (petroleum), steam-cracked", , , ,"GHS08,Dgr",,,
3344,68333-22-2,"Residues (petroleum), atmospheric", , , ,"GHS08,Dgr",,,
3345,68333-26-6,"Clarified oils (petroleum), hydrodesulfurized catalytic cracked", , , ,"GHS08,Dgr",,,
3346,68333-27-7,"Distillates (petroleum), hydrodesulfurized intermediate catalytic cracked", , , ,"GHS08,Dgr",,,
3347,68333-28-8,"Distillates (petroleum), hydrodesulfurized heavy catalytic cracked", , , ,"GHS08,Dgr",,,
3348,68476-32-4,"Fuel oil, residues-straight-run gas oils, high-sulfur", , , ,"GHS08,Dgr",,,
3349,68476-33-5,"Fuel oil, residual", , , ,"GHS08,Dgr",,,
3350,68478-13-7,"Residues (petroleum), catalytic reformer fractionator residue distn.", , , ,"GHS08,Dgr",,,
3351,68478-17-1,"Residues (petroleum), heavy coker gas oil and vacuum gas oil", , , ,"GHS08,Dgr",,,
3352,68512-61-8,"Residues (petroleum), heavy coker and light vacuum", , , ,"GHS08,Dgr",,,
3353,68512-62-9,"Residues (petroleum), light vacuum", , , ,"GHS08,Dgr",,,
3354,68513-69-9,"Residues (petroleum), steam-cracked light", , , ,"GHS08,Dgr",,,
3355,68553-00-4,"Fuel oil, No 6", , , ,"GHS08,Dgr",,,
3356,68607-30-7,"Residues (petroleum), topping plant, low-sulfur", , , ,"GHS08,Dgr",,,
3357,68783-08-4,"Gas oils (petroleum), heavy atmospheric", , , ,"GHS08,Dgr",,,
3358,68783-13-1,"Residues (petroleum), coker scrubber, Condensed-ring-arom.-contg.", , , ,"GHS08,Dgr",,,
3359,68955-27-1,"Distillates (petroleum), petroleum residues vacuum", , , ,"GHS08,Dgr",,,
3360,68955-36-2,"Residues (petroleum), steam-cracked, resinous", , , ,"GHS08,Dgr",,,
3361,70592-76-6,"Distillates (petroleum), intermediate vacuum", , , ,"GHS08,Dgr",,,
3362,70592-77-7,"Distillates (petroleum), light vacuum", , , ,"GHS08,Dgr",,,
3363,70592-78-8,"Distillates (petroleum), vacuum", , , ,"GHS08,Dgr",,,
3364,85117-03-9,"Gas oils (petroleum), hydrodesulfurized coker heavy vacuum", , , ,"GHS08,Dgr",,,
3365,90669-75-3,"Residues (petroleum), steam-cracked, distillates", , , ,"GHS08,Dgr",,,
3366,90669-76-4,"Residues (petroleum), vacuum, light", , , ,"GHS08,Dgr",,,
3367,92045-14-2,"Fuel oil, heavy, high-sulfur", , , ,"GHS08,Dgr",,,
3368,92061-97-7,"Residues (petroleum), catalytic cracking", , , ,"GHS08,Dgr",,,
3369,92201-59-7,"Distillates (petroleum), intermediate catalytic cracked, thermally degraded", , , ,"GHS08,Dgr",,,
3370,93821-66-0,Residual oils (petroleum), , , ,"GHS08,Dgr",,,
3371,98219-64-8,"Residues, steam cracked, thermally treated", , , ,"GHS08,Dgr",,,
3372,101316-57-8,"Distillates (petroleum), hydrodesulfurized full-range middle", , , ,"GHS08,Dgr",,,
3373,64741-67-9,"Residues (petroleum), catalytic reformer fractionator", , , ,"GHS08,Dgr",,,
3374,5/9/8002,Petroleum, , , ,"GHS08,Dgr",,,
3375,64741-50-0,"Distillates (petroleum), light paraffinic", , , ,"GHS08,Dgr",,,
3376,64741-51-1,"Distillates (petroleum), heavy paraffinic", , , ,"GHS08,Dgr",,,
3377,64741-52-2,"Distillates (petroleum), light naphthenic", , , ,"GHS08,Dgr",,,
3378,64741-53-3,"Distillates (petroleum), heavy naphthenic", , , ,"GHS08,Dgr",,,
3379,64742-18-3,"Distillates (petroleum), acid-treated heavy naphthenic", , , ,"GHS08,Dgr",,,
3380,64742-19-4,"Distillates (petroleum), acid-treated light naphthenic", , , ,"GHS08,Dgr",,,
3381,64742-20-7,"Distillates (petroleum), acid-treated heavy paraffinic", , , ,"GHS08,Dgr",,,
3382,64742-21-8,"Distillates (petroleum), acid-treated light paraffinic", , , ,"GHS08,Dgr",,,
3383,64742-27-4,"Distillates (petroleum), chemically neutralized heavy paraffinic", , , ,"GHS08,Dgr",,,
3384,64742-28-5,"Distillates (petroleum), chemically neutralized light paraffinic", , , ,"GHS08,Dgr",,,
3385,64742-34-3,"Distillates (petroleum), chemically neutralized heavy naphthenic", , , ,"GHS08,Dgr",,,
3386,64742-35-4,"Distillates (petroleum), chemically neutralized light naphthenic", , , ,"GHS08,Dgr",,,
3387,68477-73-6,"Gases (petroleum), catalytic cracked naphtha depropanizer overhead, C3-rich acid-free", , , ,"GHS04,GHS02,GHS08,Dgr",,,
3388,68477-74-7,"Gases (petroleum), catalytic cracker", , , ,"GHS04,GHS02,GHS08,Dgr",,,
3389,68477-75-8,"Gases (petroleum), catalytic cracker, C1-5-rich", , , ,"GHS04,GHS02,GHS08,Dgr",,,
3390,68477-76-9,"Gases (petroleum), catalytic polymd. naphtha stabilizer overhead, C2-4-rich", , , ,"GHS04,GHS02,GHS08,Dgr",,,
3391,68477-79-2,"Gases (petroleum), catalytic reformer, C1-4-rich", , , ,"GHS04,GHS02,GHS08,Dgr",,,
3392,68477-83-8,"Gases (petroleum), C3-5 olefinic-paraffinic alkylation feed", , , ,"GHS04,GHS02,GHS08,Dgr",,,
3393,68477-85-0,"Gases (petroleum), C4-rich", , , ,"GHS04,GHS02,GHS08,Dgr",,,
3394,68477-86-1,"Gases (petroleum), deethanizer overheads", , , ,"GHS04,GHS02,GHS08,Dgr",,,
3395,68477-87-2,"Gases (petroleum), deisobutanizer tower overheads", , , ,"GHS04,GHS02,GHS08,Dgr",,,
3396,68477-90-7,"Gases (petroleum), depropanizer dry, propene-rich", , , ,"GHS04,GHS02,GHS08,Dgr",,,
3397,68477-91-8,"Gases (petroleum), depropanizer overheads", , , ,"GHS04,GHS02,GHS08,Dgr",,,
3398,68477-94-1,"Gases (petroleum), gas recovery plant depropanizer overheads", , , ,"GHS04,GHS02,GHS08,Dgr",,,
3399,68477-95-2,"Gases (petroleum), Girbotol unit feed", , , ,"GHS04,GHS02,GHS08,Dgr",,,
3400,68477-99-6,"Gases (petroleum), isomerized naphtha fractionator, C4-rich, hydrogen sulfide-free", , , ,"GHS04,GHS02,GHS08,Dgr",,,
3401,68478-21-7,"Tail gas (petroleum), catalytic cracked clarified oil and thermal cracked vacuum residue fractionation reflux drum", , , ,"GHS04,GHS02,GHS08,Dgr",,,
3402,68478-22-8,"Tail gas (petroleum), catalytic cracked naphtha stabilization absorber", , , ,"GHS04,GHS02,GHS08,Dgr",,,
3403,68478-24-0,"Tail gas (petroleum), catalytic cracker, catalytic reformer and hydrodesulfurizer combined fractionater", , , ,"GHS04,GHS02,GHS08,Dgr",,,
3404,68478-26-2,"Tail gas (petroleum), catalytic reformed naphtha fractionation stabilizer", , , ,"GHS04,GHS02,GHS08,Dgr",,,
3405,68478-32-0,"Tail gas (petroleum), saturate gas plant mixed stream, C4-rich", , , ,"GHS04,GHS02,GHS08,Dgr",,,
3406,68478-33-1,"Tail gas (petroleum), saturate gas recovery plant, C1-2-rich", , , ,"GHS04,GHS02,GHS08,Dgr",,,
3407,68478-34-2,"Tail gas (petroleum), vacuum residues thermal cracker", , , ,"GHS04,GHS02,GHS08,Dgr",,,
3408,68512-91-4,"Hydrocarbons, C3-4-rich, petroleum distillate", , , ,"GHS04,GHS02,GHS08,Dgr",,,
3409,68513-15-5,"Gases (petroleum), full-range straight-run naphtha dehexanizer off", , , ,"GHS04,GHS02,GHS08,Dgr",,,
3410,68513-16-6,"Gases (petroleum), hydrocracking depropanizer off, hydrocarbon-rich", , , ,"GHS04,GHS02,GHS08,Dgr",,,
3411,68513-17-7,"Gases (petroleum), light straight-run naphtha stabilizer off", , , ,"GHS04,GHS02,GHS08,Dgr",,,
3412,68513-66-6,"Residues (petroleum), alkylation splitter, C4-rich", , , ,"GHS04,GHS02,GHS08,Dgr",,,
3413,68514-31-8,"Hydrocarbons, C1-4", , , ,"GHS04,GHS02,GHS08,Dgr",,,
3414,68514-36-3,"Hydrocarbons, C1-4, sweetened", , , ,"GHS04,GHS02,GHS08,Dgr",,,
3415,68527-16-2,"Hydrocarbons, C1-3", , , ,"GHS04,GHS02,GHS08,Dgr",,,
3416,68527-19-5,"Hydrocarbons, C1-4, debutanizer fraction", , , ,"GHS04,GHS02,GHS08,Dgr",,,
3417,68602-83-5,"Gases (petroleum), C1-5, wet", , , ,"GHS04,GHS02,GHS08,Dgr",,,
3418,68606-25-7,"Hydrocarbons, C2-4", , , ,"GHS04,GHS02,GHS08,Dgr",,,
3419,68606-26-8,"Hydrocarbons, C3", , , ,"GHS04,GHS02,GHS08,Dgr",,,
3420,68606-27-9,"Gases (petroleum), alkylation feed", , , ,"GHS04,GHS02,GHS08,Dgr",,,
3421,68606-34-8,"Gases (petroleum), depropanizer bottoms fractionation off", , , ,"GHS04,GHS02,GHS08,Dgr",,,
3422,68783-07-3,"Gases (petroleum), refinery blend", , , ,"GHS04,GHS02,GHS08,Dgr",,,
3423,68783-64-2,"Gases (petroleum), catalytic cracking", , , ,"GHS04,GHS02,GHS08,Dgr",,,
3424,68783-65-3,"Gases (petroleum), C2-4, sweetened", , , ,"GHS04,GHS02,GHS08,Dgr",,,
3425,68918-99-0,"Gases (petroleum), crude oil fractionation off", , , ,"GHS04,GHS02,GHS08,Dgr",,,
3426,68919-00-6,"Gases (petroleum), dehexanizer off", , , ,"GHS04,GHS02,GHS08,Dgr",,,
3427,68919-05-1,"Gases (petroleum), light straight run gasoline fractionation stabilizer off", , , ,"GHS04,GHS02,GHS08,Dgr",,,
3428,68919-06-2,"Gases (petroleum), naphtha unifiner desulfurization stripper off", , , ,"GHS04,GHS02,GHS08,Dgr",,,
3429,68919-09-5,"Gases (petroleum), straight-run naphtha catalytic reforming off", , , ,"GHS04,GHS02,GHS08,Dgr",,,
3430,68919-20-0,"Gases (petroleum), fluidized catalytic cracker splitter overheads", , , ,"GHS04,GHS02,GHS08",,,
3431,68919-10-8,"Gases (petroleum), straight-run stabilizer off", , , ,"GHS04,GHS02,GHS08,Dgr",,,
3432,68952-76-1,"Gases (petroleum), catalytic cracked naphtha debutanizer", , , ,"GHS04,GHS02,GHS08,Dgr",,,
3433,68952-77-2,"Tail gas (petroleum), catalytic cracked distillate and naphtha stabilizer", , , ,"GHS04,GHS02,GHS08",,,
3434,68952-81-8,"Tail gas (petroleum), thermal-cracked distillate, gas oil and naphtha absorber", , , ,"GHS04,GHS02,GHS08,Dgr",,,
3435,68952-82-9,"Tail gas (petroleum), thermal cracked hydrocarbon fractionation stabilizer, petroleum coking", , , ,"GHS04,GHS02,GHS08,Dgr",,,
3436,68955-28-2,"Gases (petroleum, light steam-cracked, butadiene conc.", , , ,"GHS04,GHS02,GHS08,Dgr",,,
3437,68955-34-0,"Gases (petroleum), straight-run naphtha catalytic reformer stabilizer overhead", , , ,"GHS04,GHS02,GHS08,Dgr",,,
3438,87741-01-3,"Hydrocarbons, C4", , , ,"GHS04,GHS02,GHS08,Dgr",,,
3439,90622-55-2,"Alkanes, C1-4, C3-rich", , , ,"GHS04,GHS02,GHS08,Dgr",,,
3440,92045-22-2,"Gases (petroleum), steam-cracker C3-rich", , , ,"GHS04,GHS02,GHS08,Dgr",,,
3441,92045-23-3,"Hydrocarbons, C4, steam-cracker distillate", , , ,"GHS04,GHS02,GHS08,Dgr",,,
3442,92045-80-2,"Petroleum gases, liquefied, sweetened, C4 fraction", , , ,"GHS04,GHS02,GHS08,Dgr",,,
3443,95465-89-7,"Hydrocarbons, C4, 1,3-butadiene- and isobutene-free", , , ,"GHS04,GHS02,GHS08,Dgr",,,
3444,97722-19-5,"Raffinates (petroleum), steam-cracked C4 fraction cuprous ammonium acetate extn., C3-5 and C3-5 unsatd., butadiene-free", , , ,"GHS04,GHS02,GHS08,Dgr",,,
3445,68477-65-6,"Gases (petroleum), amine system feed", , , ,"GHS04,GHS02,GHS08,Dgr",,,
3446,68477-66-7,"Gases (petroleum), benzene unit hydrodesulfurizer off", , , ,"GHS04,GHS02,GHS08,Dgr",,,
3447,68477-67-8,"Gases (petroleum), benzene unit recycle, hydrogen-rich", , , ,"GHS04,GHS02,GHS08,Dgr",,,
3448,68477-68-9,"Gases (petroleum), blend oil, hydrogen-nitrogen-rich", , , ,"GHS04,GHS02,GHS08,Dgr",,,
3449,68477-77-0,"Gases (petroleum), catalytic reformed naphtha stripper overheads", , , ,"GHS04,GHS02,GHS08,Dgr",,,
3450,68477-80-5,"Gases (petroleum), C6-8 catalytic reformer recycle", , , ,"GHS04,GHS02,GHS08,Dgr",,,
3451,68477-81-6,"Gases (petroleum), C6-8 catalytic reformer", , , ,"GHS04,GHS02,GHS08,Dgr",,,
3452,68477-82-7,"Gases (petroleum), C6-8 catalytic reformer recycle, hydrogen-rich", , , ,"GHS04,GHS02,GHS08,Dgr",,,
3453,68477-84-9,"Gases (petroleum), C2-return stream", , , ,"GHS04,GHS02,GHS08",,,
3454,68477-92-9,"Gases (petroleum), dry sour, gas-concn.-unit-off", , , ,"GHS04,GHS02,GHS08,Dgr",,,
3455,68477-93-0,"Gases (petroleum), gas concn. reabsorber distn.", , , ,"GHS04,GHS02,GHS08,Dgr",,,
3456,68477-96-3,"Gases (petroleum), hydrogen absorber off", , , ,"GHS04,GHS02,GHS08,Dgr",,,
3457,68477-97-4,"Gases (petroleum), hydrogen-rich", , , ,"GHS04,GHS02,GHS08,Dgr",,,
3458,68477-98-5,"Gases (petroleum), hydrotreater blend oil recycle, hydrogen-nitrogen-rich", , , ,"GHS04,GHS02,GHS08,Dgr",,,
3459,68478-00-2,"Gases (petroleum), recycle, hydrogen-rich", , , ,"GHS04,GHS02,GHS08,Dgr",,,
3460,68478-01-3,"Gases (petroleum), reformer make-up, hydrogen-rich", , , ,"GHS04,GHS02,GHS08,Dgr",,,
3461,68478-02-4,"Gases (petroleum), reforming hydrotreater", , , ,"GHS04,GHS02,GHS08,Dgr",,,
3462,68478-03-5,"Gases (petroleum), reforming hydrotreater, hydrogen-methane-rich", , , ,"GHS04,GHS02,GHS08,Dgr",,,
3463,68478-04-6,"Gases (petroleum), reforming hydrotreater make-up, hydrogen-rich", , , ,"GHS04,GHS02,GHS08,Dgr",,,
3464,68478-05-7,"Gases (petroleum), thermal cracking distn.", , , ,"GHS04,GHS02,GHS08,Dgr",,,
3465,68478-25-1,"Tail gas (petroleum), catalytic cracker refractionation absorber", , , ,"GHS04,GHS02,GHS08,Dgr",,,
3466,68478-27-3,"Tail gas (petroleum), catalytic reformed naphtha separator", , , ,"GHS04,GHS02,GHS08,Dgr",,,
3467,68478-28-4,"Tail gas (petroleum), catalytic reformed naphtha stabilizer", , , ,"GHS04,GHS02,GHS08,Dgr",,,
3468,68478-29-5,"Tail gas (petroleum), cracked distillate hydrotreater separator", , , ,"GHS04,GHS02,GHS08,Dgr",,,
3469,68478-30-8,"Tail gas (petroleum), hydrodesulfurized straight-run naphtha separator", , , ,"GHS04,GHS02,GHS08,Dgr",,,
3470,68513-14-4,"Gases (petroleum), catalytic reformed straight-run naphtha stabilizer overheads", , , ,"GHS04,GHS02,GHS08,Dgr",,,
3471,68513-18-8,"Gases (petroleum), reformer effluent high-pressure flash drum off", , , ,"GHS04,GHS02,GHS08,Dgr",,,
3472,68513-19-9,"Gases (petroleum), reformer effluent low-pressure flash drum off", , , ,"GHS04,GHS02,GHS08,Dgr",,,
3473,68527-15-1,"Gases (petroleum), oil refinery gas distn. off", , , ,"GHS04,GHS02,GHS08,Dgr",,,
3474,68602-82-4,"Gases (petroleum), benzene unit hydrotreater depentanizer overheads", , , ,"GHS04,GHS02,GHS08,Dgr",,,
3475,68602-84-6,"Gases (petroleum), secondary absorber off, fluidized catalytic cracker overheads fractionator", , , ,"GHS04,GHS02,GHS08,Dgr",,,
3476,68607-11-4,"Petroleum products, refinery gases", , , ,"GHS04,GHS02,GHS08,Dgr",,,
3477,68783-06-2,"Gases (petroleum), hydrocracking low-pressure separator", , , ,"GHS04,GHS02,GHS08,Dgr",,,
3478,68814-67-5,"Gases (petroleum), refinery", , , ,"GHS04,GHS02,GHS08,Dgr",,,
3479,68814-90-4,"Gases (petroleum), platformer products separator off", , , ,"GHS04,GHS02,GHS08,Dgr",,,
3480,68911-58-0,"Gases (petroleum), hydrotreated sour kerosine depentanizer stabilizer off", , , ,"GHS04,GHS02,GHS08,Dgr",,,
3481,68911-59-1,"Gases (petroleum), hydrotreated sour kerosine flash drum", , , ,"GHS04,GHS02,GHS08,Dgr",,,
3482,68919-01-7,"Gases (petroleum), distillate unifiner desulfurization stripper off", , , ,"GHS04,GHS02,GHS08,Dgr",,,
3483,68919-02-8,"Gases (petroleum), fluidized catalytic cracker fractionation off", , , ,"GHS04,GHS02,GHS08,Dgr",,,
3484,68919-03-9,"Gases (petroleum), fluidized catalytic cracker scrubbing secondary absorber off", , , ,"GHS04,GHS02,GHS08,Dgr",,,
3485,68919-04-0,"Gases (petroleum), heavy distillate hydrotreater desulfurization stripper off", , , ,"GHS04,GHS02,GHS08,Dgr",,,
3486,68919-07-3,"Gases (petroleum), platformer stabilizer off, light ends fractionation", , , ,"GHS04,GHS02,GHS08,Dgr",,,
3487,68919-08-4,"Gases (petroleum), preflash tower off, crude distn.", , , ,"GHS04,GHS02,GHS08,Dgr",,,
3488,68919-11-9,"Gases (petroleum), tar stripper off", , , ,"GHS04,GHS02,GHS08,Dgr",,,
3489,68919-12-0,"Gases (petroleum), unifiner stripper off", , , ,"GHS04,GHS02,GHS08,Dgr",,,
3490,68952-79-4,"Tail gas (petroleum), catalytic hydrodesulfurized naphtha separator", , , ,"GHS04,GHS02,GHS08,Dgr",,,
3491,68952-80-7,"Tail gas (petroleum), straight-run naphtha hydrodesulfurizer", , , ,"GHS04,GHS02,GHS08,Dgr",,,
3492,68955-33-9,"Gases (petroleum), sponge absorber off, fluidized catalytic cracker and gas oil desulfurizer overhead fractionation", , , ,"GHS04,GHS02,GHS08,Dgr",,,
3493,68989-88-8,"Gases (petroleum), crude distn. and catalytic cracking", , , ,"GHS04,GHS02,GHS08,Dgr",,,
3494,92045-15-3,"Gases (petroleum), gas oil diethanolamine scrubber off", , , ,"GHS04,GHS02,GHS08,Dgr",,,
3495,92045-16-4,"Gases (petroleum), gas oil hydrodesulfurization effluent", , , ,"GHS04,GHS02,GHS08,Dgr",,,
3496,92045-17-5,"Gases (petroleum), gas oil hydrodesulfurization purge", , , ,"GHS04,GHS02,GHS08,Dgr",,,
3497,92045-18-6,"Gases (petroleum), hydrogenator effluent flash drum off", , , ,"GHS04,GHS02,GHS08,Dgr",,,
3498,92045-19-7,"Gases (petroleum), naphtha steam cracking high-pressure residual", , , ,"GHS04,GHS02,GHS08,Dgr",,,
3499,92045-20-0,"Gases (petroleum), residue visbaking off", , , ,"GHS04,GHS02,GHS08,Dgr",,,
3500,93924-31-3,"Foots oil (petroleum), acid-treated", , , ,"GHS02,GHS04,GHS08,Dgr",,,
3501,93924-32-4,"Foots oil (petroleum), clay-treated", , , ,"GHS02,GHS04,GHS08,Dgr",,,
3502,68131-75-9,"Gases (petroleum), C3-4", , , ,"GHS04,GHS02,GHS08,Dgr",,,
3503,68307-98-2,"Tail gas (petroleum), catalytic cracked distillate and catalytic cracked naphtha fractionation absorber", , , ,"GHS04,GHS02,GHS08,Dgr",,,
3504,68307-99-3,"Tail gas (petroleum), catalytic polymn. naphtha fractionation stabilizer", , , ,"GHS04,GHS02,GHS08,Dgr",,,
3505,68308-00-9,"Tail gas (petroleum), catalytic reformed naphtha fractionation stabilizer, hydrogen sulfide-free", , , ,"GHS04,GHS02,GHS08,Dgr",,,
3506,68308-01-0,"Tail gas (petroleum), cracked distillate hydrotreater stripper", , , ,"GHS04,GHS02,GHS08,Dgr",,,
3507,68308-10-1,"Tail gas (petroleum), straight-run distillate hydrodesulfurizer, hydrogen sulfide-free", , , ,"GHS04,GHS02,GHS08,Dgr",,,
3508,68308-03-2,"Tail gas (petroleum), gas oil catalytic cracking absorber", , , ,"GHS04,GHS02,GHS08,Dgr",,,
3509,68308-04-3,"Tail gas (petroleum), gas recovery plant", , , ,"GHS04,GHS02,GHS08,Dgr",,,
3510,68308-05-4,"Tail gas (petroleum), gas recovery plant deethanizer", , , ,"GHS04,GHS02,GHS08,Dgr",,,
3511,68308-06-5,"Tail gas (petroleum), hydrodesulfurized distillate and hydrodesulfurized naphtha fractionator, acid-free", , , ,"GHS04,GHS02,GHS08,Dgr",,,
3512,68308-07-6,"Tail gas (petroleum), hydrodesulfurized vacuum gas oil stripper, hydrogen sulfide-free", , , ,"GHS04,GHS02,GHS08,Dgr",,,
3513,68308-09-8,"Tail gas (petroleum), light straight-run naphtha stabilizer, hydrogen sulfide-free", , , ,"GHS04,GHS02,GHS08,Dgr",,,
3514,68308-11-2,"Tail gas (petroleum), propane-propylene alkylation feed prep deethanizer", , , ,"GHS04,GHS02,GHS08,Dgr",,,
3515,68308-12-3,"Tail gas (petroleum), vacuum gas oil hydrodesulfurizer, hydrogen sulfide-free", , , ,"GHS04,GHS02,GHS08,Dgr",,,
3516,68409-99-4,"Gases (petroleum), catalytic cracked overheads", , , ,"GHS04,GHS02,GHS08,Dgr",,,
3517,68475-57-0,"Alkanes, C1-2", , , ,"GHS04,GHS02,GHS08,Dgr",,,
3518,68475-58-1,"Alkanes, C2-3", , , ,"GHS04,GHS02,GHS08,Dgr",,,
3519,68475-59-2,"Alkanes, C3-4", , , ,"GHS04,GHS02,GHS08",,,
3520,68475-60-5,"Alkanes, C4-5", , , ,"GHS04,GHS02,GHS08,Dgr",,,
3521,68476-26-6,Fuel gases, , , ,"GHS04,GHS02,GHS08,Dgr",,,
3522,68476-29-9,"Fuel gases, crude oil of distillates", , , ,"GHS04,GHS02,GHS08,Dgr",,,
3523,68476-40-4,"Hydrocarbons, C3-4", , , ,"GHS04,GHS02,GHS08,Dgr",,,
3524,68476-42-6,"Hydrocarbons, C4-5", , , ,"GHS04,GHS02,GHS08,Dgr",,,
3525,68476-49-3,"Hydrocarbons, C2-4, C3-rich", , , ,"GHS04,GHS02,GHS08,Dgr",,,
3526,68476-85-7,"Petroleum gases, liquefied", , , ,"GHS04,GHS02,GHS08,Dgr",,,
3527,68476-86-8,"Petroleum gases, liquefied, sweetened", , , ,"GHS04,GHS02,GHS08,Dgr",,,
3528,68477-33-8,"gases (petroleum), C3-4, isobutane-rich", , , ,"GHS04,GHS02,GHS08,Dgr",,,
3529,68477-35-0,"Distillates (petroleum), C3-6, piperylene-rich", , , ,"GHS04,GHS02,GHS08,Dgr",,,
3530,68477-69-0,"Gases (petroleum), butane splitter overheads", , , ,"GHS04,GHS02,GHS08,Dgr",,,
3531,68477-70-3,"Gases (petroleum), C2-3-", , , ,"GHS04,GHS02,GHS08,Dgr",,,
3532,68477-71-4,"Gases (petroleum), catalytic-cracked gas oil depropanizer bottoms, C4-rich acid-free", , , ,"GHS04,GHS02,GHS08,Dgr",,,
3533,68477-72-5,"Gases (petroleum), catalytic-cracked naphtha debutanizer bottoms, C3-5-rich", , , ,"GHS04,GHS02,GHS08,Dgr",,,
3534,68308-08-7,"Tail gas (petroleum), isomerized naphtha fractionation stabilizer", , , ,"GHS04,GHS02,GHS08,Dgr",,,
3535,97862-76-5,"Foots oil (petroleum), carbon-treated", , , ,"GHS08,Dgr",,,
3536,64741-86-2,"Distillates (petroleum), sweetened middle", , , ,"GHS08,Dgr",,,
3537,64741-90-8,"Gas oils (petroleum), solvent-refined", , , ,"GHS08,Dgr",,,
3538,64741-91-9,"Distillates (petroleum), solvent-refined middle", , , ,"GHS08,Dgr",,,
3539,64742-12-7,"Gas oils (petroleum), acid-treated", , , ,"GHS08,Dgr",,,
3540,64742-13-8,"Distillates (petroleum), acid-treated middle", , , ,"GHS08,Dgr",,,
3541,64742-14-9,"Distillates (petroleum), acid-treated light", , , ,"GHS08,Dgr",,,
3542,64742-29-6,"Gas oils (petroleum), chemically neutralized", , , ,"GHS08,Dgr",,,
3543,64742-30-9,"Distillates (petroleum), chemically neutralized middle", , , ,"GHS08,Dgr",,,
3544,64742-38-7,"Distillates (petroleum), clay-treated middle", , , ,"GHS08,Dgr",,,
3545,64742-46-7,"Distillates (petroleum), hydrotreated middle", , , ,"GHS08,Dgr",,,
3546,64742-79-6,"Gas oils (petroleum), hydrodesulfurized", , , ,"GHS08,Dgr",,,
3547,64742-80-9,"Distillates (petroleum), hydrodesulfurized middle", , , ,"GHS08,Dgr",,,
3548,68334-30-5,"Fuels, diesel", , , ,"GHS08,Wng",,,
3549,68476-30-2,"Fuel oil, No 2", , , ,"GHS08,Wng",,,
3550,68476-31-3,"Fuel oil, No 4", , , ,"GHS08,Wng",,,
3551,68476-34-6,"Fuels, diesel, No 2", , , ,"GHS08,Wng",,,
3552,68477-29-2,"Distillates (petroleum), catalytic reformer fractionator residue, high-boiling", , , ,"GHS08,Dgr",,,
3553,68477-30-5,"Distillates (petroleum), catalytic reformer fractionator residue, intermediate-boiling", , , ,"GHS08,Dgr",,,
3554,68477-31-6,"Distillates (petroleum), catalytic reformer fractionator residue, low-boiling", , , ,"GHS08,Dgr",,,
3555,90640-93-0,"Distillates (petroleum), highly refined middle", , , ,"GHS08,Dgr",,,
3556,91995-34-5,"Distillates (petroleum) catalytic reformer, heavy arom. conc.", , , ,"GHS08,Dgr",,,
3557,93924-33-5,"Gas oils, paraffinic", , , ,"GHS08,Dgr",,,
3558,97488-96-5,"Naphtha (petroleum), solvent-refined hydrodesulfurized heavy", , , ,"GHS08,Dgr",,,
3559,97675-85-9,"Hydrocarbons, C16-20, hydrotreated middle distillate, distn. lights", , , ,"GHS08,Dgr",,,
3560,97675-86-0,"Hydrocarbons, C12-20, hydrotreated paraffinic, distn. lights", , , ,"GHS08,Dgr",,,
3561,97722-08-2,"Hydrocarbons, C11-17, solvent-extd. light naphthenic", , , ,"GHS08,Dgr",,,
3562,97862-78-7,"Gas oils, hydrotreated", , , ,"GHS08,Dgr",,,
3563,100683-97-4,"Distillates (petroleum), carbon-treated light paraffinic", , , ,"GHS08,Dgr",,,
3564,100683-98-5,"Distillates (petroleum), intermediate paraffinic, carbon-treated", , , ,"GHS08,Dgr",,,
3565,100683-99-6,"Distillates (petroleum), intermediate paraffinic, clay-treated", , , ,"GHS08,Dgr",,,
3566,90622-53-0,"Alkanes, C12-26-branched and linear", , , ,"GHS08,Dgr",,,
3567,74869-21-9,Lubricating greases, , , ,"GHS08,Dgr",,,
3568,64742-61-6,Slack wax (petroleum), , , ,"GHS08,Dgr",,,
3569,90669-77-5,"Slack wax (petroleum), acid-treated", , , ,"GHS08,Dgr",,,
3570,90669-78-6,"Slack wax (petroleum), clay-treated", , , ,"GHS08,Dgr",,,
3571,92062-09-4,"Slack wax (petroleum), hydrotreated", , , ,"GHS08,Dgr",,,
3572,92062-10-7,"Slack wax (petroleum), low-melting", , , ,"GHS08,Dgr",,,
3573,92062-11-8,"Slack wax (petroleum), low-melting, hydrotreated", , , ,"GHS08,Dgr",,,
3574,97863-04-2,"Slack wax (petroleum), low-melting, carbon-treated", , , ,"GHS08,Dgr",,,
3575,97863-05-3,"Slack wax (petroleum), low-melting, clay-treated", , , ,"GHS08,Dgr",,,
3576,97863-06-4,"Slack wax (petroleum), low-melting, silicic acid-treated", , , ,"GHS08,Dgr",,,
3577,100684-49-9,"Slack wax (petroleum), carbon-treated", , , ,"GHS08,Dgr",,,
3578,3/8/8009,Petrolatum, , , ,"GHS08,Dgr",,,
3579,64743-01-7,"Petrolatum (petroleum), oxidized", , , ,"GHS08,Dgr",,,
3580,85029-74-9,"Petrolatum (petroleum), alumina-treated", , , ,"GHS08,Dgr",,,
3581,92045-77-7,"Petrolatum (petroleum), hydrotreated", , , ,"GHS08,Dgr",,,
3582,97862-97-0,"Petrolatum (petroleum), carbon-treated", , , ,"GHS08,Dgr",,,
3583,97862-98-1,"Petrolatum (petroleum), silicic acid-treated", , , ,"GHS08,Dgr",,,
3584,100684-33-1,"Petrolatum (petroleum), clay-treated", , , ,"GHS08,Dgr",,,
3585,8006-61-9,"Gasoline, natural", , , ,"GHS08,Dgr",,,
3586,8030-30-6,Naphtha, , , ,"GHS08,Dgr",,,
3587,8032-32-4,Ligroine, , , ,"GHS08,Dgr",,,
3588,64741-41-9,"Naphtha (petroleum), heavy straight-run", , , ,"GHS08,Dgr",,,
3589,64741-42-0,"Naphtha (petroleum), full-range straight-run", , , ,"GHS08,Dgr",,,
3590,64741-46-4,"Naphtha (petroleum), light straight-run", , , ,"GHS08,Dgr",,,
3591,64742-89-8,"Solvent naphtha (petroleum), light aliph.", , , ,"GHS08,Dgr",,,
3592,68410-05-9,"Distillates (petroleum), straight-run light", , , ,"GHS08,Dgr",,,
3593,68514-15-8,"Gasoline, vapor-recovery", , , ,"GHS08,Dgr",,,
3594,68606-11-1,"Gasoline, straight-run, topping-plant", , , ,"GHS08,Dgr",,,
3595,68783-12-0,"Naphtha (petroleum), unsweetened", , , ,"GHS08,Dgr",,,
3596,68921-08-4,"Distillates (petroleum), light straight-run gasoline fractionation stabilizer overheads", , , ,"GHS08,Dgr",,,
3597,101631-20-3,"Naphtha (petroleum), heavy straight run, arom.-contg.", , , ,"GHS08,Dgr",,,
3598,64741-64-6,"Naphtha (petroleum), full-range alkylate", , , ,"GHS08,Dgr",,,
3599,64741-65-7,"Naphtha (petroleum), heavy alkylate", , , ,"GHS08,Dgr",,,
3600,64741-66-8,"Naphtha (petroleum), light alkylate", , , ,"GHS08,Dgr",,,
3601,64741-70-4,"Naphtha (petroleum), isomerization", , , ,"GHS08,Dgr",,,
3602,64741-84-0,"Naphtha (petroleum), solvent-refined light", , , ,"GHS08,Dgr",,,
3603,64741-92-0,"Naphtha (petroleum), solvent-refined heavy", , , ,"GHS08,Dgr",,,
3604,68410-71-9,"Raffinates (petroleum), catalytic reformer ethylene glycol-water countercurrent exts.", , , ,"GHS08,Dgr",,,
3605,68425-35-4,"Raffinates (petroleum), reformer, Lurgi unit-sepd.", , , ,"GHS08,Dgr",,,
3606,68527-27-5,"Naphtha (petroleum), full-range alkylate, butane-contg.", , , ,"GHS08,Dgr",,,
3607,91995-53-8,"Distillates (petroleum), naphtha steam cracking-derived, solvent-refined light hydrotreated", , , ,"GHS08,Dgr",,,
3608,92045-49-3,"Naphtha (petroleum), C4-12, butane-alkylate, isooctane-rich", , , ,"GHS08,Dgr",,,
3609,92045-55-1,"Hydrocarbons, hydrotreated light naphtha distillates, solvent-refined", , , ,"GHS08,Dgr",,,
3610,92045-58-4,"Naphtha (petroleum), isomerization, C6-fraction", , , ,"GHS08,Dgr",,,
3611,92045-64-2,"Hydrocarbons, C6-7, naphtha-cracking, solvent-refined", , , ,"GHS08,Dgr",,,
3612,101316-67-0,"Hydrocarbons, C6-rich, hydrotreated light naphtha distillates, solvent-refined", , , ,"GHS08,Dgr",,,
3613,64741-54-4,"Naphtha (petroleum), heavy catalytic cracked", , , ,"GHS08,Dgr",,,
3614,64741-55-5,"Naphtha (petroleum), light catalytic cracked", , , ,"GHS08,Dgr",,,
3615,68476-46-0,"Hydrocarbons, C3-11, catalytic cracker distillates", , , ,"GHS08,Dgr",,,
3616,68783-09-5,"Naphtha (petroleum), catalytic cracked light distd.", , , ,"GHS08,Dgr",,,
3617,91995-50-5,"Distillates (petroleum), naphtha steam cracking-derived, hydrotreated light arom.", , , ,"GHS08,Dgr",,,
3618,92045-50-6,"Naphtha (petroleum), heavy catalytic cracked, sweetened", , , ,"GHS08,Dgr",,,
3619,92045-59-5,"Naphtha (petroleum), light catalytic cracked sweetened", , , ,"GHS08,Dgr",,,
3620,92128-94-4,"Hydrocarbons, C8-12, catalytic-cracking, chem. neutralized", , , ,"GHS08,Dgr",,,
3621,101794-97-2,"Hydrocarbons, C8-12, catalytic cracker distillates", , , ,"GHS08,Dgr",,,
3622,101896-28-0,"Hydrocarbons, C8-12, catalytic cracking, chem. neutralized, sweetened", , , ,"GHS08,Dgr",,,
3623,64741-63-5,"Naphtha (petroleum), light catalytic reformed", , , ,"GHS08,Dgr",,,
3624,64741-68-0,"Naphtha (petroleum), heavy catalytic reformed", , , ,"GHS08,Dgr",,,
3625,68475-79-6,"Distillates (petroleum), catalytic reformed depentanizer", , , ,"GHS08,Dgr",,,
3626,68476-47-1,"Hydrocarbons, C2-6, C6-8 catalytic reformer", , , ,"GHS08,Dgr",,,
3627,68478-15-9,"Residues (petroleum), C6-8 catalytic reformer", , , ,"GHS08,Dgr",,,
3628,68513-03-1,"Naphtha (petroleum), light catalytic reformed, arom.-free", , , ,"GHS08,Dgr",,,
3629,68513-63-3,"Distillates (petroleum), catalytic reformed straight-run naphtha overheads", , , ,"GHS08,Dgr",,,
3630,68514-79-4,"Petroleum products, hydrofiner-powerformer reformates", , , ,"GHS08,Dgr",,,
3631,68919-37-9,"Naphtha (petroleum), full-range reformed", , , ,"GHS08,Dgr",,,
3632,68955-35-1,"Naphtha (petroleum), catalytic reformed", , , ,"GHS08,Dgr",,,
3633,85116-58-1,"Distillates (petroleum), catalytic reformed hydrotreated light, C8-12 arom. fraction", , , ,"GHS08,Dgr",,,
3634,91995-18-5,"Aromatic hydrocarbons, C8, catalytic reforming-derived", , , ,"GHS08,Dgr",,,
3635,93571-75-6,"Aromatic hydrocarbons, C7-12, C8-rich", , , ,"GHS08,Dgr",,,
3636,93572-29-3,"Gasoline, C5-11, high-octane stabilised reformed", , , ,"GHS08,Dgr",,,
3637,93572-35-1,"Hydrocarbons, C7-12, C≥9-arom.-rich, reforming heavy fraction", , , ,"GHS08,Dgr",,,
3638,93572-36-2,"Hydrocarbons, C5-11, nonaroms.-rich, reforming light fraction", , , ,"GHS08,Dgr",,,
3639,97862-77-6,"Foots oil (petroleum), silicic acid-treated", , , ,"GHS08,Dgr",,,
3640,64741-74-8,"Naphtha (petroleum), light thermal cracked", , , ,"GHS08,Dgr",,,
3641,64741-83-9,"Naphtha (petroleum), heavy thermal cracked", , , ,"GHS08,Dgr",,,
3642,67891-79-6,"Distillates (petroleum), heavy arom.", , , ,"GHS08,Dgr",,,
3643,67891-80-9,"Distillates (petroleum), light arom.", , , ,"GHS08,Dgr",,,
3644,68425-29-6,"Distillates (petroleum), naphtha-raffinate pyrolyzate-derived, gasoline-blending", , , ,"GHS08,Dgr",,,
3645,68475-70-7,"Aromatic hydrocarbons, C6-8, naphtha-raffinate pyrolyzate-derived", , , ,"GHS08,Dgr",,,
3646,68603-00-9,"Distillates (petroleum), thermal cracked naphtha and gas oil", , , ,"GHS08,Dgr",,,
3647,68603-01-0,"Distillates (petroleum), thermal cracked naphtha and gas oil, C5-dimer-contg.", , , ,"GHS08,Dgr",,,
3648,68603-03-2,"Distillates (petroleum), thermal cracked naphtha and gas oil, extractive", , , ,"GHS08,Dgr",,,
3649,68955-29-3,"Distillates (petroleum), light thermal cracked, debutanized arom.", , , ,"GHS08,Dgr",,,
3650,92045-65-3,"Naphtha (petroleum), light thermal cracked, sweetened", , , ,"GHS08,Dgr",,,
3651,64742-48-9,"Naphtha (petroleum), hydrotreated heavy", , , ,"GHS08,Dgr",,,
3652,64742-49-0,"Naphtha (petroleum), hydrotreated light", , , ,"GHS08,Dgr",,,
3653,64742-73-0,"Naphtha (petroleum), hydrodesulfurized light", , , ,"GHS08,Dgr",,,
3654,64742-82-1,"naphtha (petroleum), hydrodesulphurized heavy", , , ,"GHS08,Dgr",,,
3655,68410-96-8,"Distillates (petroleum), hydrotreated middle, intermediate boiling", , , ,"GHS08,Dgr",,,
3656,68410-97-9,"Distillates (petroleum), light distillate hydrotreating process, low-boiling", , , ,"GHS08,Dgr",,,
3657,68410-98-0,"Distillates (petroleum), hydrotreated heavy naphtha, deisohexanizer overheads", , , ,"GHS08,Dgr",,,
3658,68512-78-7,"Solvent naphtha (petroleum), light arom., hydrotreated", , , ,"GHS08,Dgr",,,
3659,85116-60-5,"Naphtha (petroleum), hydrodesulfurized thermal cracked light", , , ,"GHS08,Dgr",,,
3660,85116-61-6,"Naphtha (petroleum), hydrotreated light, cycloalkane-contg.", , , ,"GHS08,Dgr",,,
3661,92045-51-7,"Naphtha (petroleum), heavy steam-cracked, hydrogenated", , , ,"GHS08,Dgr",,,
3662,92045-52-8,"Naphtha (petroleum), hydrodesulfurized full-range", , , ,"GHS08,Dgr",,,
3663,92045-57-3,"Naphtha (petroleum), hydrotreated light steam-cracked", , , ,"GHS08,Dgr",,,
3664,92045-61-9,"Hydrocarbons, C4-12, naphtha-cracking, hydrotreated", , , ,"GHS08,Dgr",,,
3665,92062-15-2,"Solvent naphtha (petroleum), hydrotreated light naphthenic", , , ,"GHS08,Dgr",,,
3666,93165-55-0,"Naphtha (petroleum), light steam-cracked, hydrogenated", , , ,"GHS08,Dgr",,,
3667,93763-33-8,"Hydrocarbons, C6-11, hydrotreated, dearomatized", , , ,"GHS08,Dgr",,,
3668,93763-34-9,"Hydrocarbons, C9-12, hydrotreated, dearomatized", , , ,"GHS08,Dgr",,,
3669,8052-41-3,stoddard solvent, , , ,"GHS08,Dgr",,,
3670,64741-47-5,Natural gas condensates (petroleum), , , ,"GHS08,Dgr",,,
3671,64741-48-6,"Natural gas (petroleum), raw liq. mix", , , ,"GHS08,Dgr",,,
3672,64741-69-1,"Naphtha (petroleum), light hydrocracked", , , ,"GHS08,Dgr",,,
3673,64741-78-2,"Naphtha (petroleum), heavy hydrocracked", , , ,"GHS08,Dgr",,,
3674,64741-87-3,"Naphtha (petroleum), sweetened", , , ,"GHS08,Dgr",,,
3675,64742-15-0,"Naphtha (petroleum), acid-treated", , , ,"GHS08,Dgr",,,
3676,64742-22-9,"Naphtha (petroleum), chemically neutralized heavy", , , ,"GHS08,Dgr",,,
3677,64742-23-0,"Naphtha (petroleum), chemically neutralized light", , , ,"GHS08,Dgr",,,
3678,64742-66-1,"Naphtha (petroleum), catalytic dewaxed", , , ,"GHS08,Dgr",,,
3679,64742-83-2,"Naphtha (petroleum), light steam-cracked", , , ,"GHS08,Dgr",,,
3680,64742-95-6,"Solvent naphtha (petroleum), light arom.", , , ,"GHS08,Dgr",,,
3681,68131-49-7,"Aromatic hydrocarbons, C6-10, acid-treated, neutralized", , , ,"GHS08,Dgr",,,
3682,68477-34-9,"Distillates (petroleum), C3-5, 2-methyl-2-butene-rich", , , ,"GHS08,Dgr",,,
3683,68477-50-9,"Distillates (petroleum), polymd. steam-cracked petroleum distillates, C5-12 fraction", , , ,"GHS08,Dgr",,,
3684,68477-53-2,"Distillates (petroleum), steam-cracked, C5-12 fraction", , , ,"GHS08,Dgr",,,
3685,68477-55-4,"Distillates (petroleum), steam-cracked, C5-10 fraction, mixed with light steam-cracked petroleum naphtha C5 fraction", , , ,"GHS08,Dgr",,,
3686,68477-61-2,"Extracts (petroleum), cold-acid, C4-6", , , ,"GHS08,Dgr",,,
3687,68477-89-4,"Distillates (petroleum), depentanizer overheads", , , ,"GHS08,Dgr",,,
3688,68478-12-6,"Residues (petroleum), butane splitter bottoms", , , ,"GHS08,Dgr",,,
3689,68478-16-0,"Residual oils (petroleum), deisobutanizer tower", , , ,"GHS08,Dgr",,,
3690,68513-02-0,"Naphtha (petroleum), full-range coker", , , ,"GHS08,Dgr",,,
3691,68516-20-1,"Naphtha (petroleum), steam-cracked middle arom.", , , ,"GHS08,Dgr",,,
3692,68527-21-9,"Naphtha (petroleum), clay-treated full-range straight-run", , , ,"GHS08,Dgr",,,
3693,68527-22-0,"Naphtha (petroleum), clay-treated light straight-run", , , ,"GHS08,Dgr",,,
3694,68527-23-1,"Naphtha (petroleum), light steam-cracked arom.", , , ,"GHS08,Dgr",,,
3695,68527-26-4,"Naphtha (petroleum), light steam-cracked, debenzenized", , , ,"GHS08,Dgr",,,
3696,68603-08-7,"Naphtha (petroleum), arom.-contg.", , , ,"GHS08,Dgr",,,
3697,68606-10-0,"Gasoline, pyrolysis, debutanizer bottoms", , , ,"GHS08,Dgr",,,
3698,68783-66-4,"Naphtha (petroleum), light, sweetened", , , ,"GHS08,Dgr",,,
3699,68919-39-1,Natural gas condensates, , , ,"GHS08,Dgr",,,
3700,68921-09-5,"Distillates (petroleum), naphtha unifiner stripper", , , ,"GHS08,Dgr",,,
3701,85116-59-2,"Naphtha (petroleum), catalytic reformed light, arom.-free fraction", , , ,"GHS08,Dgr",,,
3702,86290-81-5,Gasoline, , , ,"GHS08,Dgr",,,
3703,90989-42-7,"Aromatic hydrocarbons, C7-8, dealkylation products, distn. residues", , , ,"GHS08,Dgr",,,
3704,91995-38-9,"Hydrocarbons, C4-6, depentanizer lights, arom. hydrotreater", , , ,"GHS08,Dgr",,,
3705,91995-41-4,"Distillates (petroleum), heat-soaked steam-cracked naphtha, C5-rich", , , ,"GHS08,Dgr",,,
3706,91995-68-5,"Extracts (petroleum), catalytic reformed light naphtha solvent", , , ,"GHS08,Dgr",,,
3707,92045-53-9,"Naphtha (petroleum), hydrodesulfurized light, dearomatized", , , ,"GHS08,Dgr",,,
3708,92045-60-8,"Naphtha (petroleum), light, C5-rich, sweetened", , , ,"GHS08,Dgr",,,
3709,92045-62-0,"Hydrocarbons, C8-11, naphtha-cracking, toluene cut", , , ,"GHS08,Dgr",,,
3710,92045-63-1,"Hydrocarbons, C4-11, naphtha-cracking, arom.-free", , , ,"GHS08,Dgr",,,
3711,92201-97-3,"Naphtha (petroleum), light heat-soaked, steam-cracked", , , ,"GHS08,Dgr",,,
3712,93165-19-6,"Distillates (petroleum), C6-rich", , , ,"GHS08,Dgr",,,
3713,94114-03-1,"Gasoline, pyrolysis, hydrogenated", , , ,"GHS08,Dgr",,,
3714,95009-23-7,"Distillates (petroleum), steam-cracked, C8-12 fraction, polymd., distn. lights", , , ,"GHS08,Dgr",,,
3715,97926-43-7,"Extracts (petroleum) heavy naphtha solvent, clay-treated", , , ,"GHS08,Dgr",,,
3716,98219-46-6,"Naphtha (petroleum), light steam-cracked, debenzenized, thermally treated", , , ,"GHS08,Dgr",,,
3717,98219-47-7,"Naphtha (petroleum), light steam-cracked, thermally treated", , , ,"GHS08,Dgr",,,
3718,101316-56-7,"Distillates (petroleum), C7-9, C8-rich, hydrodesulfurized dearomatized", , , ,"GHS08,Dgr",,,
3719,101316-66-9,"Hydrocarbons, C6-8, hydrogenated sorption-dearomatized, toluene raffination", , , ,"GHS08,Dgr",,,
3720,101316-76-1,"Naphtha (petroleum), hydrodesulfurised full-range coker", , , ,"GHS08,Dgr",,,
3721,101795-01-1,"Naphtha (petroleum), sweetened light", , , ,"GHS08,Dgr",,,
3722,102110-14-5,"Hydrocarbons, C3-6, C5-rich, steam-cracked naphtha", , , ,"GHS08,Dgr",,,
3723,102110-15-6,"Hydrocarbons, C5-rich, dicyclopentadiene-contg.", , , ,"GHS08,Dgr",,,
3724,102110-55-4,"Residues (petroleum), steam-cracked light, arom.", , , ,"GHS08,Dgr",,,
3725,68476-50-6,"Hydrocarbons, C≥5, C5-6-rich", , , ,"GHS08,Dgr",,,
3726,68476-55-1,"Hydrocarbons, C5-rich", , , ,"GHS08,Dgr",,,
3727,90989-39-2,"Aromatic hydrocarbons, C8-10", , , ,"GHS08,Dgr",,,
3728,8008-20-6,Kerosine (petroleum), , , ,"GHS08,Dgr",,,
3729,64742-88-7,"solvent naphtha (petroleum), medium aliph.", , , ,"GHS08,Dgr",,,
3730,64742-96-7,Solvent naphtha (petroleum) heavy aliph., , , ,"GHS08,Dgr",,,
3731,92045-37-9,"Kerosine (petroleum), straight-run wide-cut", , , ,"GHS08,Dgr",,,
3732,64742-91-2,"Distillates (petroleum), steam-cracked", , , ,"GHS08,Dgr",,,
3733,68477-39-4,"Distillates (petroleum), cracked stripped steam-cracked petroleum distillates, C8-10 fraction", , , ,"GHS08,Dgr",,,
3734,68477-40-7,"Distillates (petroleum), cracked stripped steam-cracked petroleum distillates, C10-12 fraction", , , ,"GHS08,Dgr",,,
3735,68477-54-3,"Distillates (petroleum), steam-cracked, C8-12 fraction", , , ,"GHS08,Dgr",,,
3736,85116-55-8,"Kerosine (petroleum), hydrodesulfurized thermal cracked", , , ,"GHS08,Dgr",,,
3737,90640-98-5,"Aromtic hydrocarbons, C≥10, steam-cracking, hydrotreated", , , ,"GHS08,Dgr",,,
3738,90641-13-7,"Naphtha (petroleum), steam-cracked, hydrotreated, C9-10-arom.-rich", , , ,"GHS08,Dgr",,,
3739,101316-61-4,"Distillates (petroleum), thermal-cracked, alkylarom. hydrocarbon-rich", , , ,"GHS08,Dgr",,,
3740,101631-13-4,"Distillates (petroleum), catalytic cracked heavy tar light", , , ,"GHS08,Dgr",,,
3741,101316-80-7,"Solvent naphtha (petroleum), hydrocracked heavy arom.", , , ,"GHS08,Dgr",,,
3742,101631-15-6,"Distillates (petroleum), steam-cracked heavy tar light", , , ,"GHS08,Dgr",,,
3743,64741-73-7,"Distillates (petroleum), alkylate", , , ,"GHS08,Dgr",,,
3744,64741-98-6,"Extracts (petroleum), heavy naphtha solvent", , , ,"GHS08,Dgr",,,
3745,64742-31-0,"Distillates (petroleum), chemically neutralized light", , , ,"GHS08,Dgr",,,
3746,64742-47-8,"Distillates (petroleum), hydrotreated light", , , ,"GHS08,Dgr",,,
3747,64742-81-0,"Kerosine (petroleum), hydrodesulfurized", , , ,"GHS08,Dgr",,,
3748,64742-94-5,"Solvent naphtha (petroleum), heavy arom.", , , ,"GHS08,Dgr",,,
3749,68333-23-3,"Naphtha (petroleum), heavy coker", , , ,"GHS08,Dgr",,,
3750,85116-57-0,"Naphtha (petroleum), catalytic reformed hydrodesulfurized heavy, arom. fraction", , , ,"GHS08,Dgr",,,
3751,91770-15-9,"Kerosine (petroleum), sweetened", , , ,"GHS08,Dgr",,,
3752,92045-36-8,"Kerosine (petroleum), solvent-refined sweetened", , , ,"GHS08,Dgr",,,
3753,93763-35-0,"Hydrocarbons, C9-16, hydrotreated, dearomatized", , , ,"GHS08,Dgr",,,
3754,97488-94-3,"Kerosine (petroleum), solvent-refined hydrodesulfurized", , , ,"GHS08,Dgr",,,
3755,101316-58-9,"Distillates (petroleum), hydrodesulfurized full-range middle coker", , , ,"GHS08,Dgr",,,
3756,101316-81-8,"Solvent naphtha (petroleum), hydrodesulfurized heavy arom.", , , ,"GHS08,Dgr",,,
3757,101316-82-9,"Solvent naphtha (petroleum), hydrodesulfurized medium", , , ,"GHS08,Dgr",,,
3758,101631-19-0,"Kerosine (petroleum), hydrotreated", , , ,"GHS08,Dgr",,,
3759,64741-59-9,"Distillates (petroleum), light catalytic cracked", , , ,"GHS08,Dgr",,,
3760,64741-60-2,"Distillates (petroleum), intermediate catalytic cracked", , , ,"GHS08,Dgr",,,
3761,64741-77-1,"Distillates (petroleum), light hydrocracked", , , ,"GHS08,Wng",,,
3762,64741-82-8,"Distillates (petroleum), light thermal cracked", , , ,"GHS08,Dgr",,,
3763,68333-25-5,"Distillates (petroleum), hydrodesulfurized light catalytic cracked", , , ,"GHS08,Dgr",,,
3764,68475-80-9,"Distillates (petroleum), light steam-cracked naphtha", , , ,"GHS08,Dgr",,,
3765,68477-38-3,"Distillates (petroleum), cracked steam-cracked petroleum distillates", , , ,"GHS08,Dgr",,,
3766,68527-18-4,"Gas oils (petroleum), steam-cracked", , , ,"GHS08,Dgr",,,
3767,85116-53-6,"Distillates (petroleum), hydrodesulfurized thermal cracked middle", , , ,"GHS08,Dgr",,,
3768,92045-29-9,"Gas oils (petroleum), thermal-cracked, hydrodesulfurized", , , ,"GHS08,Dgr",,,
3769,92062-00-5,"Residues (petroleum), hydrogenated steam-cracked naphtha", , , ,"GHS08,Dgr",,,
3770,92062-04-9,"Residues (petroleum), steam-cracked naphtha distn.", , , ,"GHS08,Dgr",,,
3771,92201-60-0,"Distillates (petroleum), light catalytic cracked, thermally degraded", , , ,"GHS08,Dgr",,,
3772,93763-85-0,"Residues (petroleum), steam-cracked heat-soaked naphtha", , , ,"GHS08,Dgr",,,
3773,97675-88-2,"Hydrocarbons, C16-20, solvent-dewaxed hydrocracked paraffinic distn. residue", , , ,"GHS08,Wng",,,
3774,97926-59-5,"Gas oils (petroleum), light vacuum, thermal-cracked hydrodesulfurized", , , ,"GHS08,Dgr",,,
3775,101316-59-0,"Distillates (petroleum), hydrodesulfurized middle coker", , , ,"GHS08,Dgr",,,
3776,101631-14-5,"Distillates (petroleum), heavy steam-cracked", , , ,"GHS08,Dgr",,,
3777,64741-76-0,"Distillates (petroleum), heavy hydrocracked", , , ,"GHS08,Dgr",,,
3778,64741-88-4,"Distillates (petroleum), solvent-refined heavy paraffinic", , , ,"GHS08,Dgr",,,
3779,64741-89-5,"Distillates (petroleum), solvent-refined light paraffinic", , , ,"GHS08,Dgr",,,
3780,64741-95-3,"Residual oils (petroleum), solvent deasphalted", , , ,"GHS08,Dgr",,,
3781,64741-96-4,"Distillates (petroleum), solvent-refined heavy naphthenic", , , ,"GHS08,Dgr",,,
3782,64741-97-5,"Distillates (petroleum), solvent-refined light naphthenic", , , ,"GHS08,Dgr",,,
3783,64742-01-4,"Residual oils (petroleum,) solvent-refined", , , ,"GHS08,Dgr",,,
3784,64742-36-5,"Distillates (petroleum), clay-treated paraffinic", , , ,"GHS08,Dgr",,,
3785,64742-37-6,"Distillates (petroleum), clay-treated light paraffinic", , , ,"GHS08,Dgr",,,
3786,64742-41-2,"Residual oils (petroleum), clay-treated", , , ,"GHS08,Dgr",,,
3787,64742-44-5,"Distillates (petroleum), clay-treated heavy naphthenic", , , ,"GHS08,Dgr",,,
3788,64742-45-6,"Distillates (petroleum), clay-treated light naphthenic", , , ,"GHS08,Dgr",,,
3789,64742-52-5,"Distillates (petroleum), hydrotreated heavy naphthenic", , , ,"GHS08,Dgr",,,
3790,64742-53-6,"Distillates (petroleum), hydrotreated light naphthenic", , , ,"GHS08,Dgr",,,
3791,64742-54-7,"Distillates (petroleum), hydrotreated heavy paraffinic", , , ,"GHS08,Dgr",,,
3792,64742-55-8,"Distillates (petroleum), hydrotreated light paraffinic", , , ,"GHS08,Dgr",,,
3793,64742-56-9,"Distillates (petroleum), solvent-dewaxed light paraffinic", , , ,"GHS08,Dgr",,,
3794,64742-57-0,"Residual oils (petroleum), hydrotreated", , , ,"GHS08,Dgr",,,
3795,64742-62-7,"Residual oils (petroleum), solvent-dewaxed", , , ,"GHS08,Dgr",,,
3796,64742-63-8,"Distillates (petroleum), solvent-dewaxed heavy naphthenic", , , ,"GHS08,Dgr",,,
3797,64742-64-9,"Distillates (petroleum), solvent-dewaxed light naphthenic", , , ,"GHS08,Dgr",,,
3798,64742-65-0,"Distillates (petroleum), solvent-dewaxed heavy paraffinic", , , ,"GHS08,Dgr",,,
3799,64742-68-3,"Naphthenic oils (petroleum), catalytic dewaxed heavy", , , ,"GHS08,Dgr",,,
3800,64742-69-4,"Naphthenic oils (petroleum), catalytic dewaxed light", , , ,"GHS08,Dgr",,,
3801,64742-70-7,"Paraffin oils (petroleum), catalytic dewaxed heavy", , , ,"GHS08,Dgr",,,
3802,64742-71-8,"Paraffin oils (petroleum), catalytic dewaxed light", , , ,"GHS08,Dgr",,,
3803,64742-75-2,"Naphthenic oils (petroleum), complex dewaxed heavy", , , ,"GHS08,Dgr",,,
3804,64742-76-3,"Naphthenic oils (petroleum), complex dewaxed light", , , ,"GHS08,Dgr",,,
3805,72623-85-9,"Lubricating oils (petroleum), C20-50, hydrotreated neutral oil-based, high-viscosity", , , ,"GHS08,Dgr",,,
3806,72623-86-0,"Lubricating oils (petroleum), C15-30, hydrotreated neutral oil-based", , , ,"GHS08,Dgr",,,
3807,72623-87-1,"Lubricating oils (petroleum), C20-50, hydrotreated neutral oil-based", , , ,"GHS08,Dgr",,,
3808,74869-22-0,Lubricating oils, , , ,"GHS08,Dgr",,,
3809,90640-91-8,"Distillates (petroleum), complex dewaxed heavy paraffinci", , , ,"GHS08,Dgr",,,
3810,90640-92-9,"Distillates (petroleum), complex dewaxed light paraffinic", , , ,"GHS08,Dgr",,,
3811,90640-94-1,"Distillates (petroleum), solvent dewaxed heavy paraffinic, clay-treated", , , ,"GHS08,Dgr",,,
3812,90640-95-2,"Hydrocarbons, C20-50, solvent dewaxed heavy paraffinic, hydrotreated", , , ,"GHS08,Dgr",,,
3813,90640-96-3,"Distillates (petroleum), solvent dewaxed light paraffinic, clay-treated", , , ,"GHS08,Dgr",,,
3814,90640-97-4,"Distillates (petroleum), solvent dewaxed light paraffinic, hydrotreated", , , ,"GHS08,Dgr",,,
3815,90669-74-2,"Residual oils (petroleum), hydrotreated solvent dewaxed", , , ,"GHS08,Dgr",,,
3816,91770-57-9,"Residual oils (petroleum), catalytic dewaxed", , , ,"GHS08,Dgr",,,
3817,91995-39-0,"Distillates (petroleum), dewaxed heavy paraffinic, hydrotreated", , , ,"GHS08,Dgr",,,
3818,91995-40-3,"Distillates (petroleum), dewaxed light paraffinic, hydrotreated", , , ,"GHS08,Dgr",,,
3819,91995-45-8,"Distillates (petroleum), hydrocracked solvent-refined, dewaxed", , , ,"GHS08,Dgr",,,
3820,91995-54-9,"Distillates (petroleum), solvent-refined light naphthenic, hydrotreated", , , ,"GHS08,Dgr",,,
3821,92045-42-6,"Lubricating oils (petroleum), C17-35, solvent-extd., dewaxed, hydrotreated", , , ,"GHS08,Dgr",,,
3822,92045-43-7,"Lubricating oils (petroleum), hydrocracked nonarom. solvent-deparaffined", , , ,"GHS08,Dgr",,,
3823,92061-86-4,"Residual oils (petroleum), hydrocracked acid-treated solvent-dewaxed", , , ,"GHS08,Dgr",,,
3824,92129-09-4,"Paraffin oils (petroleum), solvent-refined dewaxed heavy", , , ,"GHS08,Dgr",,,
3825,93572-43-1,"Lubricating oils (petroleum), base oils, paraffinic", , , ,"GHS08,Dgr",,,
3826,93763-38-3,"Hydrocarbons, hydrocracked paraffinic distn. residues, solvent-dewaxed", , , ,"GHS08,Dgr",,,
3827,93924-61-9,"Hydrocarbons, C20-50, residual oil hydrogenation vacuum distillate", , , ,"GHS08,Dgr",,,
3828,94733-08-1,"Distillates (petroleum), solvent-refined hydrotreated heavy, hydrogenated", , , ,"GHS08,Dgr",,,
3829,94733-09-2,"Distillates (petroleum), solvent-refined hydrocracked light", , , ,"GHS08,Dgr",,,
3830,94733-15-0,"Lubricating oils (petroleum), C18-40, solvent-dewaxed hydrocracked distillate-based", , , ,"GHS08,Dgr",,,
3831,94733-16-1,"Lubricating oils (petroleum), C18-40, solvent-dewaxed hydrogenated raffinate-based", , , ,"GHS08,Dgr",,,
3832,95371-04-3,"Hydrocarbons, C13-30, arom.-rich, solvent-extd. naphthenic distillate", , , ,"GHS08,Dgr",,,
3833,95371-05-4,"Hydrocarbons, C16-32, arom. rich, solvent-extd. naphthenic distillate", , , ,"GHS08,Dgr",,,
3834,95371-07-6,"Hydrocarbons, C37-68, dewaxed deasphalted hydrotreated vacuum distn. residues", , , ,"GHS08,Dgr",,,
3835,95371-08-7,"Hydrocarbons, C37-65, hydrotreated deasphalted vacuum distn. residues", , , ,"GHS08,Dgr",,,
3836,97488-73-8,"Distillates (petroleum), hydrocracked solvent-refined light", , , ,"GHS08,Dgr",,,
3837,97488-74-9,"Distillates (petroleum), solvent-refined hydrogenated heavy", , , ,"GHS08,Dgr",,,
3838,97488-95-4,"Lubricating oils (petroleum), C18-27, hydrocracked solvent-dewaxed", , , ,"GHS08,Dgr",,,
3839,97675-87-1,"Hydrocarbons, C17-30, hydrotreated solvent-deasphalted atm. distn. residue, distn. lights", , , ,"GHS08,Dgr",,,
3840,97722-06-0,"Hydrocarbons, C17-40, hydrotreated solvent-deasphalted distn. residue, vacuum distn. lights", , , ,"GHS08,Dgr",,,
3841,97722-09-3,"Hydrocarbons, C13-27, solvent-extd. light naphthenic", , , ,"GHS08,Dgr",,,
3842,97722-10-6,"Hydrocarbons, C14-29, solvent-extd. light naphthenic", , , ,"GHS08,Dgr",,,
3843,97862-81-2,"Hydrocarbons, C27-42, dearomatized", , , ,"GHS08,Dgr",,,
3844,97862-82-3,"Hydrocarbons, C17-30, hydrotreated distillates, distn. lights", , , ,"GHS08,Dgr",,,
3845,97862-83-4,"Hydrocarbons, C27-45, naphthenic vacuum distn.", , , ,"GHS08,Dgr",,,
3846,97926-68-6,"Hydrocarbons, C27-45, dearomatized", , , ,"GHS08,Dgr",,,
3847,97926-70-0,"Hydrocarbons, C20-58, hydrotreated", , , ,"GHS08,Dgr",,,
3848,97926-71-1,"Hydrocarbons, C27-42, naphthenic", , , ,"GHS08,Dgr",,,
3849,100684-37-5,"Residual oils (petroleum), carbon-treated solvent-dewaxed", , , ,"GHS08,Dgr",,,
3850,100684-38-6,"Residual oils (petroleum), clay-treated solvent-dewaxed", , , ,"GHS08,Dgr",,,
3851,101316-69-2,"Lubricating oils (petroleum), C >25, solvent-extd., deasphalted, dewaxed, hydrogenated", , , ,"GHS08,Dgr",,,
3852,101316-70-5,"Lubricating oils (petroleum), C17-32, solvent-extd., dewaxed, hydrogenated", , , ,"GHS08,Dgr",,,
3853,101316-71-6,"Lubricating oils (petroleum), C20-35, solvent-extd., dewaxed, hydrogenated", , , ,"GHS08,Dgr",,,
3854,101316-72-7,"Lubricating oils (petroleum), C24-50, solvent-extd., dewaxed, hydrogenated", , , ,"GHS08,Dgr",,,
3855,68783-00-6,"Extracts (petroleum), heavy naphthenic distillate solvent, arom. conc.", , , ,"GHS08,Dgr",,,
3856,68783-04-0,"Extracts (petroleum), solvent-refined heavy paraffinic distillate solvent", , , ,"GHS08,Dgr",,,
3857,68814-89-1,"Extracts (petroleum), heavy paraffinic distillates, solvent-deasphalted", , , ,"GHS08,Dgr",,,
3858,90641-07-9,"Extracts (petroleum), heavy naphthenic distillate solvent, hydrotreated", , , ,"GHS08,Dgr",,,
3859,90641-08-0,"Extracts (petroleum), heavy paraffinic distillate solvent, hydrotreated", , , ,"GHS08,Dgr",,,
3860,90641-09-1,"Extracts (petroleum), light paraffinic distillate solvent, hydrotreated", , , ,"GHS08,Dgr",,,
3861,91995-73-2,"Extracts (petroleum), hydrotreated light paraffinic distillate solvent", , , ,"GHS08,Dgr",,,
3862,91995-75-4,"Extracts (petroleum), light naphthenic distillate solvent, hydrodesulfurized", , , ,"GHS08,Dgr",,,
3863,91995-76-5,"Extracts (petroleum), light paraffinic distillate solvent, acid-treated", , , ,"GHS08,Dgr",,,
3864,91995-77-6,"Extracts (petroleum), light paraffinic distillate solvent, hydrodesulfurized", , , ,"GHS08,Dgr",,,
3865,91995-79-8,"Extracts (petroleum), light vacuum gas oil solvent, hydrotreated", , , ,"GHS08,Dgr",,,
3866,92704-08-0,"Extracts (petroleum), heavy paraffinic distillate solvent, clay-treated", , , ,"GHS08,Dgr",,,
3867,93763-10-1,"Extracts (petroleum), heavy naphthenic distillate solvent, hydrodesulfurized", , , ,"GHS08,Dgr",,,
3868,93763-11-2,"Extracts (petroleum), solvent-dewaxed heavy paraffinic distillate solvent, hydrodesulfurized", , , ,"GHS08,Dgr",,,
3869,100684-02-4,"Extracts (petroleum), light paraffinic distillate solvent, carbon-treated", , , ,"GHS08,Dgr",,,
3870,100684-03-5,"Extracts (petroleum), light paraffinic distillate solvent, clay-treated", , , ,"GHS08,Dgr",,,
3871,100684-04-6,"Extracts (petroleum), light vacuum, gas oil solvent, carbon-treated", , , ,"GHS08,Dgr",,,
3872,100684-05-7,"Extracts (petroleum), light vacuum gas oil solvent, clay-treated", , , ,"GHS08,Dgr",,,
3873,64742-67-2,Foots oil (petroleum), , , ,"GHS08,Dgr",,,
3874,92045-12-0,"Foots oil (petroleum), hydrotreated", , , ,"GHS08,Dgr",,,
3875,8006-64-2,"turpentine, oil", , , ,"GHS02,GHS08,GHS07,GHS09,Dgr",,,
3876,80-38-6,fenson, , , ,"GHS07,GHS09,Wng",,,
3877,991-42-4,norbormide, , , ,"GHS07,Wng",,,
3878,83-79-4,"(2R,6aS,12aS)-1,2,6,6a,12,12a-hexahydro-2-isopropenyl-8,9-dimethoxychromeno[3,4-b]furo[2,3-h]chromen-6-one, rotenone", , , ,"GHS06,GHS09,Dgr",,,
3879,495-73-8,benquinox, , , ,"GHS06,Dgr",,,
3880,6164-98-3,chlordimeform, , , ,"GHS08,GHS07,GHS09,Wng",,,
3881,5707-69-7,drazoxolon, , , ,"GHS06,GHS09,Dgr",,,
3882,19750-95-9,chlordimeform hydrochloride, , , ,"GHS08,GHS07,GHS09,Wng",,,
3883,1694-09-3,benzyl violet 4B, , , ,"GHS08,Wng",,,
3884,12510-42-8,erionite, , , ,"GHS08,Dgr",,,
3885,12001-28-4,asbestos, , , ,"GHS08,Dgr",,,
3886,132207-32-0,asbestos, , , ,"GHS08,Dgr",,,
3887,12172-73-5,asbestos, , , ,"GHS08,Dgr",,,
3888,77536-66-4,asbestos, , , ,"GHS08,Dgr",,,
3889,77536-68-6,asbestos, , , ,"GHS08,Dgr",,,
3890,77536-67-5,asbestos, , , ,"GHS08,Dgr",,,
3891,12001-29-5,asbestos, , , ,"GHS08,Dgr",,,
3892,9/7/8050,rosin, , , ,"GHS07,Wng",,,
3893,10/6/8052,rosin, , , ,"GHS07,Wng",,,
3894,73138-82-6,rosin, , , ,"GHS07,Wng",,,
3895,55-55-0,bis(4-hydroxy-N-methylanilinium) sulphate, , , ,"GHS08,GHS07,GHS09,Wng",,,
3896,94361-06-5,cyproconazole, , , ,"GHS08,GHS06,GHS09,Dgr",,,
3897,82097-50-5,triasulfuron, , , ,"GHS09,Wng",,,
3898,158570-99-1,"mixed linear and branched C14-15 alcohols ethoxylated, reaction product with epichlorohydrin", , , ,"GHS07,GHS09,Wng",,,
3899,12222-04-7,"di(tetramethylammonium)(29H,31H-phthalocyanin-N29,N30,N31,N32)disulfonamide disulfonate, cuprate(2-)complex, derivates", , , ,"GHS08,GHS07,GHS09,Wng",,,
3900,134164-24-2,dibenzylphenylsulfonium hexafluoroantimonate, , , ,"GHS08,GHS05,GHS07,GHS09,Dgr",,,
3901,155925-27-2,silver sodium zirconium hydrogenphosphate, , , ,"GHS09,Wng",,,
