HazardCodeID,GHSCode,CASNumber,HazardClass
1,H220,1333-74-0,"Flam. Gas 1"
2,H260,16853-85-3,"Water-react. 1"
3,H314,16853-85-3,"Skin Corr. 1A"
4,H260,7646-69-7,"Water-react. 1"
5,H260,7789-78-8,"Water-react. 1"
6,H260,7439-93-2,"Water-react. 1"
7,H314,7439-93-2,"Skin Corr. 1B"
8,H250,21369-64-2,"Pyr. Sol. 1"
9,H260,21369-64-2,"Water-react. 1"
10,H314,21369-64-2,"Skin Corr. 1A"
11,H250,920-36-5,"Pyr. Liq. 1"
12,H260,920-36-5,"Water-react. 1"
13,H336,920-36-5,"STOT SE 3"
14,H314,920-36-5,"Skin Corr. 1A"
15,H400,920-36-5,"Aquatic Acute 1"
16,H410,920-36-5,"Aquatic Chronic 1"
17,H350i,7440-41-7,"Carc. 1B"
18,H330,7440-41-7,"Acute Tox. 2"
19,H301,7440-41-7,"Acute Tox. 3"
20,H335,7440-41-7,"STOT SE 3"
21,H372,7440-41-7,"STOT RE 1"
22,H315,7440-41-7,"Skin Irrit. 2"
23,H319,7440-41-7,"Eye Irrit. 2"
24,H317,7440-41-7,"Skin Sens. 1"
25,H350i,1304-56-9,"Carc. 1B"
26,H330,1304-56-9,"Acute Tox. 2"
27,H301,1304-56-9,"Acute Tox. 3"
28,H335,1304-56-9,"STOT SE 3"
29,H372,1304-56-9,"STOT RE 1"
30,H315,1304-56-9,"Skin Irrit. 2"
31,H319,1304-56-9,"Eye Irrit. 2"
32,H317,1304-56-9,"Skin Sens. 1"
33,H330,7637-07-2,"Press. Gas"
34,H314,7637-07-2,"Acute Tox. 2"
35,H330,10294-34-5,"Press. Gas"
36,H300,10294-34-5,"Acute Tox. 2"
37,H314,10294-34-5,"Acute Tox. 2"
38,H330,10294-33-4,"Acute Tox. 2"
39,H300,10294-33-4,"Acute Tox. 2"
40,H314,10294-33-4,"Skin Corr. 1A"
41,H226,121-43-7,"Flam. Liq. 3"
42,H312,121-43-7,"Acute Tox. 4"
43,H341,75113-37-0,"Muta. 2"
44,H360FD,75113-37-0,"Repr. 1B"
45,H312,75113-37-0,"Acute Tox. 4"
46,H302,75113-37-0,"Acute Tox. 4"
47,H372,75113-37-0,"STOT RE 1"
48,H318,75113-37-0,"Eye Dam. 1"
49,H317,75113-37-0,"Skin Sens. 1"
50,H400,75113-37-0,"Aquatic Acute 1"
51,H410,75113-37-0,"Aquatic Chronic 1"
52,H360FD,10043-35-3,"Repr. 1B"
53,H360FD,11113-50-1,"Repr. 1B"
54,H360FD,1303-86-2,"Repr. 1B"
55,H317,120307-06-4,"Skin Sens. 1"
56,H400,120307-06-4,"Aquatic Acute 1"
57,H410,120307-06-4,"Aquatic Chronic 1"
58,H351,118612-00-3,"Carc. 2"
59,H302,118612-00-3,"Acute Tox. 4"
60,H315,118612-00-3,"Skin Irrit. 2"
61,H318,118612-00-3,"Eye Dam. 1"
62,H360FD,1330-43-4,"Repr. 1B"
63,H360FD,12267-73-1,"Repr. 1B"
64,H360FD,13840-56-7,"Repr. 1B"
65,H360FD,1303-96-4,"Repr. 1B"
66,H360FD,12179-04-3,"Repr. 1B"
67,H317,141714-54-7,"Skin Sens. 1"
68,H400,141714-54-7,"Aquatic Acute 1"
69,H410,141714-54-7,"Aquatic Chronic 1"
70,H250,7397-46-8,"Pyr. Liq. 1"
71,H332,7397-46-8,"Acute Tox. 4"
72,H312,7397-46-8,"Acute Tox. 4"
73,H302,7397-46-8,"Acute Tox. 4"
74,H373,7397-46-8,"STOT RE 2"
75,H314,7397-46-8,"Skin Corr. 1B"
76,H317,7397-46-8,"Skin Sens. 1"
77,H413,7397-46-8,"Aquatic Chronic 4"
78,H317,87199-17-5,"Skin Sens. 1"
79,H302,140681-55-6,"Acute Tox. 4"
80,H318,140681-55-6,"Eye Dam. 1"
81,H317,140681-55-6,"Skin Sens. 1"
82,H412,140681-55-6,"Aquatic Chronic 3"
83,H272,15120-21-5,"Ox. Sol. 2"
84,H360Df,15120-21-5,"Repr. 1B"
85,H302,15120-21-5,"Acute Tox. 4"
86,H335,15120-21-5,"STOT SE 3"
87,H318,15120-21-5,"Eye Dam. 1"
88,H272,7632-04-4,"Ox. Sol. 2"
89,H360Df,7632-04-4,"Repr. 1B"
90,H302,7632-04-4,"Acute Tox. 4"
91,H335,7632-04-4,"STOT SE 3"
92,H318,7632-04-4,"Eye Dam. 1"
93,H360Df,13517-20-9,"Repr. 1B"
94,H335,13517-20-9,"STOT SE 3"
95,H318,13517-20-9,"Eye Dam. 1"
96,H360Df,37244-98-7,"Repr. 1B"
97,H335,37244-98-7,"STOT SE 3"
98,H318,37244-98-7,"Eye Dam. 1"
99,H360Df,10486-00-7,"Repr. 1B"
100,H335,10486-00-7,"STOT SE 3"
101,H318,10486-00-7,"Eye Dam. 1"
102,H272,11138-47-9,"Ox. Sol. 3"
103,H360Df,11138-47-9,"Repr. 1B"
104,H302,11138-47-9,"Acute Tox. 4"
105,H335,11138-47-9,"STOT SE 3"
106,H318,11138-47-9,"Eye Dam. 1"
107,H272,12040-72-1,"Ox. Sol. 3"
108,H360Df,12040-72-1,"Repr. 1B"
109,H302,12040-72-1,"Acute Tox. 4"
110,H335,12040-72-1,"STOT SE 3"
111,H318,12040-72-1,"Eye Dam. 1"
112,H272,10332-33-9,"Ox. Sol. 3"
113,H360Df,10332-33-9,"Repr. 1B"
114,H302,10332-33-9,"Acute Tox. 4"
115,H335,10332-33-9,"STOT SE 3"
116,H318,10332-33-9,"Eye Dam. 1"
117,H360FD,12008-41-2,"Repr. 1B"
118,H360FD,12280-03-4,"Repr. 1B"
119,H220,630-08-0,"Flam. Gas 1"
120,H360D,630-08-0,"Press. Gas"
121,H331,630-08-0,"Repr. 1A"
122,H372,630-08-0,"Acute Tox. 3"
123,H330,75-44-5,"Press. Gas"
124,H314,75-44-5,"Acute Tox. 2"
125,H225,75-15-0,"Flam. Liq. 2"
126,H361fd,75-15-0,"Repr. 2"
127,H372,75-15-0,"STOT RE 1"
128,H315,75-15-0,"Skin Irrit. 2"
129,H319,75-15-0,"Eye Irrit. 2"
130,H260,75-20-7,"Water-react. 1"
131,H332,137-26-8,"Acute Tox. 4"
132,H302,137-26-8,"Acute Tox. 4"
133,H373,137-26-8,"STOT RE 2"
134,H315,137-26-8,"Skin Irrit. 2"
135,H319,137-26-8,"Eye Irrit. 2"
136,H317,137-26-8,"Skin Sens. 1"
137,H400,137-26-8,"Aquatic Acute 1"
138,H410,137-26-8,"Aquatic Chronic 1"
139,H224,74-90-8,"Flam. Liq. 1"
140,H330,74-90-8,"Acute Tox. 2"
141,H400,74-90-8,"Aquatic Acute 1"
142,H410,74-90-8,"Aquatic Chronic 1"
143,H351,86-88-4,"Carc. 2"
144,H300,86-88-4,"Acute Tox. 2"
145,H310,119-38-0,"Acute Tox. 1"
146,H300,119-38-0,"Acute Tox. 2"
147,H301,122-15-6,"Acute Tox. 3"
148,H351,63-25-2,"Carc. 2"
149,H332,63-25-2,"Acute Tox. 4"
150,H302,63-25-2,"Acute Tox. 4"
151,H400,63-25-2,"Aquatic Acute 1"
152,H330,137-30-4,"Acute Tox. 2"
153,H302,137-30-4,"Acute Tox. 4"
154,H335,137-30-4,"STOT SE 3"
155,H373,137-30-4,"STOT RE 2"
156,H318,137-30-4,"Eye Dam. 1"
157,H317,137-30-4,"Skin Sens. 1"
158,H400,137-30-4,"Aquatic Acute 1"
159,H410,137-30-4,"Aquatic Chronic 1"
160,H302,137-42-8,"Acute Tox. 4"
161,H314,137-42-8,"Skin Corr. 1B"
162,H317,137-42-8,"Skin Sens. 1"
163,H400,137-42-8,"Aquatic Acute 1"
164,H410,137-42-8,"Aquatic Chronic 1"
165,H302,142-59-6,"Acute Tox. 4"
166,H335,142-59-6,"STOT SE 3"
167,H317,142-59-6,"Skin Sens. 1"
168,H400,142-59-6,"Aquatic Acute 1"
169,H410,142-59-6,"Aquatic Chronic 1"
170,H351,330-54-1,"Carc. 2"
171,H302,330-54-1,"Acute Tox. 4"
172,H373,330-54-1,"STOT RE 2"
173,H400,330-54-1,"Aquatic Acute 1"
174,H410,330-54-1,"Aquatic Chronic 1"
175,H301,114-26-1,"Acute Tox. 3"
176,H400,114-26-1,"Aquatic Acute 1"
177,H410,114-26-1,"Aquatic Chronic 1"
178,H330,116-06-3,"Acute Tox. 2"
179,H300,116-06-3,"Acute Tox. 2"
180,H311,116-06-3,"Acute Tox. 3"
181,H400,116-06-3,"Aquatic Acute 1"
182,H410,116-06-3,"Aquatic Chronic 1"
183,H311,2032-59-9,"Acute Tox. 3"
184,H301,2032-59-9,"Acute Tox. 3"
185,H400,2032-59-9,"Aquatic Acute 1"
186,H410,2032-59-9,"Aquatic Chronic 1"
187,H351,2303-16-4,"Carc. 2"
188,H302,2303-16-4,"Acute Tox. 4"
189,H400,2303-16-4,"Aquatic Acute 1"
190,H410,2303-16-4,"Aquatic Chronic 1"
191,H302,101-27-9,"Acute Tox. 4"
192,H317,101-27-9,"Skin Sens. 1"
193,H400,101-27-9,"Aquatic Acute 1"
194,H410,101-27-9,"Aquatic Chronic 1"
195,H351,330-55-2,"Carc. 2"
196,H360Df,330-55-2,"Repr. 1B"
197,H302,330-55-2,"Acute Tox. 4"
198,H373,330-55-2,"STOT RE 2"
199,H400,330-55-2,"Aquatic Acute 1"
200,H410,330-55-2,"Aquatic Chronic 1"
201,H331,1563-67-3,"Acute Tox. 3"
202,H311,1563-67-3,"Acute Tox. 3"
203,H301,1563-67-3,"Acute Tox. 3"
204,H301,2032-65-7,"Acute Tox. 3"
205,H400,2032-65-7,"Aquatic Acute 1"
206,H410,2032-65-7,"Aquatic Chronic 1"
207,H302,140-93-2,"Acute Tox. 4"
208,H315,140-93-2,"Skin Irrit. 2"
209,H411,140-93-2,"Aquatic Chronic 2"
210,H332,584-79-2,"Acute Tox. 4"
211,H302,584-79-2,"Acute Tox. 4"
212,H400,584-79-2,"Aquatic Acute 1"
213,H410,584-79-2,"Aquatic Chronic 1"
214,H332,28434-00-6,"Acute Tox. 4"
215,H302,28434-00-6,"Acute Tox. 4"
216,H400,28434-00-6,"Aquatic Acute 1"
217,H410,28434-00-6,"Aquatic Chronic 1"
218,H332,84030-86-4,"Acute Tox. 4"
219,H302,84030-86-4,"Acute Tox. 4"
220,H400,84030-86-4,"Aquatic Acute 1"
221,H410,84030-86-4,"Aquatic Chronic 1"
222,H330,1563-66-2,"Acute Tox. 2"
223,H300,1563-66-2,"Acute Tox. 2"
224,H400,1563-66-2,"Aquatic Acute 1"
225,H410,1563-66-2,"Aquatic Chronic 1"
226,H301,973-21-7,"Acute Tox. 3"
227,H400,973-21-7,"Aquatic Acute 1"
228,H410,973-21-7,"Aquatic Chronic 1"
229,H301,6988-21-2,"Acute Tox. 3"
230,H411,6988-21-2,"Aquatic Chronic 2"
231,H302,759-94-4,"Acute Tox. 4"
232,H330,22259-30-9,"Acute Tox. 2"
233,H300,22259-30-9,"Acute Tox. 2"
234,H317,22259-30-9,"Skin Sens. 1"
235,H400,22259-30-9,"Aquatic Acute 1"
236,H410,22259-30-9,"Aquatic Chronic 1"
237,H302,1746-81-2,"Acute Tox. 4"
238,H373,1746-81-2,"STOT RE 2"
239,H400,1746-81-2,"Aquatic Acute 1"
240,H410,1746-81-2,"Aquatic Chronic 1"
241,H400,19937-59-8,"Aquatic Acute 1"
242,H410,19937-59-8,"Aquatic Chronic 1"
243,H302,1114-71-2,"Acute Tox. 4"
244,H411,1114-71-2,"Aquatic Chronic 2"
245,H351,23103-98-2,"Carc. 2"
246,H331,23103-98-2,"Acute Tox. 3"
247,H301,23103-98-2,"Acute Tox. 3"
248,H317,23103-98-2,"Skin Sens. 1"
249,H400,23103-98-2,"Aquatic Acute 1"
250,H410,23103-98-2,"Aquatic Chronic 1"
251,H302,1929-88-0,"Acute Tox. 4"
252,H301,2631-37-0,"Acute Tox. 3"
253,H400,2631-37-0,"Aquatic Acute 1"
254,H410,2631-37-0,"Aquatic Chronic 1"
255,H350,95-06-7,"Carc. 1B"
256,H302,95-06-7,"Acute Tox. 4"
257,H400,95-06-7,"Aquatic Acute 1"
258,H410,95-06-7,"Aquatic Chronic 1"
259,H302,2303-17-5,"Acute Tox. 4"
260,H373,2303-17-5,"STOT RE 2"
261,H317,2303-17-5,"Skin Sens. 1"
262,H400,2303-17-5,"Aquatic Acute 1"
263,H410,2303-17-5,"Aquatic Chronic 1"
264,H331,2532-43-6,"Acute Tox. 3"
265,H311,2532-43-6,"Acute Tox. 3"
266,H301,2532-43-6,"Acute Tox. 3"
267,H350,79-44-7,"Carc. 1B"
268,H331,79-44-7,"Acute Tox. 3"
269,H302,79-44-7,"Acute Tox. 4"
270,H335,79-44-7,"STOT SE 3"
271,H315,79-44-7,"Skin Irrit. 2"
272,H319,79-44-7,"Eye Irrit. 2"
273,H351,150-68-5,"Carc. 2"
274,H302,150-68-5,"Acute Tox. 4"
275,H400,150-68-5,"Aquatic Acute 1"
276,H410,150-68-5,"Aquatic Chronic 1"
277,H351,140-41-0,"Carc. 2"
278,H315,140-41-0,"Skin Irrit. 2"
279,H319,140-41-0,"Eye Irrit. 2"
280,H400,140-41-0,"Aquatic Acute 1"
281,H410,140-41-0,"Aquatic Chronic 1"
282,H351,34123-59-6,"Carc. 2"
283,H373,34123-59-6,"STOT RE 2"
284,H400,34123-59-6,"Aquatic Acute 1"
285,H410,34123-59-6,"Aquatic Chronic 1"
286,H300,16752-77-5,"Acute Tox. 2"
287,H400,16752-77-5,"Aquatic Acute 1"
288,H410,16752-77-5,"Aquatic Chronic 1"
289,H300,22781-23-3,"Acute Tox. 2"
290,H331,22781-23-3,"Acute Tox. 3"
291,H311,22781-23-3,"Acute Tox. 3"
292,H400,22781-23-3,"Aquatic Acute 1"
293,H410,22781-23-3,"Aquatic Chronic 1"
294,H311,8065-36-9,"Acute Tox. 3"
295,H301,8065-36-9,"Acute Tox. 3"
296,H400,8065-36-9,"Aquatic Acute 1"
297,H410,8065-36-9,"Aquatic Chronic 1"
298,H302,29973-13-5,"Acute Tox. 4"
299,H400,29973-13-5,"Aquatic Acute 1"
300,H410,29973-13-5,"Aquatic Chronic 1"
301,H302,502-55-6,"Acute Tox. 4"
302,H315,4482-55-7,"Skin Irrit. 2"
303,H400,4482-55-7,"Aquatic Acute 1"
304,H410,4482-55-7,"Aquatic Chronic 1"
305,H335,14484-64-1,"STOT SE 3"
306,H315,14484-64-1,"Skin Irrit. 2"
307,H319,14484-64-1,"Eye Irrit. 2"
308,H400,14484-64-1,"Aquatic Acute 1"
309,H410,14484-64-1,"Aquatic Chronic 1"
310,H330,23422-53-9,"Acute Tox. 2"
311,H300,23422-53-9,"Acute Tox. 2"
312,H317,23422-53-9,"Skin Sens. 1"
313,H400,23422-53-9,"Aquatic Acute 1"
314,H410,23422-53-9,"Aquatic Chronic 1"
315,H302,2631-40-5,"Acute Tox. 4"
316,H400,2631-40-5,"Aquatic Acute 1"
317,H410,2631-40-5,"Aquatic Chronic 1"
318,H300,315-18-4,"Acute Tox. 2"
319,H312,315-18-4,"Acute Tox. 4"
320,H400,315-18-4,"Aquatic Acute 1"
321,H410,315-18-4,"Aquatic Chronic 1"
322,H302,2425-10-7,"Acute Tox. 4"
323,H400,2425-10-7,"Aquatic Acute 1"
324,H410,2425-10-7,"Aquatic Chronic 1"
325,H302,1129-41-5,"Acute Tox. 4"
326,H411,1129-41-5,"Aquatic Chronic 2"
327,H302,1929-82-4,"Acute Tox. 4"
328,H411,1929-82-4,"Aquatic Chronic 2"
329,H302,2163-79-3,"Acute Tox. 4"
330,H330,23135-22-0,"Acute Tox. 2"
331,H300,23135-22-0,"Acute Tox. 2"
332,H312,23135-22-0,"Acute Tox. 4"
333,H411,23135-22-0,"Aquatic Chronic 2"
334,H302,5259-88-1,"Acute Tox. 4"
335,H412,5259-88-1,"Aquatic Chronic 3"
336,H302,19622-19-6,"Acute Tox. 4"
337,H411,19622-19-6,"Aquatic Chronic 2"
338,H302,1918-18-9,"Acute Tox. 4"
339,H302,28249-77-6,"Acute Tox. 4"
340,H400,28249-77-6,"Aquatic Acute 1"
341,H410,28249-77-6,"Aquatic Chronic 1"
342,H310,39196-18-4,"Acute Tox. 1"
343,H300,39196-18-4,"Acute Tox. 2"
344,H400,39196-18-4,"Aquatic Acute 1"
345,H410,39196-18-4,"Aquatic Chronic 1"
346,H300,15271-41-7,"Acute Tox. 2"
347,H311,15271-41-7,"Acute Tox. 3"
348,H411,15271-41-7,"Aquatic Chronic 2"
349,H302,1929-77-7,"Acute Tox. 4"
350,H411,1929-77-7,"Aquatic Chronic 2"
351,H302,2655-14-3,"Acute Tox. 4"
352,H350,334-88-3,"Carc. 1B"
353,H341,23564-05-8,"Muta. 2"
354,H332,23564-05-8,"Acute Tox. 4"
355,H317,23564-05-8,"Skin Sens. 1"
356,H400,23564-05-8,"Aquatic Acute 1"
357,H410,23564-05-8,"Aquatic Chronic 1"
358,H351,60568-05-0,"Carc. 2"
359,H400,60568-05-0,"Aquatic Acute 1"
360,H410,60568-05-0,"Aquatic Chronic 1"
361,H317,87731-18-8,"Skin Sens. 1"
362,H302,52888-80-9,"Acute Tox. 4"
363,H317,52888-80-9,"Skin Sens. 1"
364,H411,52888-80-9,"Aquatic Chronic 2"
365,H318,31506-43-1,"Eye Dam. 1"
366,H330,2094-99-7,"Acute Tox. 2"
367,H373,2094-99-7,"STOT RE 2"
368,H314,2094-99-7,"Skin Corr. 1B"
369,H334,2094-99-7,"Resp. Sens. 1"
370,H317,2094-99-7,"Skin Sens. 1"
371,H400,2094-99-7,"Aquatic Acute 1"
372,H410,2094-99-7,"Aquatic Chronic 1"
373,H361d,8018-01-7,"Repr. 2"
374,H317,8018-01-7,"Skin Sens. 1"
375,H400,8018-01-7,"Aquatic Acute 1"
376,H361d,12427-38-2,"Repr. 2"
377,H332,12427-38-2,"Acute Tox. 4"
378,H319,12427-38-2,"Eye Irrit. 2"
379,H317,12427-38-2,"Skin Sens. 1"
380,H400,12427-38-2,"Aquatic Acute 1"
381,H410,12427-38-2,"Aquatic Chronic 1"
382,H335,12122-67-7,"STOT SE 3"
383,H317,12122-67-7,"Skin Sens. 1"
384,H302,97-77-8,"Acute Tox. 4"
385,H373,97-77-8,"STOT RE 2"
386,H317,97-77-8,"Skin Sens. 1"
387,H400,97-77-8,"Aquatic Acute 1"
388,H410,97-77-8,"Aquatic Chronic 1"
389,H302,97-74-5,"Acute Tox. 4"
390,H317,97-74-5,"Skin Sens. 1"
391,H411,97-74-5,"Aquatic Chronic 2"
392,H335,136-23-2,"STOT SE 3"
393,H315,136-23-2,"Skin Irrit. 2"
394,H319,136-23-2,"Eye Irrit. 2"
395,H317,136-23-2,"Skin Sens. 1"
396,H400,136-23-2,"Aquatic Acute 1"
397,H410,136-23-2,"Aquatic Chronic 1"
398,H302,14324-55-1,"Acute Tox. 4"
399,H335,14324-55-1,"STOT SE 3"
400,H315,14324-55-1,"Skin Irrit. 2"
401,H319,14324-55-1,"Eye Irrit. 2"
402,H317,14324-55-1,"Skin Sens. 1"
403,H400,14324-55-1,"Aquatic Acute 1"
404,H410,14324-55-1,"Aquatic Chronic 1"
405,H226,34681-10-2,"Flam. Liq. 3"
406,H331,34681-10-2,"Acute Tox. 3"
407,H311,34681-10-2,"Acute Tox. 3"
408,H301,34681-10-2,"Acute Tox. 3"
409,H319,34681-10-2,"Eye Irrit. 2"
410,H400,34681-10-2,"Aquatic Acute 1"
411,H410,34681-10-2,"Aquatic Chronic 1"
412,H330,55285-14-8,"Acute Tox. 2"
413,H301,55285-14-8,"Acute Tox. 3"
414,H317,55285-14-8,"Skin Sens. 1"
415,H400,55285-14-8,"Aquatic Acute 1"
416,H410,55285-14-8,"Aquatic Chronic 1"
417,H302,3766-81-2,"Acute Tox. 4"
418,H400,3766-81-2,"Aquatic Acute 1"
419,H410,3766-81-2,"Aquatic Chronic 1"
420,H351,72490-01-8,"Carc. 2"
421,H400,72490-01-8,"Aquatic Acute 1"
422,H410,72490-01-8,"Aquatic Chronic 1"
423,H330,65907-30-4,"Acute Tox. 2"
424,H301,65907-30-4,"Acute Tox. 3"
425,H373,65907-30-4,"STOT RE 2"
426,H315,65907-30-4,"Skin Irrit. 2"
427,H319,65907-30-4,"Eye Irrit. 2"
428,H317,65907-30-4,"Skin Sens. 1"
429,H400,65907-30-4,"Aquatic Acute 1"
430,H410,65907-30-4,"Aquatic Chronic 1"
431,H361f,82560-54-1,"Repr. 2"
432,H331,82560-54-1,"Acute Tox. 3"
433,H302,82560-54-1,"Acute Tox. 4"
434,H400,82560-54-1,"Aquatic Acute 1"
435,H410,82560-54-1,"Aquatic Chronic 1"
436,H332,88558-41-2,"Acute Tox. 4"
437,H318,88558-41-2,"Eye Dam. 1"
438,H412,88558-41-2,"Aquatic Chronic 3"
439,H332,9016-72-2,"Acute Tox. 4"
440,H373,9016-72-2,"STOT RE 2"
441,H317,9016-72-2,"Skin Sens. 1"
442,H400,9016-72-2,"Aquatic Acute 1"
443,H400,98737-29-2,"Aquatic Acute 1"
444,H410,98737-29-2,"Aquatic Chronic 1"
445,H226,103122-66-3,"Flam. Liq. 3"
446,H350,103122-66-3,"Carc. 1B"
447,H340,103122-66-3,"Muta. 1B"
448,H302,103122-66-3,"Acute Tox. 4"
449,H373,103122-66-3,"STOT RE 2"
450,H317,103122-66-3,"Skin Sens. 1"
451,H411,103122-66-3,"Aquatic Chronic 2"
452,H318,39148-24-8,"Eye Dam. 1"
453,H351,101-21-3,"Carc. 2"
454,H373,101-21-3,"STOT RE 2"
455,H411,101-21-3,"Aquatic Chronic 2"
456,H302,13909-63-2,"Acute Tox. 4"
457,H373,13909-63-2,"STOT RE 2"
458,H412,13909-63-2,"Aquatic Chronic 3"
459,H302,134575-17-0,"Acute Tox. 4"
460,H373,134575-17-0,"STOT RE 2"
461,H318,134575-17-0,"Eye Dam. 1"
462,H317,134575-17-0,"Skin Sens. 1"
463,H411,232938-43-1,"Aquatic Chronic 2"
464,H221,7664-41-7,"Flam. Gas 2"
465,H331,7664-41-7,"Press. Gas"
466,H314,7664-41-7,"Acute Tox. 3"
467,H400,7664-41-7,"Skin Corr. 1B"
468,H314,1336-21-6,"Skin Corr. 1B"
469,H400,1336-21-6,"Aquatic Acute 1"
470,H270,10102-44-0,"Ox. Gas 1"
471,H330,10102-44-0,"Press. Gas"
472,H314,10102-44-0,"Acute Tox. 2"
473,H270,10544-72-6,"Ox. Gas 1"
474,H330,10544-72-6,"Press. Gas"
475,H314,10544-72-6,"Acute Tox. 2"
476,H312,999-81-5,"Acute Tox. 4"
477,H302,999-81-5,"Acute Tox. 4"
478,H272,7697-37-2,"Ox. Liq. 2"
479,H314,7697-37-2,"Skin Corr. 1A"
480,H220,109-95-5,"Flam. Gas 1"
481,H332,109-95-5,"Press. Gas"
482,H312,109-95-5,"Acute Tox. 4"
483,H302,109-95-5,"Acute Tox. 4"
484,H200,625-58-1,"Unst. Expl."
485,H226,302-01-2,"Flam. Liq. 3"
486,H350,302-01-2,"Carc. 1B"
487,H331,302-01-2,"Acute Tox. 3"
488,H311,302-01-2,"Acute Tox. 3"
489,H301,302-01-2,"Acute Tox. 3"
490,H314,302-01-2,"Skin Corr. 1B"
491,H317,302-01-2,"Skin Sens. 1"
492,H400,302-01-2,"Aquatic Acute 1"
493,H410,302-01-2,"Aquatic Chronic 1"
494,H332,3129-91-7,"Acute Tox. 4"
495,H302,3129-91-7,"Acute Tox. 4"
496,H272,7632-00-0,"Ox. Sol. 3"
497,H301,7632-00-0,"Acute Tox. 3"
498,H400,7632-00-0,"Aquatic Acute 1"
499,H272,7758-09-0,"Ox. Sol. 2"
500,H301,7758-09-0,"Acute Tox. 3"
501,H400,7758-09-0,"Aquatic Acute 1"
502,H225,57-14-7,"Flam. Liq. 2"
503,H350,57-14-7,"Carc. 1B"
504,H331,57-14-7,"Acute Tox. 3"
505,H301,57-14-7,"Acute Tox. 3"
506,H314,57-14-7,"Skin Corr. 1B"
507,H411,57-14-7,"Aquatic Chronic 2"
508,H350,540-73-8,"Carc. 1B"
509,H331,540-73-8,"Acute Tox. 3"
510,H311,540-73-8,"Acute Tox. 3"
511,H301,540-73-8,"Acute Tox. 3"
512,H411,540-73-8,"Aquatic Chronic 2"
513,H225,624-86-2,"Flam. Liq. 2"
514,H331,624-86-2,"Acute Tox. 3"
515,H311,624-86-2,"Acute Tox. 3"
516,H301,624-86-2,"Acute Tox. 3"
517,H372,624-86-2,"STOT RE 1"
518,H319,624-86-2,"Eye Irrit. 2"
519,H317,624-86-2,"Skin Sens. 1"
520,H400,624-86-2,"Aquatic Acute 1"
521,H225,544-16-1,"Flam. Liq. 2"
522,H331,544-16-1,"Acute Tox. 3"
523,H301,544-16-1,"Acute Tox. 3"
524,H225,542-56-3,"Flam. Liq. 2"
525,H350,542-56-3,"Carc. 1B"
526,H341,542-56-3,"Muta. 2"
527,H332,542-56-3,"Acute Tox. 4"
528,H302,542-56-3,"Acute Tox. 4"
529,H225,924-43-6,"Flam. Liq. 2"
530,H332,924-43-6,"Acute Tox. 4"
531,H302,924-43-6,"Acute Tox. 4"
532,H225,540-80-7,"Flam. Liq. 2"
533,H332,540-80-7,"Acute Tox. 4"
534,H302,540-80-7,"Acute Tox. 4"
535,H225,463-04-7,"Flam. Liq. 2"
536,H332,463-04-7,"Acute Tox. 4"
537,H302,463-04-7,"Acute Tox. 4"
538,H225,110-46-3,"Flam. Liq. 2"
539,H332,110-46-3,"Acute Tox. 4"
540,H302,110-46-3,"Acute Tox. 4"
541,H350,122-66-7,"Carc. 1B"
542,H302,122-66-7,"Acute Tox. 4"
543,H400,122-66-7,"Aquatic Acute 1"
544,H410,122-66-7,"Aquatic Chronic 1"
545,H373,36362-09-1,"STOT RE 2"
546,H315,36362-09-1,"Skin Irrit. 2"
547,H318,36362-09-1,"Eye Dam. 1"
548,H400,36362-09-1,"Aquatic Acute 1"
549,H410,36362-09-1,"Aquatic Chronic 1"
550,H341,81880-96-8,"Muta. 2"
551,H301,81880-96-8,"Acute Tox. 3"
552,H372,81880-96-8,"STOT RE 1"
553,H317,81880-96-8,"Skin Sens. 1"
554,H400,81880-96-8,"Aquatic Acute 1"
555,H410,81880-96-8,"Aquatic Chronic 1"
556,H318,122035-71-6,"Eye Dam. 1"
557,H317,122035-71-6,"Skin Sens. 1"
558,H312,771478-66-1,"Acute Tox. 4"
559,H302,771478-66-1,"Acute Tox. 4"
560,H373,771478-66-1,"STOT RE 2"
561,H314,771478-66-1,"Skin Corr. 1B"
562,H317,771478-66-1,"Skin Sens. 1"
563,H400,771478-66-1,"Aquatic Acute 1"
564,H410,771478-66-1,"Aquatic Chronic 1"
565,H201,13465-08-2,"Expl. 1.1"
566,H351,13465-08-2,"Carc. 2"
567,H311,13465-08-2,"Acute Tox. 3"
568,H302,13465-08-2,"Acute Tox. 4"
569,H373,13465-08-2,"STOT RE 2"
570,H315,13465-08-2,"Skin Irrit. 2"
571,H319,13465-08-2,"Eye Irrit. 2"
572,H317,13465-08-2,"Skin Sens. 1"
573,H400,13465-08-2,"Aquatic Acute 1"
574,H312,95500-19-9,"Acute Tox. 4"
575,H302,95500-19-9,"Acute Tox. 4"
576,H314,95500-19-9,"Skin Corr. 1A"
577,H270,7782-44-7,"Ox. Gas 1"
578,H271,7722-84-1,"Ox. Liq. 1"
579,H332,7722-84-1,"Acute Tox. 4"
580,H302,7722-84-1,"Acute Tox. 4"
581,H314,7722-84-1,"Skin Corr. 1A"
582,H270,7782-41-4,"Ox. Gas 1"
583,H330,7782-41-4,"Press. Gas"
584,H314,7782-41-4,"Acute Tox. 2"
585,H310,7664-39-3,"Acute Tox. 1"
586,H330,7664-39-3,"Acute Tox. 2"
587,H300,7664-39-3,"Acute Tox. 2"
588,H314,7664-39-3,"Skin Corr. 1A"
589,H301,7681-49-4,"Acute Tox. 3"
590,H315,7681-49-4,"Skin Irrit. 2"
591,H319,7681-49-4,"Eye Irrit. 2"
592,H331,7789-23-3,"Acute Tox. 3"
593,H311,7789-23-3,"Acute Tox. 3"
594,H301,7789-23-3,"Acute Tox. 3"
595,H331,12125-01-8,"Acute Tox. 3"
596,H311,12125-01-8,"Acute Tox. 3"
597,H301,12125-01-8,"Acute Tox. 3"
598,H301,1333-83-1,"Acute Tox. 3"
599,H314,1333-83-1,"Skin Corr. 1B"
600,H301,7789-29-9,"Acute Tox. 3"
601,H314,7789-29-9,"Skin Corr. 1B"
602,H301,1341-49-7,"Acute Tox. 3"
603,H314,1341-49-7,"Skin Corr. 1B"
604,H314,16872-11-0,"Skin Corr. 1B"
605,H314,16961-83-4,"Skin Corr. 1B"
606,H331,16893-85-9,"Acute Tox. 3"
607,H311,16893-85-9,"Acute Tox. 3"
608,H301,16893-85-9,"Acute Tox. 3"
609,H331,16871-90-2,"Acute Tox. 3"
610,H311,16871-90-2,"Acute Tox. 3"
611,H301,16871-90-2,"Acute Tox. 3"
612,H331,16919-19-0,"Acute Tox. 3"
613,H311,16919-19-0,"Acute Tox. 3"
614,H301,16919-19-0,"Acute Tox. 3"
615,H360Df,25808-74-6,"Repr. 1A"
616,H332,25808-74-6,"Acute Tox. 4"
617,H302,25808-74-6,"Acute Tox. 4"
618,H373,25808-74-6,"STOT RE 2"
619,H400,25808-74-6,"Aquatic Acute 1"
620,H410,25808-74-6,"Aquatic Chronic 1"
621,H331,2699-79-8,"Press. Gas"
622,H373,2699-79-8,"Acute Tox. 3"
623,H400,2699-79-8,"STOT RE 2"
624,H332,13775-53-6,"Acute Tox. 4"
625,H372,13775-53-6,"STOT RE 1"
626,H411,13775-53-6,"Aquatic Chronic 2"
627,H332,15096-52-3,"Acute Tox. 4"
628,H372,15096-52-3,"STOT RE 1"
629,H411,15096-52-3,"Aquatic Chronic 2"
630,H228,12091-08-6,"Flam. Sol. 1"
631,H260,12091-08-6,"Water-react. 1"
632,H332,12091-08-6,"Acute Tox. 4"
633,H314,12091-08-6,"Skin Corr. 1A"
634,H301,16949-65-8,"Acute Tox. 3"
635,H260,7440-23-5,"Water-react. 1"
636,H314,7440-23-5,"Skin Corr. 1B"
637,H314,1310-73-2,"Skin Corr. 1A"
638,H271,1313-60-6,"Ox. Sol. 1"
639,H314,1313-60-6,"Skin Corr. 1A"
640,H300,26628-22-8,"Acute Tox. 2"
641,H400,26628-22-8,"Aquatic Acute 1"
642,H410,26628-22-8,"Aquatic Chronic 1"
643,H319,497-19-8,"Eye Irrit. 2"
644,H302,917-61-3,"Acute Tox. 4"
645,H412,917-61-3,"Aquatic Chronic 3"
646,H400,181274-15-7,"Aquatic Acute 1"
647,H410,181274-15-7,"Aquatic Chronic 1"
648,H250,7439-95-4,"Pyr. Sol. 1"
649,H260,7439-95-4,"Water-react. 1"
650,H250,7429-90-5,"Pyr. Sol. 1"
651,H261,7429-90-5,"Water-react. 2"
652,H314,7446-70-0,"Skin Corr. 1B"
653,H250,55426-95-4,"Pyr. Liq. 1"
654,H260,55426-95-4,"Water-react. 1"
655,H314,55426-95-4,"Skin Corr. 1A"
656,H250,7585-14-0,"Pyr. Liq. 1"
657,H314,7585-14-0,"Skin Corr. 1B"
658,H400,7585-14-0,"Aquatic Acute 1"
659,H410,7585-14-0,"Aquatic Chronic 1"
660,H411,151841-65-5,"Aquatic Chronic 2"
661,H224,10025-78-2,"Flam. Liq. 1"
662,H250,10025-78-2,"Pyr. Liq. 1"
663,H332,10025-78-2,"Acute Tox. 4"
664,H302,10025-78-2,"Acute Tox. 4"
665,H314,10025-78-2,"Skin Corr. 1A"
666,H335,10026-04-7,"STOT SE 3"
667,H315,10026-04-7,"Skin Irrit. 2"
668,H319,10026-04-7,"Eye Irrit. 2"
669,H225,75-78-5,"Flam. Liq. 2"
670,H335,75-78-5,"STOT SE 3"
671,H315,75-78-5,"Skin Irrit. 2"
672,H319,75-78-5,"Eye Irrit. 2"
673,H225,75-79-6,"Flam. Liq. 2"
674,H335,75-79-6,"STOT SE 3"
675,H315,75-79-6,"Skin Irrit. 2"
676,H319,75-79-6,"Eye Irrit. 2"
677,H226,78-10-4,"Flam. Liq. 3"
678,H332,78-10-4,"Acute Tox. 4"
679,H335,78-10-4,"STOT SE 3"
680,H319,78-10-4,"Eye Irrit. 2"
681,H315,17980-47-1,"Skin Irrit. 2"
682,H411,85491-26-5,"Aquatic Chronic 2"
683,H226,111439-76-0,"Flam. Liq. 3"
684,H332,111439-76-0,"Acute Tox. 4"
685,H315,111439-76-0,"Skin Irrit. 2"
686,H335,6834-92-0,"STOT SE 3"
687,H314,6834-92-0,"Skin Corr. 1B"
688,H315,17865-32-6,"Skin Irrit. 2"
689,H411,17865-32-6,"Aquatic Chronic 2"
690,H360D,37894-46-5,"Repr. 1B"
691,H302,37894-46-5,"Acute Tox. 4"
692,H373,37894-46-5,"STOT RE 2"
693,H351,85509-19-9,"Carc. 2"
694,H360D,85509-19-9,"Repr. 1B"
695,H302,85509-19-9,"Acute Tox. 4"
696,H411,85509-19-9,"Aquatic Chronic 2"
697,H361f,556-67-2,"Repr. 2"
698,H413,556-67-2,"Aquatic Chronic 4"
699,H332,53863-99-3,"Acute Tox. 4"
700,H400,52301-18-5,"Aquatic Acute 1"
701,H410,52301-18-5,"Aquatic Chronic 1"
702,H411,125613-45-8,"Aquatic Chronic 2"
703,H411,121626-74-2,"Aquatic Chronic 2"
704,H302,102089-33-8,"Acute Tox. 4"
705,H373,102089-33-8,"STOT RE 2"
706,H315,102089-33-8,"Skin Irrit. 2"
707,H318,102089-33-8,"Eye Dam. 1"
708,H412,102089-33-8,"Aquatic Chronic 3"
709,H314,770722-36-6,"Skin Corr. 1A"
710,H314,770722-46-8,"Skin Corr. 1A"
711,H317,193159-06-7,"Skin Sens. 1"
712,H361f,156145-66-3,"Repr. 2"
713,H302,156145-66-3,"Acute Tox. 4"
714,H373,156145-66-3,"STOT RE 2"
715,H300,137390-08-0,"Acute Tox. 2"
716,H226,18230-61-0,"Flam. Liq. 3"
717,H315,18230-61-0,"Skin Irrit. 2"
718,H317,18230-61-0,"Skin Sens. 1"
719,H412,18230-61-0,"Aquatic Chronic 3"
720,H315,126990-35-0,"Skin Irrit. 2"
721,H318,126990-35-0,"Eye Dam. 1"
722,H400,126990-35-0,"Aquatic Acute 1"
723,H410,126990-35-0,"Aquatic Chronic 1"
724,H225,125804-20-8,"Flam. Liq. 2"
725,H336,125804-20-8,"STOT SE 3"
726,H319,125804-20-8,"Eye Irrit. 2"
727,H332,1873-90-1,"Acute Tox. 4"
728,H413,1873-90-1,"Aquatic Chronic 4"
729,H317,10217-34-2,"Skin Sens. 1"
730,H412,10217-34-2,"Aquatic Chronic 3"
731,H360F,105024-66-6,"Repr. 1B"
732,H400,105024-66-6,"Aquatic Acute 1"
733,H410,105024-66-6,"Aquatic Chronic 1"
734,H373,34036-80-1,"STOT RE 2"
735,H317,34036-80-1,"Skin Sens. 1"
736,H412,34036-80-1,"Aquatic Chronic 3"
737,H317,220727-26-4,"Skin Sens. 1"
738,H315,142877-45-0,"Skin Irrit. 2"
739,H318,142877-45-0,"Eye Dam. 1"
740,H412,142877-45-0,"Aquatic Chronic 3"
741,H302,201290-01-9,"Acute Tox. 4"
742,H317,201290-01-9,"Skin Sens. 1"
743,H250,12185-10-3,"Pyr. Sol. 1"
744,H330,12185-10-3,"Acute Tox. 2"
745,H300,12185-10-3,"Acute Tox. 2"
746,H314,12185-10-3,"Skin Corr. 1A"
747,H400,12185-10-3,"Aquatic Acute 1"
748,H228,7723-14-0,"Flam. Sol. 1"
749,H412,7723-14-0,"Aquatic Chronic 3"
750,H260,1305-99-3,"Water-react. 1"
751,H330,1305-99-3,"Acute Tox. 1"
752,H300,1305-99-3,"Acute Tox. 2"
753,H311,1305-99-3,"Acute Tox. 3"
754,H318,1305-99-3,"Eye Dam. 1"
755,H400,1305-99-3,"Aquatic Acute 1"
756,H260,20859-73-8,"Water-react. 1"
757,H330,20859-73-8,"Acute Tox. 1"
758,H300,20859-73-8,"Acute Tox. 2"
759,H311,20859-73-8,"Acute Tox. 3"
760,H400,20859-73-8,"Aquatic Acute 1"
761,H260,12057-74-8,"Water-react. 1"
762,H330,12057-74-8,"Acute Tox. 1"
763,H300,12057-74-8,"Acute Tox. 2"
764,H311,12057-74-8,"Acute Tox. 3"
765,H400,12057-74-8,"Aquatic Acute 1"
766,H260,1314-84-7,"Water-react. 1"
767,H300,1314-84-7,"Acute Tox. 2"
768,H400,1314-84-7,"Aquatic Acute 1"
769,H410,1314-84-7,"Aquatic Chronic 1"
770,H330,7719-12-2,"Acute Tox. 2"
771,H300,7719-12-2,"Acute Tox. 2"
772,H373,7719-12-2,"STOT RE 2"
773,H314,7719-12-2,"Skin Corr. 1A"
774,H330,10026-13-8,"Acute Tox. 2"
775,H302,10026-13-8,"Acute Tox. 4"
776,H373,10026-13-8,"STOT RE 2"
777,H314,10026-13-8,"Skin Corr. 1B"
778,H330,10025-87-3,"Acute Tox. 2"
779,H302,10025-87-3,"Acute Tox. 4"
780,H372,10025-87-3,"STOT RE 1"
781,H314,10025-87-3,"Skin Corr. 1A"
782,H314,1314-56-3,"Skin Corr. 1A"
783,H314,7664-38-2,"Skin Corr. 1B"
784,H228,1314-85-8,"Flam. Sol. 2"
785,H260,1314-85-8,"Water-react. 1"
786,H302,1314-85-8,"Acute Tox. 4"
787,H400,1314-85-8,"Aquatic Acute 1"
788,H302,78-40-0,"Acute Tox. 4"
789,H351,126-73-8,"Carc. 2"
790,H302,126-73-8,"Acute Tox. 4"
791,H315,126-73-8,"Skin Irrit. 2"
792,H370,78-30-8,"STOT SE 1"
793,H411,78-30-8,"Aquatic Chronic 2"
794,H312,78-32-0,"Acute Tox. 4"
795,H302,78-32-0,"Acute Tox. 4"
796,H411,78-32-0,"Aquatic Chronic 2"
797,H330,62-73-7,"Acute Tox. 2"
798,H311,62-73-7,"Acute Tox. 3"
799,H301,62-73-7,"Acute Tox. 3"
800,H317,62-73-7,"Skin Sens. 1"
801,H400,62-73-7,"Aquatic Acute 1"
802,H310,7786-34-7,"Acute Tox. 1"
803,H300,7786-34-7,"Acute Tox. 2"
804,H400,7786-34-7,"Aquatic Acute 1"
805,H410,7786-34-7,"Aquatic Chronic 1"
806,H302,52-68-6,"Acute Tox. 4"
807,H317,52-68-6,"Skin Sens. 1"
808,H400,52-68-6,"Aquatic Acute 1"
809,H410,52-68-6,"Aquatic Chronic 1"
810,H341,13171-21-6,"Muta. 2"
811,H300,13171-21-6,"Acute Tox. 2"
812,H311,13171-21-6,"Acute Tox. 3"
813,H400,13171-21-6,"Aquatic Acute 1"
814,H410,13171-21-6,"Aquatic Chronic 1"
815,H310,108-34-9,"Acute Tox. 1"
816,H330,108-34-9,"Acute Tox. 2"
817,H300,108-34-9,"Acute Tox. 2"
818,H310,1031-47-6,"Acute Tox. 1"
819,H300,1031-47-6,"Acute Tox. 2"
820,H310,107-49-3,"Acute Tox. 1"
821,H300,107-49-3,"Acute Tox. 2"
822,H400,107-49-3,"Aquatic Acute 1"
823,H310,152-16-9,"Acute Tox. 1"
824,H300,152-16-9,"Acute Tox. 2"
825,H310,3689-24-5,"Acute Tox. 1"
826,H300,3689-24-5,"Acute Tox. 2"
827,H400,3689-24-5,"Aquatic Acute 1"
828,H410,3689-24-5,"Aquatic Chronic 1"
829,H310,298-03-3,"Acute Tox. 1"
830,H300,298-03-3,"Acute Tox. 2"
831,H400,298-03-3,"Aquatic Acute 1"
832,H310,126-75-0,"Acute Tox. 1"
833,H300,126-75-0,"Acute Tox. 2"
834,H301,867-27-6,"Acute Tox. 3"
835,H311,919-86-8,"Acute Tox. 3"
836,H301,919-86-8,"Acute Tox. 3"
837,H411,919-86-8,"Aquatic Chronic 2"
838,H310,2275-18-5,"Acute Tox. 1"
839,H300,2275-18-5,"Acute Tox. 2"
840,H412,2275-18-5,"Aquatic Chronic 3"
841,H310,298-02-2,"Acute Tox. 1"
842,H300,298-02-2,"Acute Tox. 2"
843,H400,298-02-2,"Aquatic Acute 1"
844,H410,298-02-2,"Aquatic Chronic 1"
845,H330,56-38-2,"Acute Tox. 2"
846,H300,56-38-2,"Acute Tox. 2"
847,H311,56-38-2,"Acute Tox. 3"
848,H372,56-38-2,"STOT RE 1"
849,H400,56-38-2,"Aquatic Acute 1"
850,H410,56-38-2,"Aquatic Chronic 1"
851,H226,298-00-0,"Flam. Liq. 3"
852,H330,298-00-0,"Acute Tox. 2"
853,H300,298-00-0,"Acute Tox. 2"
854,H311,298-00-0,"Acute Tox. 3"
855,H373,298-00-0,"STOT RE 2"
856,H400,298-00-0,"Aquatic Acute 1"
857,H410,298-00-0,"Aquatic Chronic 1"
858,H310,2104-64-5,"Acute Tox. 1"
859,H300,2104-64-5,"Acute Tox. 2"
860,H400,2104-64-5,"Aquatic Acute 1"
861,H410,2104-64-5,"Aquatic Chronic 1"
862,H331,2275-14-1,"Acute Tox. 3"
863,H311,2275-14-1,"Acute Tox. 3"
864,H301,2275-14-1,"Acute Tox. 3"
865,H400,2275-14-1,"Aquatic Acute 1"
866,H410,2275-14-1,"Aquatic Chronic 1"
867,H300,56-72-4,"Acute Tox. 2"
868,H312,56-72-4,"Acute Tox. 4"
869,H400,56-72-4,"Aquatic Acute 1"
870,H410,56-72-4,"Aquatic Chronic 1"
871,H330,86-50-0,"Acute Tox. 2"
872,H300,86-50-0,"Acute Tox. 2"
873,H311,86-50-0,"Acute Tox. 3"
874,H317,86-50-0,"Skin Sens. 1"
875,H400,86-50-0,"Aquatic Acute 1"
876,H410,86-50-0,"Aquatic Chronic 1"
877,H302,333-41-5,"Acute Tox. 4"
878,H400,333-41-5,"Aquatic Acute 1"
879,H410,333-41-5,"Aquatic Chronic 1"
880,H302,121-75-5,"Acute Tox. 4"
881,H317,121-75-5,"Skin Sens. 1"
882,H400,121-75-5,"Aquatic Acute 1"
883,H410,121-75-5,"Aquatic Chronic 1"
884,H332,500-28-7,"Acute Tox. 4"
885,H312,500-28-7,"Acute Tox. 4"
886,H302,500-28-7,"Acute Tox. 4"
887,H400,500-28-7,"Aquatic Acute 1"
888,H410,500-28-7,"Aquatic Chronic 1"
889,H332,5826-76-6,"Acute Tox. 4"
890,H312,5826-76-6,"Acute Tox. 4"
891,H302,5826-76-6,"Acute Tox. 4"
892,H311,786-19-6,"Acute Tox. 3"
893,H301,786-19-6,"Acute Tox. 3"
894,H400,786-19-6,"Aquatic Acute 1"
895,H410,786-19-6,"Aquatic Chronic 1"
896,H311,2595-54-2,"Acute Tox. 3"
897,H301,2595-54-2,"Acute Tox. 3"
898,H400,2595-54-2,"Aquatic Acute 1"
899,H410,2595-54-2,"Aquatic Chronic 1"
900,H311,301-12-2,"Acute Tox. 3"
901,H301,301-12-2,"Acute Tox. 3"
902,H400,301-12-2,"Aquatic Acute 1"
903,H301,563-12-2,"Acute Tox. 3"
904,H312,563-12-2,"Acute Tox. 4"
905,H400,563-12-2,"Aquatic Acute 1"
906,H410,563-12-2,"Aquatic Chronic 1"
907,H341,55-38-9,"Muta. 2"
908,H331,55-38-9,"Acute Tox. 3"
909,H312,55-38-9,"Acute Tox. 4"
910,H302,55-38-9,"Acute Tox. 4"
911,H372,55-38-9,"STOT RE 1"
912,H400,55-38-9,"Aquatic Acute 1"
913,H410,55-38-9,"Aquatic Chronic 1"
914,H311,2778-04-3,"Acute Tox. 3"
915,H301,2778-04-3,"Acute Tox. 3"
916,H301,640-15-3,"Acute Tox. 3"
917,H312,640-15-3,"Acute Tox. 4"
918,H312,60-51-5,"Acute Tox. 4"
919,H302,60-51-5,"Acute Tox. 4"
920,H312,299-84-3,"Acute Tox. 4"
921,H302,299-84-3,"Acute Tox. 4"
922,H400,299-84-3,"Aquatic Acute 1"
923,H410,299-84-3,"Aquatic Chronic 1"
924,H302,78-57-9,"Acute Tox. 4"
925,H412,78-57-9,"Aquatic Chronic 3"
926,H302,122-14-5,"Acute Tox. 4"
927,H400,122-14-5,"Aquatic Acute 1"
928,H410,122-14-5,"Aquatic Chronic 1"
929,H312,300-76-5,"Acute Tox. 4"
930,H302,300-76-5,"Acute Tox. 4"
931,H315,300-76-5,"Skin Irrit. 2"
932,H319,300-76-5,"Eye Irrit. 2"
933,H400,300-76-5,"Aquatic Acute 1"
934,H300,2642-71-9,"Acute Tox. 2"
935,H311,2642-71-9,"Acute Tox. 3"
936,H400,2642-71-9,"Aquatic Acute 1"
937,H410,2642-71-9,"Aquatic Chronic 1"
938,H312,2540-82-1,"Acute Tox. 4"
939,H302,2540-82-1,"Acute Tox. 4"
940,H331,144-41-2,"Acute Tox. 3"
941,H311,144-41-2,"Acute Tox. 3"
942,H301,144-41-2,"Acute Tox. 3"
943,H400,144-41-2,"Aquatic Acute 1"
944,H410,144-41-2,"Aquatic Chronic 1"
945,H301,2275-23-2,"Acute Tox. 3"
946,H312,2275-23-2,"Acute Tox. 4"
947,H400,2275-23-2,"Aquatic Acute 1"
948,H310,298-04-4,"Acute Tox. 1"
949,H300,298-04-4,"Acute Tox. 2"
950,H400,298-04-4,"Aquatic Acute 1"
951,H410,298-04-4,"Aquatic Chronic 1"
952,H310,115-26-4,"Acute Tox. 1"
953,H300,115-26-4,"Acute Tox. 2"
954,H370,371-86-8,"STOT SE 1"
955,H330,78-34-2,"Acute Tox. 2"
956,H300,78-34-2,"Acute Tox. 2"
957,H311,78-34-2,"Acute Tox. 3"
958,H400,78-34-2,"Aquatic Acute 1"
959,H410,78-34-2,"Aquatic Chronic 1"
960,H301,4824-78-6,"Acute Tox. 3"
961,H312,4824-78-6,"Acute Tox. 4"
962,H400,4824-78-6,"Aquatic Acute 1"
963,H410,4824-78-6,"Aquatic Chronic 1"
964,H310,2703-37-9,"Acute Tox. 1"
965,H330,2703-37-9,"Acute Tox. 2"
966,H300,2703-37-9,"Acute Tox. 2"
967,H411,2703-37-9,"Aquatic Chronic 2"
968,H301,1113-02-6,"Acute Tox. 3"
969,H312,1113-02-6,"Acute Tox. 4"
970,H400,1113-02-6,"Aquatic Acute 1"
971,H301,2310-17-0,"Acute Tox. 3"
972,H332,2310-17-0,"Acute Tox. 4"
973,H312,2310-17-0,"Acute Tox. 4"
974,H317,2310-17-0,"Skin Sens. 1"
975,H400,2310-17-0,"Aquatic Acute 1"
976,H410,2310-17-0,"Aquatic Chronic 1"
977,H302,97-17-6,"Acute Tox. 4"
978,H400,97-17-6,"Aquatic Acute 1"
979,H410,97-17-6,"Aquatic Chronic 1"
980,H300,950-37-8,"Acute Tox. 2"
981,H312,950-37-8,"Acute Tox. 4"
982,H400,950-37-8,"Aquatic Acute 1"
983,H410,950-37-8,"Aquatic Chronic 1"
984,H300,3734-95-0,"Acute Tox. 2"
985,H311,3734-95-0,"Acute Tox. 3"
986,H300,470-90-6,"Acute Tox. 2"
987,H311,470-90-6,"Acute Tox. 3"
988,H400,470-90-6,"Aquatic Acute 1"
989,H410,470-90-6,"Aquatic Chronic 1"
990,H341,6923-22-4,"Muta. 2"
991,H330,6923-22-4,"Acute Tox. 2"
992,H300,6923-22-4,"Acute Tox. 2"
993,H311,6923-22-4,"Acute Tox. 3"
994,H400,6923-22-4,"Aquatic Acute 1"
995,H410,6923-22-4,"Aquatic Chronic 1"
996,H300,141-66-2,"Acute Tox. 2"
997,H311,141-66-2,"Acute Tox. 3"
998,H400,141-66-2,"Aquatic Acute 1"
999,H410,141-66-2,"Aquatic Chronic 1"
1000,H312,299-86-5,"Acute Tox. 4"
1001,H302,299-86-5,"Acute Tox. 4"
1002,H400,299-86-5,"Aquatic Acute 1"
1003,H410,299-86-5,"Aquatic Chronic 1"
1004,H331,2635-50-9,"Acute Tox. 3"
1005,H311,2635-50-9,"Acute Tox. 3"
1006,H301,2635-50-9,"Acute Tox. 3"
1007,H310,299-45-6,"Acute Tox. 1"
1008,H330,299-45-6,"Acute Tox. 2"
1009,H300,299-45-6,"Acute Tox. 2"
1010,H400,299-45-6,"Aquatic Acute 1"
1011,H410,299-45-6,"Aquatic Chronic 1"
1012,H331,7076-53-1,"Acute Tox. 3"
1013,H311,7076-53-1,"Acute Tox. 3"
1014,H301,7076-53-1,"Acute Tox. 3"
1015,H301,17040-19-6,"Acute Tox. 3"
1016,H312,17040-19-6,"Acute Tox. 4"
1017,H411,17040-19-6,"Aquatic Chronic 2"
1018,H302,30560-19-1,"Acute Tox. 4"
1019,H302,919-76-6,"Acute Tox. 4"
1020,H312,3244-90-4,"Acute Tox. 4"
1021,H302,3244-90-4,"Acute Tox. 4"
1022,H400,3244-90-4,"Aquatic Acute 1"
1023,H410,3244-90-4,"Aquatic Chronic 1"
1024,H332,5834-96-8,"Acute Tox. 4"
1025,H302,5834-96-8,"Acute Tox. 4"
1026,H302,741-58-2,"Acute Tox. 4"
1027,H400,741-58-2,"Aquatic Acute 1"
1028,H410,741-58-2,"Aquatic Chronic 1"
1029,H301,2921-88-2,"Acute Tox. 3"
1030,H400,2921-88-2,"Aquatic Acute 1"
1031,H410,2921-88-2,"Aquatic Chronic 1"
1032,H301,115-78-6,"Acute Tox. 3"
1033,H312,115-78-6,"Acute Tox. 4"
1034,H315,115-78-6,"Skin Irrit. 2"
1035,H319,115-78-6,"Eye Irrit. 2"
1036,H301,572-48-5,"Acute Tox. 3"
1037,H312,2636-26-2,"Acute Tox. 4"
1038,H302,2636-26-2,"Acute Tox. 4"
1039,H400,2636-26-2,"Aquatic Acute 1"
1040,H410,2636-26-2,"Aquatic Chronic 1"
1041,H300,10311-84-9,"Acute Tox. 2"
1042,H311,10311-84-9,"Acute Tox. 3"
1043,H400,10311-84-9,"Aquatic Acute 1"
1044,H410,10311-84-9,"Aquatic Chronic 1"
1045,H312,116-01-8,"Acute Tox. 4"
1046,H302,116-01-8,"Acute Tox. 4"
1047,H310,115-90-2,"Acute Tox. 1"
1048,H300,115-90-2,"Acute Tox. 2"
1049,H400,115-90-2,"Aquatic Acute 1"
1050,H410,115-90-2,"Aquatic Chronic 1"
1051,H310,944-22-9,"Acute Tox. 1"
1052,H300,944-22-9,"Acute Tox. 2"
1053,H400,944-22-9,"Aquatic Acute 1"
1054,H410,944-22-9,"Aquatic Chronic 1"
1055,H310,4104-14-7,"Acute Tox. 1"
1056,H300,4104-14-7,"Acute Tox. 2"
1057,H400,4104-14-7,"Aquatic Acute 1"
1058,H410,4104-14-7,"Aquatic Chronic 1"
1059,H301,21609-90-5,"Acute Tox. 3"
1060,H312,21609-90-5,"Acute Tox. 4"
1061,H370,21609-90-5,"STOT SE 1"
1062,H400,21609-90-5,"Aquatic Acute 1"
1063,H410,21609-90-5,"Aquatic Chronic 1"
1064,H310,950-10-7,"Acute Tox. 1"
1065,H300,950-10-7,"Acute Tox. 2"
1066,H411,950-10-7,"Aquatic Chronic 2"
1067,H330,10265-92-6,"Acute Tox. 2"
1068,H300,10265-92-6,"Acute Tox. 2"
1069,H311,10265-92-6,"Acute Tox. 3"
1070,H400,10265-92-6,"Aquatic Acute 1"
1071,H300,2497-07-6,"Acute Tox. 2"
1072,H311,2497-07-6,"Acute Tox. 3"
1073,H400,2497-07-6,"Aquatic Acute 1"
1074,H410,2497-07-6,"Aquatic Chronic 1"
1075,H312,2597-03-7,"Acute Tox. 4"
1076,H302,2597-03-7,"Acute Tox. 4"
1077,H400,2597-03-7,"Aquatic Acute 1"
1078,H410,2597-03-7,"Aquatic Chronic 1"
1079,H300,327-98-0,"Acute Tox. 2"
1080,H311,327-98-0,"Acute Tox. 3"
1081,H400,327-98-0,"Aquatic Acute 1"
1082,H410,327-98-0,"Aquatic Chronic 1"
1083,H301,23505-41-1,"Acute Tox. 3"
1084,H312,23505-41-1,"Acute Tox. 4"
1085,H400,23505-41-1,"Aquatic Acute 1"
1086,H410,23505-41-1,"Aquatic Chronic 1"
1087,H361f,14816-18-3,"Repr. 2"
1088,H302,14816-18-3,"Acute Tox. 4"
1089,H317,14816-18-3,"Skin Sens. 1"
1090,H400,14816-18-3,"Aquatic Acute 1"
1091,H410,14816-18-3,"Aquatic Chronic 1"
1092,H361f,732-11-6,"Repr. 2"
1093,H301,732-11-6,"Acute Tox. 3"
1094,H332,732-11-6,"Acute Tox. 4"
1095,H370,732-11-6,"STOT SE 1"
1096,H400,732-11-6,"Aquatic Acute 1"
1097,H410,732-11-6,"Aquatic Chronic 1"
1098,H351,115-96-8,"Carc. 2"
1099,H360F,115-96-8,"Repr. 1B"
1100,H302,115-96-8,"Acute Tox. 4"
1101,H411,115-96-8,"Aquatic Chronic 2"
1102,H335,7789-60-8,"STOT SE 3"
1103,H314,7789-60-8,"Skin Corr. 1B"
1104,H228,1314-80-3,"Flam. Sol. 1"
1105,H260,1314-80-3,"Water-react. 1"
1106,H332,1314-80-3,"Acute Tox. 4"
1107,H302,1314-80-3,"Acute Tox. 4"
1108,H400,1314-80-3,"Aquatic Acute 1"
1109,H315,101-02-0,"Skin Irrit. 2"
1110,H319,101-02-0,"Eye Irrit. 2"
1111,H400,101-02-0,"Aquatic Acute 1"
1112,H410,101-02-0,"Aquatic Chronic 1"
1113,H350,680-31-9,"Carc. 1B"
1114,H340,680-31-9,"Muta. 1B"
1115,H310,13194-48-4,"Acute Tox. 1"
1116,H330,13194-48-4,"Acute Tox. 2"
1117,H301,13194-48-4,"Acute Tox. 3"
1118,H317,13194-48-4,"Skin Sens. 1"
1119,H400,13194-48-4,"Aquatic Acute 1"
1120,H410,13194-48-4,"Aquatic Chronic 1"
1121,H302,2104-96-3,"Acute Tox. 4"
1122,H400,2104-96-3,"Aquatic Acute 1"
1123,H410,2104-96-3,"Aquatic Chronic 1"
1124,H311,7700-17-6,"Acute Tox. 3"
1125,H301,7700-17-6,"Acute Tox. 3"
1126,H400,7700-17-6,"Aquatic Acute 1"
1127,H410,7700-17-6,"Aquatic Chronic 1"
1128,H301,13067-93-1,"Acute Tox. 3"
1129,H312,13067-93-1,"Acute Tox. 4"
1130,H370,13067-93-1,"STOT SE 1"
1131,H319,13067-93-1,"Eye Irrit. 2"
1132,H411,13067-93-1,"Aquatic Chronic 2"
1133,H310,947-02-4,"Acute Tox. 1"
1134,H300,947-02-4,"Acute Tox. 2"
1135,H310,297-97-2,"Acute Tox. 1"
1136,H300,297-97-2,"Acute Tox. 2"
1137,H317,57018-04-9,"Skin Sens. 1"
1138,H400,57018-04-9,"Aquatic Acute 1"
1139,H410,57018-04-9,"Aquatic Chronic 1"
1140,H310,24934-91-6,"Acute Tox. 1"
1141,H300,24934-91-6,"Acute Tox. 2"
1142,H400,24934-91-6,"Aquatic Acute 1"
1143,H410,24934-91-6,"Aquatic Chronic 1"
1144,H300,21923-23-9,"Acute Tox. 2"
1145,H311,21923-23-9,"Acute Tox. 3"
1146,H400,21923-23-9,"Aquatic Acute 1"
1147,H410,21923-23-9,"Aquatic Chronic 1"
1148,H300,682-80-4,"Acute Tox. 2"
1149,H311,682-80-4,"Acute Tox. 3"
1150,H300,2587-90-8,"Acute Tox. 2"
1151,H311,2587-90-8,"Acute Tox. 3"
1152,H310,8065-48-3,"Acute Tox. 1"
1153,H300,8065-48-3,"Acute Tox. 2"
1154,H400,8065-48-3,"Aquatic Acute 1"
1155,H310,3254-63-5,"Acute Tox. 1"
1156,H300,3254-63-5,"Acute Tox. 2"
1157,H315,5131-24-8,"Skin Irrit. 2"
1158,H317,5131-24-8,"Skin Sens. 1"
1159,H331,17109-49-8,"Acute Tox. 3"
1160,H301,17109-49-8,"Acute Tox. 3"
1161,H312,17109-49-8,"Acute Tox. 4"
1162,H317,17109-49-8,"Skin Sens. 1"
1163,H400,17109-49-8,"Aquatic Acute 1"
1164,H410,17109-49-8,"Aquatic Chronic 1"
1165,H302,38260-54-7,"Acute Tox. 4"
1166,H400,38260-54-7,"Aquatic Acute 1"
1167,H410,38260-54-7,"Aquatic Chronic 1"
1168,H330,22224-92-6,"Acute Tox. 2"
1169,H310,22224-92-6,"Acute Tox. 2"
1170,H300,22224-92-6,"Acute Tox. 2"
1171,H319,22224-92-6,"Eye Irrit. 2"
1172,H400,22224-92-6,"Aquatic Acute 1"
1173,H410,22224-92-6,"Aquatic Chronic 1"
1174,H310,21548-32-3,"Acute Tox. 1"
1175,H300,21548-32-3,"Acute Tox. 2"
1176,H318,2439-99-8,"Eye Dam. 1"
1177,H301,23560-59-0,"Acute Tox. 3"
1178,H400,23560-59-0,"Aquatic Acute 1"
1179,H410,23560-59-0,"Aquatic Chronic 1"
1180,H302,26087-47-8,"Acute Tox. 4"
1181,H411,26087-47-8,"Aquatic Chronic 2"
1182,H310,5827-05-4,"Acute Tox. 1"
1183,H301,5827-05-4,"Acute Tox. 3"
1184,H400,5827-05-4,"Aquatic Acute 1"
1185,H410,5827-05-4,"Aquatic Chronic 1"
1186,H311,25311-71-1,"Acute Tox. 3"
1187,H301,25311-71-1,"Acute Tox. 3"
1188,H400,25311-71-1,"Aquatic Acute 1"
1189,H410,25311-71-1,"Aquatic Chronic 1"
1190,H311,36614-38-7,"Acute Tox. 3"
1191,H301,36614-38-7,"Acute Tox. 3"
1192,H311,18854-01-8,"Acute Tox. 3"
1193,H301,18854-01-8,"Acute Tox. 3"
1194,H400,18854-01-8,"Aquatic Acute 1"
1195,H410,18854-01-8,"Aquatic Chronic 1"
1196,H311,953-17-3,"Acute Tox. 3"
1197,H301,953-17-3,"Acute Tox. 3"
1198,H400,953-17-3,"Aquatic Acute 1"
1199,H410,953-17-3,"Aquatic Chronic 1"
1200,H302,24151-93-7,"Acute Tox. 4"
1201,H400,24151-93-7,"Aquatic Acute 1"
1202,H410,24151-93-7,"Aquatic Chronic 1"
1203,H302,29232-93-7,"Acute Tox. 4"
1204,H400,29232-93-7,"Aquatic Acute 1"
1205,H410,29232-93-7,"Aquatic Chronic 1"
1206,H332,41198-08-7,"Acute Tox. 4"
1207,H312,41198-08-7,"Acute Tox. 4"
1208,H302,41198-08-7,"Acute Tox. 4"
1209,H400,41198-08-7,"Aquatic Acute 1"
1210,H410,41198-08-7,"Aquatic Chronic 1"
1211,H301,31218-83-4,"Acute Tox. 3"
1212,H400,31218-83-4,"Aquatic Acute 1"
1213,H410,31218-83-4,"Aquatic Chronic 1"
1214,H332,13457-18-6,"Acute Tox. 4"
1215,H302,13457-18-6,"Acute Tox. 4"
1216,H400,13457-18-6,"Aquatic Acute 1"
1217,H410,13457-18-6,"Aquatic Chronic 1"
1218,H301,13593-03-8,"Acute Tox. 3"
1219,H312,13593-03-8,"Acute Tox. 4"
1220,H400,13593-03-8,"Aquatic Acute 1"
1221,H410,13593-03-8,"Aquatic Chronic 1"
1222,H310,13071-79-9,"Acute Tox. 1"
1223,H300,13071-79-9,"Acute Tox. 2"
1224,H400,13071-79-9,"Aquatic Acute 1"
1225,H410,13071-79-9,"Aquatic Chronic 1"
1226,H331,24017-47-8,"Acute Tox. 3"
1227,H301,24017-47-8,"Acute Tox. 3"
1228,H312,24017-47-8,"Acute Tox. 4"
1229,H400,24017-47-8,"Aquatic Acute 1"
1230,H410,24017-47-8,"Aquatic Chronic 1"
1231,H314,87025-52-3,"Skin Corr. 1B"
1232,H314,51395-42-7,"Skin Corr. 1B"
1233,H317,51395-42-7,"Skin Sens. 1"
1234,H302,86608-70-0,"Acute Tox. 4"
1235,H373,86608-70-0,"STOT RE 2"
1236,H318,86608-70-0,"Eye Dam. 1"
1237,H412,86608-70-0,"Aquatic Chronic 3"
1238,H311,3811-49-2,"Acute Tox. 3"
1239,H301,3811-49-2,"Acute Tox. 3"
1240,H370,3811-49-2,"STOT SE 1"
1241,H411,3811-49-2,"Aquatic Chronic 2"
1242,H330,42509-80-8,"Acute Tox. 2"
1243,H311,42509-80-8,"Acute Tox. 3"
1244,H301,42509-80-8,"Acute Tox. 3"
1245,H373,42509-80-8,"STOT RE 2"
1246,H317,42509-80-8,"Skin Sens. 1"
1247,H400,42509-80-8,"Aquatic Acute 1"
1248,H410,42509-80-8,"Aquatic Chronic 1"
1249,H311,16672-87-0,"Acute Tox. 3"
1250,H332,16672-87-0,"Acute Tox. 4"
1251,H302,16672-87-0,"Acute Tox. 4"
1252,H314,16672-87-0,"Skin Corr. 1C"
1253,H411,16672-87-0,"Aquatic Chronic 2"
1254,H360Fd,77182-82-2,"Repr. 1B"
1255,H332,77182-82-2,"Acute Tox. 4"
1256,H312,77182-82-2,"Acute Tox. 4"
1257,H302,77182-82-2,"Acute Tox. 4"
1258,H373,77182-82-2,"STOT RE 2"
1259,H302,30864-28-9,"Acute Tox. 4"
1260,H317,30864-28-9,"Skin Sens. 1"
1261,H400,30864-28-9,"Aquatic Acute 1"
1262,H410,30864-28-9,"Aquatic Chronic 1"
1263,H302,62610-77-9,"Acute Tox. 4"
1264,H317,62610-77-9,"Skin Sens. 1"
1265,H400,62610-77-9,"Aquatic Acute 1"
1266,H410,62610-77-9,"Aquatic Chronic 1"
1267,H302,13598-36-2,"Acute Tox. 4"
1268,H314,13598-36-2,"Skin Corr. 1A"
1269,H302,10294-56-1,"Acute Tox. 4"
1270,H314,10294-56-1,"Skin Corr. 1A"
1271,H302,23783-26-8,"Acute Tox. 4"
1272,H373,23783-26-8,"STOT RE 2"
1273,H314,23783-26-8,"Skin Corr. 1B"
1274,H317,23783-26-8,"Skin Sens. 1"
1275,H319,58834-75-6,"Eye Irrit. 2"
1276,H317,58834-75-6,"Skin Sens. 1"
1277,H412,58834-75-6,"Aquatic Chronic 3"
1278,H302,65232-89-5,"Acute Tox. 4"
1279,H318,65232-89-5,"Eye Dam. 1"
1280,H317,65232-89-5,"Skin Sens. 1"
1281,H411,65232-89-5,"Aquatic Chronic 2"
1282,H317,145052-34-2,"Skin Sens. 1"
1283,H400,145052-34-2,"Aquatic Acute 1"
1284,H410,145052-34-2,"Aquatic Chronic 1"
1285,H318,14657-64-8,"Eye Dam. 1"
1286,H331,98886-44-3,"Acute Tox. 3"
1287,H301,98886-44-3,"Acute Tox. 3"
1288,H312,98886-44-3,"Acute Tox. 4"
1289,H317,98886-44-3,"Skin Sens. 1"
1290,H400,98886-44-3,"Aquatic Acute 1"
1291,H410,98886-44-3,"Aquatic Chronic 1"
1292,H302,117291-73-3,"Acute Tox. 4"
1293,H400,117291-73-3,"Aquatic Acute 1"
1294,H410,117291-73-3,"Aquatic Chronic 1"
1295,H301,82857-68-9,"Acute Tox. 3"
1296,H318,82857-68-9,"Eye Dam. 1"
1297,H411,82857-68-9,"Aquatic Chronic 2"
1298,H301,35000-38-5,"Acute Tox. 3"
1299,H373,35000-38-5,"STOT RE 2"
1300,H319,35000-38-5,"Eye Irrit. 2"
1301,H317,35000-38-5,"Skin Sens. 1"
1302,H411,35000-38-5,"Aquatic Chronic 2"
1303,H400,116163-96-3,"Aquatic Acute 1"
1304,H410,116163-96-3,"Aquatic Chronic 1"
1305,H373,83623-61-4,"STOT RE 2"
1306,H318,83623-61-4,"Eye Dam. 1"
1307,H317,83623-61-4,"Skin Sens. 1"
1308,H361f,25383-07-7,"Repr. 2"
1309,H411,25383-07-7,"Aquatic Chronic 2"
1310,H351,166242-53-1,"Carc. 2"
1311,H302,166242-53-1,"Acute Tox. 4"
1312,H373,166242-53-1,"STOT RE 2"
1313,H314,166242-53-1,"Skin Corr. 1B"
1314,H317,166242-53-1,"Skin Sens. 1"
1315,H400,166242-53-1,"Aquatic Acute 1"
1316,H410,166242-53-1,"Aquatic Chronic 1"
1317,H318,137590-32-0,"Eye Dam. 1"
1318,H317,137590-32-0,"Skin Sens. 1"
1319,H412,137590-32-0,"Aquatic Chronic 3"
1320,H220,7803-51-2,"Flam. Gas 1"
1321,H330,7803-51-2,"Press. Gas"
1322,H314,7803-51-2,"Acute Tox. 2"
1323,H400,7803-51-2,"Skin Corr. 1B"
1324,H302,10596-22-2,"Acute Tox. 4"
1325,H319,10596-22-2,"Eye Irrit. 2"
1326,H317,10596-22-2,"Skin Sens. 1"
1327,H314,16610-63-2,"Skin Corr. 1B"
1328,H400,16610-63-2,"Aquatic Acute 1"
1329,H410,16610-63-2,"Aquatic Chronic 1"
1330,H317,5598-13-0,"Skin Sens. 1"
1331,H400,5598-13-0,"Aquatic Acute 1"
1332,H410,5598-13-0,"Aquatic Chronic 1"
1333,H317,162881-26-7,"Skin Sens. 1"
1334,H413,162881-26-7,"Aquatic Chronic 4"
1335,H413,154862-43-8,"Aquatic Chronic 4"
1336,H315,27460-02-2,"Skin Irrit. 2"
1337,H412,27460-02-2,"Aquatic Chronic 3"
1338,H317,139189-30-3,"Skin Sens. 1"
1339,H301,332350-93-3,"Acute Tox. 3"
1340,H318,332350-93-3,"Eye Dam. 1"
1341,H400,332350-93-3,"Aquatic Acute 1"
1342,H410,332350-93-3,"Aquatic Chronic 1"
1343,H302,220689-12-3,"Acute Tox. 4"
1344,H412,220689-12-3,"Aquatic Chronic 3"
1345,H226,107667-02-7,"Flam. Liq. 3"
1346,H331,107667-02-7,"Acute Tox. 3"
1347,H302,107667-02-7,"Acute Tox. 4"
1348,H314,107667-02-7,"Skin Corr. 1B"
1349,H411,107667-02-7,"Aquatic Chronic 2"
1350,H351,86552-32-1,"Carc. 2"
1351,H318,86552-32-1,"Eye Dam. 1"
1352,H351,13674-87-8,"Carc. 2"
1353,H350,22398-80-7,"Carc. 1B"
1354,H361f,22398-80-7,"Repr. 2"
1355,H372,22398-80-7,"STOT RE 1"
1356,H360F,25155-23-1,"Repr. 1B"
1357,H317,26523-78-4,"Skin Sens. 1"
1358,H400,26523-78-4,"Aquatic Acute 1"
1359,H410,26523-78-4,"Aquatic Chronic 1"
1360,H361f,75980-60-8,"Repr. 2"
1361,H220,7783-06-4,"Flam. Gas 1"
1362,H330,7783-06-4,"Press. Gas"
1363,H400,7783-06-4,"Acute Tox. 2"
1364,H332,21109-95-5,"Acute Tox. 4"
1365,H302,21109-95-5,"Acute Tox. 4"
1366,H400,21109-95-5,"Aquatic Acute 1"
1367,H335,50864-67-0,"STOT SE 3"
1368,H315,50864-67-0,"Skin Irrit. 2"
1369,H319,50864-67-0,"Eye Irrit. 2"
1370,H400,50864-67-0,"Aquatic Acute 1"
1371,H335,20548-54-3,"STOT SE 3"
1372,H315,20548-54-3,"Skin Irrit. 2"
1373,H319,20548-54-3,"Eye Irrit. 2"
1374,H400,20548-54-3,"Aquatic Acute 1"
1375,H335,1344-81-6,"STOT SE 3"
1376,H315,1344-81-6,"Skin Irrit. 2"
1377,H319,1344-81-6,"Eye Irrit. 2"
1378,H400,1344-81-6,"Aquatic Acute 1"
1379,H314,1312-73-8,"Skin Corr. 1B"
1380,H400,1312-73-8,"Aquatic Acute 1"
1381,H314,37199-66-9,"Skin Corr. 1B"
1382,H400,37199-66-9,"Aquatic Acute 1"
1383,H314,9080-17-5,"Skin Corr. 1B"
1384,H400,9080-17-5,"Aquatic Acute 1"
1385,H311,1313-82-2,"Acute Tox. 3"
1386,H302,1313-82-2,"Acute Tox. 4"
1387,H314,1313-82-2,"Skin Corr. 1B"
1388,H400,1313-82-2,"Aquatic Acute 1"
1389,H301,1344-08-7,"Acute Tox. 3"
1390,H314,1344-08-7,"Skin Corr. 1B"
1391,H400,1344-08-7,"Aquatic Acute 1"
1392,H331,7446-09-5,"Press. Gas"
1393,H314,7446-09-5,"Acute Tox. 3"
1394,H301,10025-67-9,"Acute Tox. 3"
1395,H332,10025-67-9,"Acute Tox. 4"
1396,H314,10025-67-9,"Skin Corr. 1A"
1397,H400,10025-67-9,"Aquatic Acute 1"
1398,H335,10545-99-0,"STOT SE 3"
1399,H314,10545-99-0,"Skin Corr. 1B"
1400,H400,10545-99-0,"Aquatic Acute 1"
1401,H314,13451-08-6,"Skin Corr. 1B"
1402,H400,13451-08-6,"Aquatic Acute 1"
1403,H332,7719-09-7,"Acute Tox. 4"
1404,H302,7719-09-7,"Acute Tox. 4"
1405,H314,7719-09-7,"Skin Corr. 1A"
1406,H335,7791-25-5,"STOT SE 3"
1407,H314,7791-25-5,"Skin Corr. 1B"
1408,H335,7790-94-5,"STOT SE 3"
1409,H314,7790-94-5,"Skin Corr. 1A"
1410,H332,7789-21-1,"Acute Tox. 4"
1411,H314,7789-21-1,"Skin Corr. 1A"
1412,H314,7664-93-9,"Skin Corr. 1A"
1413,H220,74-93-1,"Flam. Gas 1"
1414,H331,74-93-1,"Press. Gas"
1415,H400,74-93-1,"Acute Tox. 3"
1416,H410,74-93-1,"Aquatic Acute 1"
1417,H225,75-08-1,"Flam. Liq. 2"
1418,H332,75-08-1,"Acute Tox. 4"
1419,H400,75-08-1,"Aquatic Acute 1"
1420,H410,75-08-1,"Aquatic Chronic 1"
1421,H350,77-78-1,"Carc. 1B"
1422,H341,77-78-1,"Muta. 2"
1423,H330,77-78-1,"Acute Tox. 2"
1424,H301,77-78-1,"Acute Tox. 3"
1425,H314,77-78-1,"Skin Corr. 1B"
1426,H317,77-78-1,"Skin Sens. 1"
1427,H302,1468-37-7,"Acute Tox. 4"
1428,H400,1468-37-7,"Aquatic Acute 1"
1429,H410,1468-37-7,"Aquatic Chronic 1"
1430,H302,149-26-8,"Acute Tox. 4"
1431,H315,149-26-8,"Skin Irrit. 2"
1432,H318,149-26-8,"Eye Dam. 1"
1433,H315,5329-14-6,"Skin Irrit. 2"
1434,H319,5329-14-6,"Eye Irrit. 2"
1435,H412,5329-14-6,"Aquatic Chronic 3"
1436,H350,64-67-5,"Carc. 1B"
1437,H340,64-67-5,"Muta. 1B"
1438,H332,64-67-5,"Acute Tox. 4"
1439,H312,64-67-5,"Acute Tox. 4"
1440,H302,64-67-5,"Acute Tox. 4"
1441,H314,64-67-5,"Skin Corr. 1B"
1442,H251,7775-14-6,"Self-heat. 1"
1443,H302,7775-14-6,"Acute Tox. 4"
1444,H335,104-15-4,"STOT SE 3"
1445,H315,104-15-4,"Skin Irrit. 2"
1446,H319,104-15-4,"Eye Irrit. 2"
1447,H302,126-33-0,"Acute Tox. 4"
1448,H350,1120-71-4,"Carc. 1B"
1449,H312,1120-71-4,"Acute Tox. 4"
1450,H302,1120-71-4,"Acute Tox. 4"
1451,H350,13360-57-1,"Carc. 1B"
1452,H330,13360-57-1,"Acute Tox. 2"
1453,H312,13360-57-1,"Acute Tox. 4"
1454,H302,13360-57-1,"Acute Tox. 4"
1455,H314,13360-57-1,"Skin Corr. 1B"
1456,H317,81898-60-4,"Skin Sens. 1"
1457,H318,85153-93-1,"Eye Dam. 1"
1458,H412,85153-93-1,"Aquatic Chronic 3"
1459,H317,86393-35-3,"Skin Sens. 1"
1460,H315,85665-97-0,"Skin Irrit. 2"
1461,H319,85665-97-0,"Eye Irrit. 2"
1462,H317,85665-97-0,"Skin Sens. 1"
1463,H317,108624-00-6,"Skin Sens. 1"
1464,H318,7681-38-1,"Eye Dam. 1"
1465,H317,85665-96-9,"Skin Sens. 1"
1466,H317,106359-91-5,"Skin Sens. 1"
1467,H332,102561-46-6,"Acute Tox. 4"
1468,H411,102561-46-6,"Aquatic Chronic 2"
1469,H335,7646-93-7,"STOT SE 3"
1470,H314,7646-93-7,"Skin Corr. 1B"
1471,H315,2633-67-2,"Skin Irrit. 2"
1472,H318,2633-67-2,"Eye Dam. 1"
1473,H317,2633-67-2,"Skin Sens. 1"
1474,H302,17339-60-5,"Acute Tox. 4"
1475,H319,17339-60-5,"Eye Irrit. 2"
1476,H317,17339-60-5,"Skin Sens. 1"
1477,H400,17339-60-5,"Aquatic Acute 1"
1478,H410,17339-60-5,"Aquatic Chronic 1"
1479,H272,7727-54-0,"Ox. Sol. 3"
1480,H302,7727-54-0,"Acute Tox. 4"
1481,H335,7727-54-0,"STOT SE 3"
1482,H315,7727-54-0,"Skin Irrit. 2"
1483,H319,7727-54-0,"Eye Irrit. 2"
1484,H334,7727-54-0,"Resp. Sens. 1"
1485,H317,7727-54-0,"Skin Sens. 1"
1486,H272,7727-21-1,"Ox. Sol. 3"
1487,H302,7727-21-1,"Acute Tox. 4"
1488,H335,7727-21-1,"STOT SE 3"
1489,H315,7727-21-1,"Skin Irrit. 2"
1490,H319,7727-21-1,"Eye Irrit. 2"
1491,H334,7727-21-1,"Resp. Sens. 1"
1492,H317,7727-21-1,"Skin Sens. 1"
1493,H302,17606-31-4,"Acute Tox. 4"
1494,H400,17606-31-4,"Aquatic Acute 1"
1495,H410,17606-31-4,"Aquatic Chronic 1"
1496,H302,7681-57-4,"Acute Tox. 4"
1497,H318,7681-57-4,"Eye Dam. 1"
1498,H302,7631-90-5,"Acute Tox. 4"
1499,H411,84057-97-6,"Aquatic Chronic 2"
1500,H317,155160-86-4,"Skin Sens. 1"
1501,H411,155160-86-4,"Aquatic Chronic 2"
1502,H317,141915-64-2,"Skin Sens. 1"
1503,H411,141915-64-2,"Aquatic Chronic 2"
1504,H317,136248-03-8,"Skin Sens. 1"
1505,H318,112195-27-4,"Eye Dam. 1"
1506,H317,112195-27-4,"Skin Sens. 1"
1507,H411,112195-27-4,"Aquatic Chronic 2"
1508,H317,41481-66-7,"Skin Sens. 1"
1509,H411,41481-66-7,"Aquatic Chronic 2"
1510,H302,131538-00-6,"Acute Tox. 4"
1511,H373,131538-00-6,"STOT RE 2"
1512,H400,131538-00-6,"Aquatic Acute 1"
1513,H410,131538-00-6,"Aquatic Chronic 1"
1514,H314,42413-03-6,"Skin Corr. 1B"
1515,H317,42413-03-6,"Skin Sens. 1"
1516,H412,42413-03-6,"Aquatic Chronic 3"
1517,H317,16695-22-0,"Skin Sens. 1"
1518,H413,16695-22-0,"Aquatic Chronic 4"
1519,H318,31361-99-6,"Eye Dam. 1"
1520,H412,31361-99-6,"Aquatic Chronic 3"
1521,H400,126801-58-9,"Aquatic Acute 1"
1522,H410,126801-58-9,"Aquatic Chronic 1"
1523,H335,135158-54-2,"STOT SE 3"
1524,H315,135158-54-2,"Skin Irrit. 2"
1525,H319,135158-54-2,"Eye Irrit. 2"
1526,H317,135158-54-2,"Skin Sens. 1"
1527,H400,135158-54-2,"Aquatic Acute 1"
1528,H410,135158-54-2,"Aquatic Chronic 1"
1529,H302,94125-34-5,"Acute Tox. 4"
1530,H400,94125-34-5,"Aquatic Acute 1"
1531,H410,94125-34-5,"Aquatic Chronic 1"
1532,H400,104040-78-0,"Aquatic Acute 1"
1533,H410,104040-78-0,"Aquatic Chronic 1"
1534,H318,109125-56-6,"Eye Dam. 1"
1535,H319,104558-95-4,"Eye Irrit. 2"
1536,H317,104558-95-4,"Skin Sens. 1"
1537,H400,104558-95-4,"Aquatic Acute 1"
1538,H410,104558-95-4,"Aquatic Chronic 1"
1539,H302,14653-91-9,"Acute Tox. 4"
1540,H335,14653-91-9,"STOT SE 3"
1541,H318,14653-91-9,"Eye Dam. 1"
1542,H242,140698-96-0,"Self-react. C"
1543,H351,140698-96-0,"Carc. 2"
1544,H315,7704-34-9,"Skin Irrit. 2"
1545,H400,79277-27-3,"Aquatic Acute 1"
1546,H410,79277-27-3,"Aquatic Chronic 1"
1547,H302,32047-53-3,"Acute Tox. 4"
1548,H314,32047-53-3,"Skin Corr. 1B"
1549,H317,32047-53-3,"Skin Sens. 1"
1550,H412,32047-53-3,"Aquatic Chronic 3"
1551,H270,7782-50-5,"Ox. Gas 1"
1552,H331,7782-50-5,"Press. Gas"
1553,H335,7782-50-5,"Acute Tox. 3"
1554,H315,7782-50-5,"STOT SE 3"
1555,H319,7782-50-5,"Skin Irrit. 2"
1556,H400,7782-50-5,"Eye Irrit. 2"
1557,H331,7647-01-0,"Press. Gas"
1558,H314,7647-01-0,"Acute Tox. 3"
1559,H271,13477-00-4,"Ox. Sol. 1"
1560,H332,13477-00-4,"Acute Tox. 4"
1561,H302,13477-00-4,"Acute Tox. 4"
1562,H411,13477-00-4,"Aquatic Chronic 2"
1563,H271,3811-04-9,"Ox. Sol. 1"
1564,H332,3811-04-9,"Acute Tox. 4"
1565,H302,3811-04-9,"Acute Tox. 4"
1566,H411,3811-04-9,"Aquatic Chronic 2"
1567,H271,7775-09-9,"Ox. Sol. 1"
1568,H302,7775-09-9,"Acute Tox. 4"
1569,H411,7775-09-9,"Aquatic Chronic 2"
1570,H271,7601-90-3,"Ox. Liq. 1"
1571,H314,7601-90-3,"Skin Corr. 1A"
1572,H271,13465-95-7,"Ox. Sol. 1"
1573,H332,13465-95-7,"Acute Tox. 4"
1574,H302,13465-95-7,"Acute Tox. 4"
1575,H271,7778-74-7,"Ox. Sol. 1"
1576,H302,7778-74-7,"Acute Tox. 4"
1577,H201,7790-98-9,"Expl. 1.1"
1578,H271,7790-98-9,"Ox. Sol. 1"
1579,H271,7601-89-0,"Ox. Sol. 1"
1580,H302,7601-89-0,"Acute Tox. 4"
1581,H314,7681-52-9,"Skin Corr. 1B"
1582,H318,7681-52-9,"Eye Dam. 1"
1583,H400,7681-52-9,"Aquatic Acute 1"
1584,H410,7681-52-9,"Aquatic Chronic 1"
1585,H272,7778-54-3,"Ox. Sol. 2"
1586,H302,7778-54-3,"Acute Tox. 4"
1587,H314,7778-54-3,"Skin Corr. 1B"
1588,H400,7778-54-3,"Aquatic Acute 1"
1589,H319,10043-52-4,"Eye Irrit. 2"
1590,H302,12125-02-9,"Acute Tox. 4"
1591,H319,12125-02-9,"Eye Irrit. 2"
1592,H302,61807-67-8,"Acute Tox. 4"
1593,H314,61807-67-8,"Skin Corr. 1A"
1594,H317,61807-67-8,"Skin Sens. 1"
1595,H312,1031-15-8,"Acute Tox. 4"
1596,H302,1031-15-8,"Acute Tox. 4"
1597,H315,1031-15-8,"Skin Irrit. 2"
1598,H318,1031-15-8,"Eye Dam. 1"
1599,H411,1031-15-8,"Aquatic Chronic 2"
1600,H314,120086-58-0,"Skin Corr. 1B"
1601,H400,120086-58-0,"Aquatic Acute 1"
1602,H410,120086-58-0,"Aquatic Chronic 1"
1603,H302,54417-53-7,"Acute Tox. 4"
1604,H412,54417-53-7,"Aquatic Chronic 3"
1605,H260,13014-29-4,"Water-react. 1"
1606,H314,13014-29-4,"Skin Corr. 1A"
1607,H318,136920-10-0,"Eye Dam. 1"
1608,H317,136920-10-0,"Skin Sens. 1"
1609,H400,136920-10-0,"Aquatic Acute 1"
1610,H410,136920-10-0,"Aquatic Chronic 1"
1611,H318,197179-61-6,"Eye Dam. 1"
1612,H400,197179-61-6,"Aquatic Acute 1"
1613,H410,197179-61-6,"Aquatic Chronic 1"
1614,H270,10049-04-4,"Ox. Gas 1"
1615,H330,10049-04-4,"Press. Gas"
1616,H314,10049-04-4,"Acute Tox. 2"
1617,H400,10049-04-4,"Skin Corr. 1B"
1618,H260,7440-09-7,"Water-react. 1"
1619,H314,7440-09-7,"Skin Corr. 1B"
1620,H302,1310-58-3,"Acute Tox. 4"
1621,H314,1310-58-3,"Skin Corr. 1A"
1622,H319,24634-61-5,"Eye Irrit. 2"
1623,H261,7440-70-2,"Water-react. 2"
1624,H300,592-01-8,"Acute Tox. 2"
1625,H400,592-01-8,"Aquatic Acute 1"
1626,H410,592-01-8,"Aquatic Chronic 1"
1627,H314,7550-45-0,"Skin Corr. 1B"
1628,H228,125051-32-3,"Flam. Sol. 1"
1629,H361f,125051-32-3,"Repr. 2"
1630,H373,125051-32-3,"STOT RE 2"
1631,H411,125051-32-3,"Aquatic Chronic 2"
1632,H351,12056-51-8,"Carc. 2"
1633,H228,169104-71-6,"Flam. Sol. 1"
1634,H314,169104-71-6,"Skin Corr. 1B"
1635,H317,169104-71-6,"Skin Sens. 1"
1636,H413,169104-71-6,"Aquatic Chronic 4"
1637,H341,1314-62-1,"Muta. 2"
1638,H361d,1314-62-1,"Repr. 2"
1639,H332,1314-62-1,"Acute Tox. 4"
1640,H302,1314-62-1,"Acute Tox. 4"
1641,H335,1314-62-1,"STOT SE 3"
1642,H372,1314-62-1,"STOT RE 1"
1643,H411,1314-62-1,"Aquatic Chronic 2"
1644,H271,1333-82-0,"Ox. Sol. 1"
1645,H350,1333-82-0,"Carc. 1A"
1646,H340,1333-82-0,"Muta. 1B"
1647,H361f,1333-82-0,"Repr. 2"
1648,H330,1333-82-0,"Acute Tox. 2"
1649,H311,1333-82-0,"Acute Tox. 3"
1650,H301,1333-82-0,"Acute Tox. 3"
1651,H372,1333-82-0,"STOT RE 1"
1652,H314,1333-82-0,"Skin Corr. 1A"
1653,H334,1333-82-0,"Resp. Sens. 1"
1654,H317,1333-82-0,"Skin Sens. 1"
1655,H400,1333-82-0,"Aquatic Acute 1"
1656,H410,1333-82-0,"Aquatic Chronic 1"
1657,H272,7778-50-9,"Ox. Sol. 2"
1658,H350,7778-50-9,"Carc. 1B"
1659,H340,7778-50-9,"Muta. 1B"
1660,H360FD,7778-50-9,"Repr. 1B"
1661,H330,7778-50-9,"Acute Tox. 2"
1662,H301,7778-50-9,"Acute Tox. 3"
1663,H312,7778-50-9,"Acute Tox. 4"
1664,H372,7778-50-9,"STOT RE 1"
1665,H314,7778-50-9,"Skin Corr. 1B"
1666,H334,7778-50-9,"Resp. Sens. 1"
1667,H317,7778-50-9,"Skin Sens. 1"
1668,H400,7778-50-9,"Aquatic Acute 1"
1669,H410,7778-50-9,"Aquatic Chronic 1"
1670,H272,7789-09-5,"Ox. Sol. 2"
1671,H350,7789-09-5,"Carc. 1B"
1672,H340,7789-09-5,"Muta. 1B"
1673,H360FD,7789-09-5,"Repr. 1B"
1674,H330,7789-09-5,"Acute Tox. 2"
1675,H301,7789-09-5,"Acute Tox. 3"
1676,H312,7789-09-5,"Acute Tox. 4"
1677,H372,7789-09-5,"STOT RE 1"
1678,H314,7789-09-5,"Skin Corr. 1B"
1679,H334,7789-09-5,"Resp. Sens. 1"
1680,H317,7789-09-5,"Skin Sens. 1"
1681,H400,7789-09-5,"Aquatic Acute 1"
1682,H410,7789-09-5,"Aquatic Chronic 1"
1683,H272,10588-01-9,"Ox. Sol. 2"
1684,H350,10588-01-9,"Carc. 1B"
1685,H340,10588-01-9,"Muta. 1B"
1686,H360FD,10588-01-9,"Repr. 1B"
1687,H330,10588-01-9,"Acute Tox. 2"
1688,H301,10588-01-9,"Acute Tox. 3"
1689,H312,10588-01-9,"Acute Tox. 4"
1690,H372,10588-01-9,"STOT RE 1"
1691,H314,10588-01-9,"Skin Corr. 1B"
1692,H334,10588-01-9,"Resp. Sens. 1"
1693,H317,10588-01-9,"Skin Sens. 1"
1694,H400,10588-01-9,"Aquatic Acute 1"
1695,H410,10588-01-9,"Aquatic Chronic 1"
1696,H271,14977-61-8,"Ox. Liq. 1"
1697,H350i,14977-61-8,"Carc. 1B"
1698,H340,14977-61-8,"Muta. 1B"
1699,H314,14977-61-8,"Skin Corr. 1A"
1700,H317,14977-61-8,"Skin Sens. 1"
1701,H400,14977-61-8,"Aquatic Acute 1"
1702,H410,14977-61-8,"Aquatic Chronic 1"
1703,H350i,7789-00-6,"Carc. 1B"
1704,H340,7789-00-6,"Muta. 1B"
1705,H335,7789-00-6,"STOT SE 3"
1706,H315,7789-00-6,"Skin Irrit. 2"
1707,H319,7789-00-6,"Eye Irrit. 2"
1708,H317,7789-00-6,"Skin Sens. 1"
1709,H400,7789-00-6,"Aquatic Acute 1"
1710,H410,7789-00-6,"Aquatic Chronic 1"
1711,H350,13765-19-0,"Carc. 1B"
1712,H302,13765-19-0,"Acute Tox. 4"
1713,H400,13765-19-0,"Aquatic Acute 1"
1714,H410,13765-19-0,"Aquatic Chronic 1"
1715,H350,7789-06-2,"Carc. 1B"
1716,H302,7789-06-2,"Acute Tox. 4"
1717,H400,7789-06-2,"Aquatic Acute 1"
1718,H410,7789-06-2,"Aquatic Chronic 1"
1719,H271,24613-89-6,"Ox. Sol. 1"
1720,H350,24613-89-6,"Carc. 1B"
1721,H314,24613-89-6,"Skin Corr. 1A"
1722,H317,24613-89-6,"Skin Sens. 1"
1723,H400,24613-89-6,"Aquatic Acute 1"
1724,H410,24613-89-6,"Aquatic Chronic 1"
1725,H242,109125-51-1,"Self-react. C"
1726,H400,109125-51-1,"Aquatic Acute 1"
1727,H410,109125-51-1,"Aquatic Chronic 1"
1728,H318,93952-24-0,"Eye Dam. 1"
1729,H412,93952-24-0,"Aquatic Chronic 3"
1730,H373,88377-66-6,"STOT RE 2"
1731,H413,88377-66-6,"Aquatic Chronic 4"
1732,H350,7775-11-3,"Carc. 1B"
1733,H340,7775-11-3,"Muta. 1B"
1734,H360FD,7775-11-3,"Repr. 1B"
1735,H330,7775-11-3,"Acute Tox. 2"
1736,H301,7775-11-3,"Acute Tox. 3"
1737,H312,7775-11-3,"Acute Tox. 4"
1738,H372,7775-11-3,"STOT RE 1"
1739,H314,7775-11-3,"Skin Corr. 1B"
1740,H334,7775-11-3,"Resp. Sens. 1"
1741,H317,7775-11-3,"Skin Sens. 1"
1742,H400,7775-11-3,"Aquatic Acute 1"
1743,H410,7775-11-3,"Aquatic Chronic 1"
1744,H332,1313-13-9,"Acute Tox. 4"
1745,H302,1313-13-9,"Acute Tox. 4"
1746,H272,7722-64-7,"Ox. Sol. 2"
1747,H361d,7722-64-7,"Repr. 2"
1748,H302,7722-64-7,"Acute Tox. 4"
1749,H400,7722-64-7,"Aquatic Acute 1"
1750,H410,7722-64-7,"Aquatic Chronic 1"
1751,H373,7785-87-7,"STOT RE 2"
1752,H411,7785-87-7,"Aquatic Chronic 2"
1753,H411,116633-53-5,"Aquatic Chronic 2"
1754,H302,100011-37-8,"Acute Tox. 4"
1755,H318,100011-37-8,"Eye Dam. 1"
1756,H412,100011-37-8,"Aquatic Chronic 3"
1757,H302,117549-13-0,"Acute Tox. 4"
1758,H412,117549-13-0,"Aquatic Chronic 3"
1759,H302,7720-78-7,"Acute Tox. 4"
1760,H315,7720-78-7,"Skin Irrit. 2"
1761,H319,7720-78-7,"Eye Irrit. 2"
1762,H302,7782-63-0,"Acute Tox. 4"
1763,H315,7782-63-0,"Skin Irrit. 2"
1764,H319,7782-63-0,"Eye Irrit. 2"
1765,H314,12160-44-0,"Skin Corr. 1B"
1766,H317,12160-44-0,"Skin Sens. 1"
1767,H334,7440-48-4,"Resp. Sens. 1"
1768,H317,7440-48-4,"Skin Sens. 1"
1769,H413,7440-48-4,"Aquatic Chronic 4"
1770,H302,1307-96-6,"Acute Tox. 4"
1771,H317,1307-96-6,"Skin Sens. 1"
1772,H400,1307-96-6,"Aquatic Acute 1"
1773,H410,1307-96-6,"Aquatic Chronic 1"
1774,H317,1317-42-6,"Skin Sens. 1"
1775,H400,1317-42-6,"Aquatic Acute 1"
1776,H410,1317-42-6,"Aquatic Chronic 1"
1777,H350i,7646-79-9,"Carc. 1B"
1778,H341,7646-79-9,"Muta. 2"
1779,H360F,7646-79-9,"Repr. 1B"
1780,H302,7646-79-9,"Acute Tox. 4"
1781,H334,7646-79-9,"Resp. Sens. 1"
1782,H317,7646-79-9,"Skin Sens. 1"
1783,H400,7646-79-9,"Aquatic Acute 1"
1784,H410,7646-79-9,"Aquatic Chronic 1"
1785,H350i,10124-43-3,"Carc. 1B"
1786,H341,10124-43-3,"Muta. 2"
1787,H360F,10124-43-3,"Repr. 1B"
1788,H302,10124-43-3,"Acute Tox. 4"
1789,H334,10124-43-3,"Resp. Sens. 1"
1790,H317,10124-43-3,"Skin Sens. 1"
1791,H400,10124-43-3,"Aquatic Acute 1"
1792,H410,10124-43-3,"Aquatic Chronic 1"
1793,H350i,71-48-7,"Carc. 1B"
1794,H341,71-48-7,"Muta. 2"
1795,H360F,71-48-7,"Repr. 1B"
1796,H334,71-48-7,"Resp. Sens. 1"
1797,H317,71-48-7,"Skin Sens. 1"
1798,H400,71-48-7,"Aquatic Acute 1"
1799,H410,71-48-7,"Aquatic Chronic 1"
1800,H350i,10141-05-6,"Carc. 1B"
1801,H341,10141-05-6,"Muta. 2"
1802,H360F,10141-05-6,"Repr. 1B"
1803,H334,10141-05-6,"Resp. Sens. 1"
1804,H317,10141-05-6,"Skin Sens. 1"
1805,H400,10141-05-6,"Aquatic Acute 1"
1806,H410,10141-05-6,"Aquatic Chronic 1"
1807,H350i,513-79-1,"Carc. 1B"
1808,H341,513-79-1,"Muta. 2"
1809,H360F,513-79-1,"Repr. 1B"
1810,H334,513-79-1,"Resp. Sens. 1"
1811,H317,513-79-1,"Skin Sens. 1"
1812,H400,513-79-1,"Aquatic Acute 1"
1813,H410,513-79-1,"Aquatic Chronic 1"
1814,H225,13463-39-3,"Flam. Liq. 2"
1815,H351,13463-39-3,"Carc. 2"
1816,H360D,13463-39-3,"Repr. 1B"
1817,H330,13463-39-3,"Acute Tox. 2"
1818,H400,13463-39-3,"Aquatic Acute 1"
1819,H410,13463-39-3,"Aquatic Chronic 1"
1820,H351,7440-02-0,"Carc. 2"
1821,H372,7440-02-0,"STOT RE 1"
1822,H317,7440-02-0,"Skin Sens. 1"
1823,H350i,1313-99-1,"Carc. 1A"
1824,H372,1313-99-1,"STOT RE 1"
1825,H317,1313-99-1,"Skin Sens. 1"
1826,H413,1313-99-1,"Aquatic Chronic 4"
1827,H350i,11099-02-8,"Carc. 1A"
1828,H372,11099-02-8,"STOT RE 1"
1829,H317,11099-02-8,"Skin Sens. 1"
1830,H413,11099-02-8,"Aquatic Chronic 4"
1831,H350i,34492-97-2,"Carc. 1A"
1832,H372,34492-97-2,"STOT RE 1"
1833,H317,34492-97-2,"Skin Sens. 1"
1834,H413,34492-97-2,"Aquatic Chronic 4"
1835,H350i,12035-36-8,"Carc. 1A"
1836,H372,12035-36-8,"STOT RE 1"
1837,H317,12035-36-8,"Skin Sens. 1"
1838,H413,12035-36-8,"Aquatic Chronic 4"
1839,H350i,1314-06-3,"Carc. 1A"
1840,H372,1314-06-3,"STOT RE 1"
1841,H317,1314-06-3,"Skin Sens. 1"
1842,H413,1314-06-3,"Aquatic Chronic 4"
1843,H350i,16812-54-7,"Carc. 1A"
1844,H341,16812-54-7,"Muta. 2"
1845,H372,16812-54-7,"STOT RE 1"
1846,H317,16812-54-7,"Skin Sens. 1"
1847,H400,16812-54-7,"Aquatic Acute 1"
1848,H410,16812-54-7,"Aquatic Chronic 1"
1849,H350i,11113-75-0,"Carc. 1A"
1850,H341,11113-75-0,"Muta. 2"
1851,H372,11113-75-0,"STOT RE 1"
1852,H317,11113-75-0,"Skin Sens. 1"
1853,H400,11113-75-0,"Aquatic Acute 1"
1854,H410,11113-75-0,"Aquatic Chronic 1"
1855,H350i,1314-04-1,"Carc. 1A"
1856,H341,1314-04-1,"Muta. 2"
1857,H372,1314-04-1,"STOT RE 1"
1858,H317,1314-04-1,"Skin Sens. 1"
1859,H400,1314-04-1,"Aquatic Acute 1"
1860,H410,1314-04-1,"Aquatic Chronic 1"
1861,H350i,12035-72-2,"Carc. 1A"
1862,H341,12035-72-2,"Muta. 2"
1863,H372,12035-72-2,"STOT RE 1"
1864,H317,12035-72-2,"Skin Sens. 1"
1865,H400,12035-72-2,"Aquatic Acute 1"
1866,H410,12035-72-2,"Aquatic Chronic 1"
1867,H350i,12035-71-1,"Carc. 1A"
1868,H341,12035-71-1,"Muta. 2"
1869,H372,12035-71-1,"STOT RE 1"
1870,H317,12035-71-1,"Skin Sens. 1"
1871,H400,12035-71-1,"Aquatic Acute 1"
1872,H410,12035-71-1,"Aquatic Chronic 1"
1873,H350i,12054-48-7,"Carc. 1A"
1874,H341,12054-48-7,"Muta. 2"
1875,H360D,12054-48-7,"Repr. 1B"
1876,H332,12054-48-7,"Acute Tox. 4"
1877,H302,12054-48-7,"Acute Tox. 4"
1878,H372,12054-48-7,"STOT RE 1"
1879,H315,12054-48-7,"Skin Irrit. 2"
1880,H334,12054-48-7,"Resp. Sens. 1"
1881,H317,12054-48-7,"Skin Sens. 1"
1882,H400,12054-48-7,"Aquatic Acute 1"
1883,H410,12054-48-7,"Aquatic Chronic 1"
1884,H350i,11113-74-9,"Carc. 1A"
1885,H341,11113-74-9,"Muta. 2"
1886,H360D,11113-74-9,"Repr. 1B"
1887,H332,11113-74-9,"Acute Tox. 4"
1888,H302,11113-74-9,"Acute Tox. 4"
1889,H372,11113-74-9,"STOT RE 1"
1890,H315,11113-74-9,"Skin Irrit. 2"
1891,H334,11113-74-9,"Resp. Sens. 1"
1892,H317,11113-74-9,"Skin Sens. 1"
1893,H400,11113-74-9,"Aquatic Acute 1"
1894,H410,11113-74-9,"Aquatic Chronic 1"
1895,H350i,7786-81-4,"Carc. 1A"
1896,H341,7786-81-4,"Muta. 2"
1897,H360D,7786-81-4,"Repr. 1B"
1898,H332,7786-81-4,"Acute Tox. 4"
1899,H302,7786-81-4,"Acute Tox. 4"
1900,H372,7786-81-4,"STOT RE 1"
1901,H315,7786-81-4,"Skin Irrit. 2"
1902,H334,7786-81-4,"Resp. Sens. 1"
1903,H317,7786-81-4,"Skin Sens. 1"
1904,H400,7786-81-4,"Aquatic Acute 1"
1905,H410,7786-81-4,"Aquatic Chronic 1"
1906,H350i,3333-67-3,"Carc. 1A"
1907,H341,3333-67-3,"Muta. 2"
1908,H360D,3333-67-3,"Repr. 1B"
1909,H332,3333-67-3,"Acute Tox. 4"
1910,H302,3333-67-3,"Acute Tox. 4"
1911,H372,3333-67-3,"STOT RE 1"
1912,H315,3333-67-3,"Skin Irrit. 2"
1913,H334,3333-67-3,"Resp. Sens. 1"
1914,H317,3333-67-3,"Skin Sens. 1"
1915,H400,3333-67-3,"Aquatic Acute 1"
1916,H410,3333-67-3,"Aquatic Chronic 1"
1917,H350i,16337-84-1,"Carc. 1A"
1918,H341,16337-84-1,"Muta. 2"
1919,H360D,16337-84-1,"Repr. 1B"
1920,H332,16337-84-1,"Acute Tox. 4"
1921,H302,16337-84-1,"Acute Tox. 4"
1922,H372,16337-84-1,"STOT RE 1"
1923,H315,16337-84-1,"Skin Irrit. 2"
1924,H334,16337-84-1,"Resp. Sens. 1"
1925,H317,16337-84-1,"Skin Sens. 1"
1926,H400,16337-84-1,"Aquatic Acute 1"
1927,H410,16337-84-1,"Aquatic Chronic 1"
1928,H350i,65405-96-1,"Carc. 1A"
1929,H341,65405-96-1,"Muta. 2"
1930,H360D,65405-96-1,"Repr. 1B"
1931,H332,65405-96-1,"Acute Tox. 4"
1932,H302,65405-96-1,"Acute Tox. 4"
1933,H372,65405-96-1,"STOT RE 1"
1934,H315,65405-96-1,"Skin Irrit. 2"
1935,H334,65405-96-1,"Resp. Sens. 1"
1936,H317,65405-96-1,"Skin Sens. 1"
1937,H400,65405-96-1,"Aquatic Acute 1"
1938,H410,65405-96-1,"Aquatic Chronic 1"
1939,H350i,12607-70-4,"Carc. 1A"
1940,H341,12607-70-4,"Muta. 2"
1941,H360D,12607-70-4,"Repr. 1B"
1942,H332,12607-70-4,"Acute Tox. 4"
1943,H302,12607-70-4,"Acute Tox. 4"
1944,H372,12607-70-4,"STOT RE 1"
1945,H315,12607-70-4,"Skin Irrit. 2"
1946,H334,12607-70-4,"Resp. Sens. 1"
1947,H317,12607-70-4,"Skin Sens. 1"
1948,H400,12607-70-4,"Aquatic Acute 1"
1949,H410,12607-70-4,"Aquatic Chronic 1"
1950,H350i,7718-54-9,"Carc. 1A"
1951,H341,7718-54-9,"Muta. 2"
1952,H360D,7718-54-9,"Repr. 1B"
1953,H331,7718-54-9,"Acute Tox. 3"
1954,H301,7718-54-9,"Acute Tox. 3"
1955,H372,7718-54-9,"STOT RE 1"
1956,H315,7718-54-9,"Skin Irrit. 2"
1957,H334,7718-54-9,"Resp. Sens. 1"
1958,H317,7718-54-9,"Skin Sens. 1"
1959,H400,7718-54-9,"Aquatic Acute 1"
1960,H410,7718-54-9,"Aquatic Chronic 1"
1961,H272,13138-45-9,"Ox. Sol. 2"
1962,H350i,13138-45-9,"Carc. 1A"
1963,H341,13138-45-9,"Muta. 2"
1964,H360D,13138-45-9,"Repr. 1B"
1965,H332,13138-45-9,"Acute Tox. 4"
1966,H302,13138-45-9,"Acute Tox. 4"
1967,H372,13138-45-9,"STOT RE 1"
1968,H315,13138-45-9,"Skin Irrit. 2"
1969,H318,13138-45-9,"Eye Dam. 1"
1970,H334,13138-45-9,"Resp. Sens. 1"
1971,H317,13138-45-9,"Skin Sens. 1"
1972,H400,13138-45-9,"Aquatic Acute 1"
1973,H410,13138-45-9,"Aquatic Chronic 1"
1974,H272,14216-75-2,"Ox. Sol. 2"
1975,H350i,14216-75-2,"Carc. 1A"
1976,H341,14216-75-2,"Muta. 2"
1977,H360D,14216-75-2,"Repr. 1B"
1978,H332,14216-75-2,"Acute Tox. 4"
1979,H302,14216-75-2,"Acute Tox. 4"
1980,H372,14216-75-2,"STOT RE 1"
1981,H315,14216-75-2,"Skin Irrit. 2"
1982,H318,14216-75-2,"Eye Dam. 1"
1983,H334,14216-75-2,"Resp. Sens. 1"
1984,H317,14216-75-2,"Skin Sens. 1"
1985,H400,14216-75-2,"Aquatic Acute 1"
1986,H410,14216-75-2,"Aquatic Chronic 1"
1987,H350i,69012-50-6,"Carc. 1A"
1988,H372,69012-50-6,"STOT RE 1"
1989,H317,69012-50-6,"Skin Sens. 1"
1990,H400,69012-50-6,"Aquatic Acute 1"
1991,H410,69012-50-6,"Aquatic Chronic 1"
1992,H350i,92129-57-2,"Carc. 1A"
1993,H341,92129-57-2,"Muta. 2"
1994,H360D,92129-57-2,"Repr. 1B"
1995,H332,92129-57-2,"Acute Tox. 4"
1996,H302,92129-57-2,"Acute Tox. 4"
1997,H372,92129-57-2,"STOT RE 1"
1998,H315,92129-57-2,"Skin Irrit. 2"
1999,H334,92129-57-2,"Resp. Sens. 1"
2000,H317,92129-57-2,"Skin Sens. 1"
2001,H400,92129-57-2,"Aquatic Acute 1"
2002,H410,92129-57-2,"Aquatic Chronic 1"
2003,H350i,94551-87-8,"Carc. 1A"
2004,H341,94551-87-8,"Muta. 2"
2005,H360D,94551-87-8,"Repr. 1A"
2006,H372,94551-87-8,"STOT RE 1"
2007,H334,94551-87-8,"Resp. Sens. 1"
2008,H317,94551-87-8,"Skin Sens. 1"
2009,H400,94551-87-8,"Aquatic Acute 1"
2010,H410,94551-87-8,"Aquatic Chronic 1"
2011,H350i,13637-71-3,"Carc. 1A"
2012,H341,13637-71-3,"Muta. 2"
2013,H360D,13637-71-3,"Repr. 1B"
2014,H372,13637-71-3,"STOT RE 1"
2015,H314,13637-71-3,"Skin Corr. 1B"
2016,H334,13637-71-3,"Resp. Sens. 1"
2017,H317,13637-71-3,"Skin Sens. 1"
2018,H400,13637-71-3,"Aquatic Acute 1"
2019,H410,13637-71-3,"Aquatic Chronic 1"
2020,H350i,13842-46-1,"Carc. 1A"
2021,H341,13842-46-1,"Muta. 2"
2022,H360D,13842-46-1,"Repr. 1B"
2023,H332,13842-46-1,"Acute Tox. 4"
2024,H302,13842-46-1,"Acute Tox. 4"
2025,H372,13842-46-1,"STOT RE 1"
2026,H334,13842-46-1,"Resp. Sens. 1"
2027,H317,13842-46-1,"Skin Sens. 1"
2028,H400,13842-46-1,"Aquatic Acute 1"
2029,H410,13842-46-1,"Aquatic Chronic 1"
2030,H350i,15699-18-0,"Carc. 1A"
2031,H341,15699-18-0,"Muta. 2"
2032,H360D,15699-18-0,"Repr. 1B"
2033,H332,15699-18-0,"Acute Tox. 4"
2034,H302,15699-18-0,"Acute Tox. 4"
2035,H372,15699-18-0,"STOT RE 1"
2036,H334,15699-18-0,"Resp. Sens. 1"
2037,H317,15699-18-0,"Skin Sens. 1"
2038,H400,15699-18-0,"Aquatic Acute 1"
2039,H410,15699-18-0,"Aquatic Chronic 1"
2040,H350i,13770-89-3,"Carc. 1A"
2041,H341,13770-89-3,"Muta. 2"
2042,H360D,13770-89-3,"Repr. 1B"
2043,H372,13770-89-3,"STOT RE 1"
2044,H334,13770-89-3,"Resp. Sens. 1"
2045,H317,13770-89-3,"Skin Sens. 1"
2046,H400,13770-89-3,"Aquatic Acute 1"
2047,H410,13770-89-3,"Aquatic Chronic 1"
2048,H350i,14708-14-6,"Carc. 1A"
2049,H341,14708-14-6,"Muta. 2"
2050,H360D,14708-14-6,"Repr. 1B"
2051,H372,14708-14-6,"STOT RE 1"
2052,H334,14708-14-6,"Resp. Sens. 1"
2053,H317,14708-14-6,"Skin Sens. 1"
2054,H400,14708-14-6,"Aquatic Acute 1"
2055,H410,14708-14-6,"Aquatic Chronic 1"
2056,H350i,3349-06-2,"Carc. 1A"
2057,H341,3349-06-2,"Muta. 2"
2058,H360D,3349-06-2,"Repr. 1B"
2059,H372,3349-06-2,"STOT RE 1"
2060,H334,3349-06-2,"Resp. Sens. 1"
2061,H317,3349-06-2,"Skin Sens. 1"
2062,H400,3349-06-2,"Aquatic Acute 1"
2063,H410,3349-06-2,"Aquatic Chronic 1"
2064,H350i,15843-02-4,"Carc. 1A"
2065,H341,15843-02-4,"Muta. 2"
2066,H360D,15843-02-4,"Repr. 1B"
2067,H372,15843-02-4,"STOT RE 1"
2068,H334,15843-02-4,"Resp. Sens. 1"
2069,H317,15843-02-4,"Skin Sens. 1"
2070,H400,15843-02-4,"Aquatic Acute 1"
2071,H410,15843-02-4,"Aquatic Chronic 1"
2072,H350i,68134-59-8,"Carc. 1A"
2073,H341,68134-59-8,"Muta. 2"
2074,H360D,68134-59-8,"Repr. 1B"
2075,H372,68134-59-8,"STOT RE 1"
2076,H334,68134-59-8,"Resp. Sens. 1"
2077,H317,68134-59-8,"Skin Sens. 1"
2078,H400,68134-59-8,"Aquatic Acute 1"
2079,H410,68134-59-8,"Aquatic Chronic 1"
2080,H350i,373-02-4,"Carc. 1A"
2081,H341,373-02-4,"Muta. 2"
2082,H360D,373-02-4,"Repr. 1B"
2083,H332,373-02-4,"Acute Tox. 4"
2084,H302,373-02-4,"Acute Tox. 4"
2085,H372,373-02-4,"STOT RE 1"
2086,H334,373-02-4,"Resp. Sens. 1"
2087,H317,373-02-4,"Skin Sens. 1"
2088,H400,373-02-4,"Aquatic Acute 1"
2089,H410,373-02-4,"Aquatic Chronic 1"
2090,H350i,14998-37-9,"Carc. 1A"
2091,H341,14998-37-9,"Muta. 2"
2092,H360D,14998-37-9,"Repr. 1B"
2093,H332,14998-37-9,"Acute Tox. 4"
2094,H302,14998-37-9,"Acute Tox. 4"
2095,H372,14998-37-9,"STOT RE 1"
2096,H334,14998-37-9,"Resp. Sens. 1"
2097,H317,14998-37-9,"Skin Sens. 1"
2098,H400,14998-37-9,"Aquatic Acute 1"
2099,H410,14998-37-9,"Aquatic Chronic 1"
2100,H350i,553-71-9,"Carc. 1A"
2101,H341,553-71-9,"Muta. 2"
2102,H360D,553-71-9,"Repr. 1B"
2103,H372,553-71-9,"STOT RE 1"
2104,H334,553-71-9,"Resp. Sens. 1"
2105,H317,553-71-9,"Skin Sens. 1"
2106,H400,553-71-9,"Aquatic Acute 1"
2107,H410,553-71-9,"Aquatic Chronic 1"
2108,H350i,3906-55-6,"Carc. 1A"
2109,H341,3906-55-6,"Muta. 2"
2110,H360D,3906-55-6,"Repr. 1B"
2111,H372,3906-55-6,"STOT RE 1"
2112,H334,3906-55-6,"Resp. Sens. 1"
2113,H317,3906-55-6,"Skin Sens. 1"
2114,H400,3906-55-6,"Aquatic Acute 1"
2115,H410,3906-55-6,"Aquatic Chronic 1"
2116,H350i,2223-95-2,"Carc. 1A"
2117,H341,2223-95-2,"Muta. 2"
2118,H360D,2223-95-2,"Repr. 1B"
2119,H372,2223-95-2,"STOT RE 1"
2120,H334,2223-95-2,"Resp. Sens. 1"
2121,H317,2223-95-2,"Skin Sens. 1"
2122,H400,2223-95-2,"Aquatic Acute 1"
2123,H410,2223-95-2,"Aquatic Chronic 1"
2124,H350i,16039-61-5,"Carc. 1A"
2125,H341,16039-61-5,"Muta. 2"
2126,H360D,16039-61-5,"Repr. 1B"
2127,H372,16039-61-5,"STOT RE 1"
2128,H334,16039-61-5,"Resp. Sens. 1"
2129,H317,16039-61-5,"Skin Sens. 1"
2130,H400,16039-61-5,"Aquatic Acute 1"
2131,H410,16039-61-5,"Aquatic Chronic 1"
2132,H350i,4995-91-9,"Carc. 1A"
2133,H341,4995-91-9,"Muta. 2"
2134,H360D,4995-91-9,"Repr. 1B"
2135,H372,4995-91-9,"STOT RE 1"
2136,H314,4995-91-9,"Skin Corr. 1A"
2137,H334,4995-91-9,"Resp. Sens. 1"
2138,H317,4995-91-9,"Skin Sens. 1"
2139,H400,4995-91-9,"Aquatic Acute 1"
2140,H410,4995-91-9,"Aquatic Chronic 1"
2141,H350i,10028-18-9,"Carc. 1A"
2142,H341,10028-18-9,"Muta. 2"
2143,H360D,10028-18-9,"Repr. 1B"
2144,H372,10028-18-9,"STOT RE 1"
2145,H334,10028-18-9,"Resp. Sens. 1"
2146,H317,10028-18-9,"Skin Sens. 1"
2147,H400,10028-18-9,"Aquatic Acute 1"
2148,H410,10028-18-9,"Aquatic Chronic 1"
2149,H350i,13462-88-9,"Carc. 1A"
2150,H341,13462-88-9,"Muta. 2"
2151,H360D,13462-88-9,"Repr. 1B"
2152,H372,13462-88-9,"STOT RE 1"
2153,H334,13462-88-9,"Resp. Sens. 1"
2154,H317,13462-88-9,"Skin Sens. 1"
2155,H400,13462-88-9,"Aquatic Acute 1"
2156,H410,13462-88-9,"Aquatic Chronic 1"
2157,H350i,13462-90-3,"Carc. 1A"
2158,H341,13462-90-3,"Muta. 2"
2159,H360D,13462-90-3,"Repr. 1B"
2160,H372,13462-90-3,"STOT RE 1"
2161,H334,13462-90-3,"Resp. Sens. 1"
2162,H317,13462-90-3,"Skin Sens. 1"
2163,H400,13462-90-3,"Aquatic Acute 1"
2164,H410,13462-90-3,"Aquatic Chronic 1"
2165,H350i,11132-10-8,"Carc. 1A"
2166,H341,11132-10-8,"Muta. 2"
2167,H360D,11132-10-8,"Repr. 1B"
2168,H372,11132-10-8,"STOT RE 1"
2169,H334,11132-10-8,"Resp. Sens. 1"
2170,H317,11132-10-8,"Skin Sens. 1"
2171,H400,11132-10-8,"Aquatic Acute 1"
2172,H410,11132-10-8,"Aquatic Chronic 1"
2173,H350i,26043-11-8,"Carc. 1A"
2174,H341,26043-11-8,"Muta. 2"
2175,H360D,26043-11-8,"Repr. 1B"
2176,H372,26043-11-8,"STOT RE 1"
2177,H334,26043-11-8,"Resp. Sens. 1"
2178,H317,26043-11-8,"Skin Sens. 1"
2179,H400,26043-11-8,"Aquatic Acute 1"
2180,H410,26043-11-8,"Aquatic Chronic 1"
2181,H350i,15060-62-5,"Carc. 1A"
2182,H341,15060-62-5,"Muta. 2"
2183,H360D,15060-62-5,"Repr. 1B"
2184,H372,15060-62-5,"STOT RE 1"
2185,H334,15060-62-5,"Resp. Sens. 1"
2186,H317,15060-62-5,"Skin Sens. 1"
2187,H400,15060-62-5,"Aquatic Acute 1"
2188,H410,15060-62-5,"Aquatic Chronic 1"
2189,H350i,14332-34-4,"Carc. 1A"
2190,H372,14332-34-4,"STOT RE 1"
2191,H334,14332-34-4,"Resp. Sens. 1"
2192,H317,14332-34-4,"Skin Sens. 1"
2193,H400,14332-34-4,"Aquatic Acute 1"
2194,H410,14332-34-4,"Aquatic Chronic 1"
2195,H350i,18718-11-1,"Carc. 1A"
2196,H372,18718-11-1,"STOT RE 1"
2197,H334,18718-11-1,"Resp. Sens. 1"
2198,H317,18718-11-1,"Skin Sens. 1"
2199,H400,18718-11-1,"Aquatic Acute 1"
2200,H410,18718-11-1,"Aquatic Chronic 1"
2201,H350i,10381-36-9,"Carc. 1A"
2202,H372,10381-36-9,"STOT RE 1"
2203,H334,10381-36-9,"Resp. Sens. 1"
2204,H317,10381-36-9,"Skin Sens. 1"
2205,H400,10381-36-9,"Aquatic Acute 1"
2206,H410,10381-36-9,"Aquatic Chronic 1"
2207,H350i,14448-18-1,"Carc. 1A"
2208,H372,14448-18-1,"STOT RE 1"
2209,H334,14448-18-1,"Resp. Sens. 1"
2210,H317,14448-18-1,"Skin Sens. 1"
2211,H400,14448-18-1,"Aquatic Acute 1"
2212,H410,14448-18-1,"Aquatic Chronic 1"
2213,H350i,14507-36-9,"Carc. 1A"
2214,H372,14507-36-9,"STOT RE 1"
2215,H334,14507-36-9,"Resp. Sens. 1"
2216,H317,14507-36-9,"Skin Sens. 1"
2217,H400,14507-36-9,"Aquatic Acute 1"
2218,H410,14507-36-9,"Aquatic Chronic 1"
2219,H350i,36026-88-7,"Carc. 1A"
2220,H372,36026-88-7,"STOT RE 1"
2221,H334,36026-88-7,"Resp. Sens. 1"
2222,H317,36026-88-7,"Skin Sens. 1"
2223,H400,36026-88-7,"Aquatic Acute 1"
2224,H410,36026-88-7,"Aquatic Chronic 1"
2225,H350i,17169-61-8,"Carc. 1A"
2226,H372,17169-61-8,"STOT RE 1"
2227,H334,17169-61-8,"Resp. Sens. 1"
2228,H317,17169-61-8,"Skin Sens. 1"
2229,H400,17169-61-8,"Aquatic Acute 1"
2230,H410,17169-61-8,"Aquatic Chronic 1"
2231,H350i,19372-20-4,"Carc. 1A"
2232,H372,19372-20-4,"STOT RE 1"
2233,H334,19372-20-4,"Resp. Sens. 1"
2234,H317,19372-20-4,"Skin Sens. 1"
2235,H400,19372-20-4,"Aquatic Acute 1"
2236,H410,19372-20-4,"Aquatic Chronic 1"
2237,H350i,74195-78-1,"Carc. 1A"
2238,H372,74195-78-1,"STOT RE 1"
2239,H334,74195-78-1,"Resp. Sens. 1"
2240,H317,74195-78-1,"Skin Sens. 1"
2241,H400,74195-78-1,"Aquatic Acute 1"
2242,H410,74195-78-1,"Aquatic Chronic 1"
2243,H350i,557-19-7,"Carc. 1A"
2244,H372,557-19-7,"STOT RE 1"
2245,H334,557-19-7,"Resp. Sens. 1"
2246,H317,557-19-7,"Skin Sens. 1"
2247,H400,557-19-7,"Aquatic Acute 1"
2248,H410,557-19-7,"Aquatic Chronic 1"
2249,H350i,14721-18-7,"Carc. 1A"
2250,H372,14721-18-7,"STOT RE 1"
2251,H334,14721-18-7,"Resp. Sens. 1"
2252,H317,14721-18-7,"Skin Sens. 1"
2253,H400,14721-18-7,"Aquatic Acute 1"
2254,H410,14721-18-7,"Aquatic Chronic 1"
2255,H350i,21784-78-1,"Carc. 1A"
2256,H372,21784-78-1,"STOT RE 1"
2257,H317,21784-78-1,"Skin Sens. 1"
2258,H400,21784-78-1,"Aquatic Acute 1"
2259,H410,21784-78-1,"Aquatic Chronic 1"
2260,H350i,13775-54-7,"Carc. 1A"
2261,H372,13775-54-7,"STOT RE 1"
2262,H317,13775-54-7,"Skin Sens. 1"
2263,H400,13775-54-7,"Aquatic Acute 1"
2264,H410,13775-54-7,"Aquatic Chronic 1"
2265,H350i,31748-25-1,"Carc. 1A"
2266,H372,31748-25-1,"STOT RE 1"
2267,H317,31748-25-1,"Skin Sens. 1"
2268,H400,31748-25-1,"Aquatic Acute 1"
2269,H410,31748-25-1,"Aquatic Chronic 1"
2270,H350i,37321-15-6,"Carc. 1A"
2271,H372,37321-15-6,"STOT RE 1"
2272,H317,37321-15-6,"Skin Sens. 1"
2273,H400,37321-15-6,"Aquatic Acute 1"
2274,H410,37321-15-6,"Aquatic Chronic 1"
2275,H350i,12519-85-6,"Carc. 1A"
2276,H372,12519-85-6,"STOT RE 1"
2277,H317,12519-85-6,"Skin Sens. 1"
2278,H400,12519-85-6,"Aquatic Acute 1"
2279,H410,12519-85-6,"Aquatic Chronic 1"
2280,H350i,14874-78-3,"Carc. 1A"
2281,H372,14874-78-3,"STOT RE 1"
2282,H317,14874-78-3,"Skin Sens. 1"
2283,H400,14874-78-3,"Aquatic Acute 1"
2284,H410,14874-78-3,"Aquatic Chronic 1"
2285,H350,13477-70-8,"Carc. 1A"
2286,H372,13477-70-8,"STOT RE 1"
2287,H317,13477-70-8,"Skin Sens. 1"
2288,H400,13477-70-8,"Aquatic Acute 1"
2289,H410,13477-70-8,"Aquatic Chronic 1"
2290,H350i,547-67-1,"Carc. 1A"
2291,H372,547-67-1,"STOT RE 1"
2292,H317,547-67-1,"Skin Sens. 1"
2293,H400,547-67-1,"Aquatic Acute 1"
2294,H410,547-67-1,"Aquatic Chronic 1"
2295,H350i,20543-06-0,"Carc. 1A"
2296,H372,20543-06-0,"STOT RE 1"
2297,H317,20543-06-0,"Skin Sens. 1"
2298,H400,20543-06-0,"Aquatic Acute 1"
2299,H410,20543-06-0,"Aquatic Chronic 1"
2300,H350i,12142-88-0,"Carc. 1A"
2301,H372,12142-88-0,"STOT RE 1"
2302,H317,12142-88-0,"Skin Sens. 1"
2303,H400,12142-88-0,"Aquatic Acute 1"
2304,H410,12142-88-0,"Aquatic Chronic 1"
2305,H350i,12137-12-1,"Carc. 1A"
2306,H372,12137-12-1,"STOT RE 1"
2307,H317,12137-12-1,"Skin Sens. 1"
2308,H400,12137-12-1,"Aquatic Acute 1"
2309,H410,12137-12-1,"Aquatic Chronic 1"
2310,H350i,74646-29-0,"Carc. 1A"
2311,H372,74646-29-0,"STOT RE 1"
2312,H317,74646-29-0,"Skin Sens. 1"
2313,H400,74646-29-0,"Aquatic Acute 1"
2314,H410,74646-29-0,"Aquatic Chronic 1"
2315,H350i,68186-89-0,"Carc. 1A"
2316,H372,68186-89-0,"STOT RE 1"
2317,H317,68186-89-0,"Skin Sens. 1"
2318,H350i,58591-45-0,"Carc. 1A"
2319,H372,58591-45-0,"STOT RE 1"
2320,H317,58591-45-0,"Skin Sens. 1"
2321,H350i,12737-30-3,"Carc. 1A"
2322,H372,12737-30-3,"STOT RE 1"
2323,H317,12737-30-3,"Skin Sens. 1"
2324,H350i,12035-38-0,"Carc. 1A"
2325,H372,12035-38-0,"STOT RE 1"
2326,H317,12035-38-0,"Skin Sens. 1"
2327,H350i,15780-33-3,"Carc. 1A"
2328,H372,15780-33-3,"STOT RE 1"
2329,H317,15780-33-3,"Skin Sens. 1"
2330,H350i,13689-92-4,"Carc. 1A"
2331,H341,13689-92-4,"Muta. 2"
2332,H360D,13689-92-4,"Repr. 1B"
2333,H372,13689-92-4,"STOT RE 1"
2334,H334,13689-92-4,"Resp. Sens. 1"
2335,H317,13689-92-4,"Skin Sens. 1"
2336,H400,13689-92-4,"Aquatic Acute 1"
2337,H410,13689-92-4,"Aquatic Chronic 1"
2338,H350i,15586-38-6,"Carc. 1A"
2339,H341,15586-38-6,"Muta. 2"
2340,H360D,15586-38-6,"Repr. 1B"
2341,H372,15586-38-6,"STOT RE 1"
2342,H334,15586-38-6,"Resp. Sens. 1"
2343,H317,15586-38-6,"Skin Sens. 1"
2344,H400,15586-38-6,"Aquatic Acute 1"
2345,H410,15586-38-6,"Aquatic Chronic 1"
2346,H350i,10101-96-9,"Carc. 1A"
2347,H372,10101-96-9,"STOT RE 1"
2348,H334,10101-96-9,"Resp. Sens. 1"
2349,H317,10101-96-9,"Skin Sens. 1"
2350,H400,10101-96-9,"Aquatic Acute 1"
2351,H410,10101-96-9,"Aquatic Chronic 1"
2352,H350i,1314-05-2,"Carc. 1A"
2353,H372,1314-05-2,"STOT RE 1"
2354,H317,1314-05-2,"Skin Sens. 1"
2355,H400,1314-05-2,"Aquatic Acute 1"
2356,H410,1314-05-2,"Aquatic Chronic 1"
2357,H350i,68130-19-8,"Carc. 1A"
2358,H360Df,68130-19-8,"Repr. 1A"
2359,H372,68130-19-8,"STOT RE 1"
2360,H317,68130-19-8,"Skin Sens. 1"
2361,H400,68130-19-8,"Aquatic Acute 1"
2362,H410,68130-19-8,"Aquatic Chronic 1"
2363,H350i,12068-61-0,"Carc. 1A"
2364,H372,12068-61-0,"STOT RE 1"
2365,H317,12068-61-0,"Skin Sens. 1"
2366,H400,12068-61-0,"Aquatic Acute 1"
2367,H410,12068-61-0,"Aquatic Chronic 1"
2368,H350i,27016-75-7,"Carc. 1A"
2369,H372,27016-75-7,"STOT RE 1"
2370,H317,27016-75-7,"Skin Sens. 1"
2371,H400,27016-75-7,"Aquatic Acute 1"
2372,H410,27016-75-7,"Aquatic Chronic 1"
2373,H350i,68610-24-2,"Carc. 1A"
2374,H372,68610-24-2,"STOT RE 1"
2375,H317,68610-24-2,"Skin Sens. 1"
2376,H350i,67952-43-6,"Carc. 1A"
2377,H341,67952-43-6,"Muta. 2"
2378,H360D,67952-43-6,"Repr. 1B"
2379,H372,67952-43-6,"STOT RE 1"
2380,H334,67952-43-6,"Resp. Sens. 1"
2381,H317,67952-43-6,"Skin Sens. 1"
2382,H400,67952-43-6,"Aquatic Acute 1"
2383,H410,67952-43-6,"Aquatic Chronic 1"
2384,H350i,14550-87-9,"Carc. 1A"
2385,H341,14550-87-9,"Muta. 2"
2386,H360D,14550-87-9,"Repr. 1B"
2387,H372,14550-87-9,"STOT RE 1"
2388,H334,14550-87-9,"Resp. Sens. 1"
2389,H317,14550-87-9,"Skin Sens. 1"
2390,H400,14550-87-9,"Aquatic Acute 1"
2391,H410,14550-87-9,"Aquatic Chronic 1"
2392,H350i,71720-48-4,"Carc. 1A"
2393,H341,71720-48-4,"Muta. 2"
2394,H360D,71720-48-4,"Repr. 1B"
2395,H372,71720-48-4,"STOT RE 1"
2396,H334,71720-48-4,"Resp. Sens. 1"
2397,H317,71720-48-4,"Skin Sens. 1"
2398,H400,71720-48-4,"Aquatic Acute 1"
2399,H410,71720-48-4,"Aquatic Chronic 1"
2400,H350i,16083-14-0,"Carc. 1A"
2401,H341,16083-14-0,"Muta. 2"
2402,H360D,16083-14-0,"Repr. 1B"
2403,H372,16083-14-0,"STOT RE 1"
2404,H334,16083-14-0,"Resp. Sens. 1"
2405,H317,16083-14-0,"Skin Sens. 1"
2406,H400,16083-14-0,"Aquatic Acute 1"
2407,H410,16083-14-0,"Aquatic Chronic 1"
2408,H350i,3349-08-4,"Carc. 1A"
2409,H341,3349-08-4,"Muta. 2"
2410,H360D,3349-08-4,"Repr. 1B"
2411,H372,3349-08-4,"STOT RE 1"
2412,H334,3349-08-4,"Resp. Sens. 1"
2413,H317,3349-08-4,"Skin Sens. 1"
2414,H400,3349-08-4,"Aquatic Acute 1"
2415,H410,3349-08-4,"Aquatic Chronic 1"
2416,H350i,39819-65-3,"Carc. 1A"
2417,H341,39819-65-3,"Muta. 2"
2418,H360D,39819-65-3,"Repr. 1B"
2419,H372,39819-65-3,"STOT RE 1"
2420,H334,39819-65-3,"Resp. Sens. 1"
2421,H317,39819-65-3,"Skin Sens. 1"
2422,H400,39819-65-3,"Aquatic Acute 1"
2423,H410,39819-65-3,"Aquatic Chronic 1"
2424,H350i,18721-51-2,"Carc. 1A"
2425,H341,18721-51-2,"Muta. 2"
2426,H360D,18721-51-2,"Repr. 1B"
2427,H372,18721-51-2,"STOT RE 1"
2428,H334,18721-51-2,"Resp. Sens. 1"
2429,H317,18721-51-2,"Skin Sens. 1"
2430,H400,18721-51-2,"Aquatic Acute 1"
2431,H410,18721-51-2,"Aquatic Chronic 1"
2432,H350i,18283-82-4,"Carc. 1A"
2433,H341,18283-82-4,"Muta. 2"
2434,H360D,18283-82-4,"Repr. 1B"
2435,H372,18283-82-4,"STOT RE 1"
2436,H334,18283-82-4,"Resp. Sens. 1"
2437,H317,18283-82-4,"Skin Sens. 1"
2438,H400,18283-82-4,"Aquatic Acute 1"
2439,H410,18283-82-4,"Aquatic Chronic 1"
2440,H350i,22605-92-1,"Carc. 1A"
2441,H341,22605-92-1,"Muta. 2"
2442,H360D,22605-92-1,"Repr. 1B"
2443,H372,22605-92-1,"STOT RE 1"
2444,H334,22605-92-1,"Resp. Sens. 1"
2445,H317,22605-92-1,"Skin Sens. 1"
2446,H400,22605-92-1,"Aquatic Acute 1"
2447,H410,22605-92-1,"Aquatic Chronic 1"
2448,H350i,4454-16-4,"Carc. 1A"
2449,H341,4454-16-4,"Muta. 2"
2450,H360D,4454-16-4,"Repr. 1B"
2451,H372,4454-16-4,"STOT RE 1"
2452,H334,4454-16-4,"Resp. Sens. 1"
2453,H317,4454-16-4,"Skin Sens. 1"
2454,H400,4454-16-4,"Aquatic Acute 1"
2455,H410,4454-16-4,"Aquatic Chronic 1"
2456,H350i,7580-31-6,"Carc. 1A"
2457,H341,7580-31-6,"Muta. 2"
2458,H360D,7580-31-6,"Repr. 1B"
2459,H372,7580-31-6,"STOT RE 1"
2460,H334,7580-31-6,"Resp. Sens. 1"
2461,H317,7580-31-6,"Skin Sens. 1"
2462,H400,7580-31-6,"Aquatic Acute 1"
2463,H410,7580-31-6,"Aquatic Chronic 1"
2464,H350i,93983-68-7,"Carc. 1A"
2465,H341,93983-68-7,"Muta. 2"
2466,H360D,93983-68-7,"Repr. 1B"
2467,H372,93983-68-7,"STOT RE 1"
2468,H334,93983-68-7,"Resp. Sens. 1"
2469,H317,93983-68-7,"Skin Sens. 1"
2470,H400,93983-68-7,"Aquatic Acute 1"
2471,H410,93983-68-7,"Aquatic Chronic 1"
2472,H350i,29317-63-3,"Carc. 1A"
2473,H341,29317-63-3,"Muta. 2"
2474,H360D,29317-63-3,"Repr. 1B"
2475,H372,29317-63-3,"STOT RE 1"
2476,H334,29317-63-3,"Resp. Sens. 1"
2477,H317,29317-63-3,"Skin Sens. 1"
2478,H400,29317-63-3,"Aquatic Acute 1"
2479,H410,29317-63-3,"Aquatic Chronic 1"
2480,H350i,27637-46-3,"Carc. 1A"
2481,H341,27637-46-3,"Muta. 2"
2482,H360D,27637-46-3,"Repr. 1B"
2483,H372,27637-46-3,"STOT RE 1"
2484,H334,27637-46-3,"Resp. Sens. 1"
2485,H317,27637-46-3,"Skin Sens. 1"
2486,H400,27637-46-3,"Aquatic Acute 1"
2487,H410,27637-46-3,"Aquatic Chronic 1"
2488,H350i,84852-37-9,"Carc. 1A"
2489,H341,84852-37-9,"Muta. 2"
2490,H360D,84852-37-9,"Repr. 1B"
2491,H372,84852-37-9,"STOT RE 1"
2492,H334,84852-37-9,"Resp. Sens. 1"
2493,H317,84852-37-9,"Skin Sens. 1"
2494,H400,84852-37-9,"Aquatic Acute 1"
2495,H410,84852-37-9,"Aquatic Chronic 1"
2496,H350i,93920-10-6,"Carc. 1A"
2497,H341,93920-10-6,"Muta. 2"
2498,H360D,93920-10-6,"Repr. 1B"
2499,H372,93920-10-6,"STOT RE 1"
2500,H334,93920-10-6,"Resp. Sens. 1"
2501,H317,93920-10-6,"Skin Sens. 1"
2502,H400,93920-10-6,"Aquatic Acute 1"
2503,H410,93920-10-6,"Aquatic Chronic 1"
2504,H350i,85508-43-6,"Carc. 1A"
2505,H341,85508-43-6,"Muta. 2"
2506,H360D,85508-43-6,"Repr. 1B"
2507,H372,85508-43-6,"STOT RE 1"
2508,H334,85508-43-6,"Resp. Sens. 1"
2509,H317,85508-43-6,"Skin Sens. 1"
2510,H400,85508-43-6,"Aquatic Acute 1"
2511,H410,85508-43-6,"Aquatic Chronic 1"
2512,H350i,85508-44-7,"Carc. 1A"
2513,H341,85508-44-7,"Muta. 2"
2514,H360D,85508-44-7,"Repr. 1B"
2515,H372,85508-44-7,"STOT RE 1"
2516,H334,85508-44-7,"Resp. Sens. 1"
2517,H317,85508-44-7,"Skin Sens. 1"
2518,H400,85508-44-7,"Aquatic Acute 1"
2519,H410,85508-44-7,"Aquatic Chronic 1"
2520,H350i,51818-56-5,"Carc. 1A"
2521,H341,51818-56-5,"Muta. 2"
2522,H360D,51818-56-5,"Repr. 1B"
2523,H372,51818-56-5,"STOT RE 1"
2524,H334,51818-56-5,"Resp. Sens. 1"
2525,H317,51818-56-5,"Skin Sens. 1"
2526,H400,51818-56-5,"Aquatic Acute 1"
2527,H410,51818-56-5,"Aquatic Chronic 1"
2528,H350i,93920-09-3,"Carc. 1A"
2529,H341,93920-09-3,"Muta. 2"
2530,H360D,93920-09-3,"Repr. 1B"
2531,H372,93920-09-3,"STOT RE 1"
2532,H334,93920-09-3,"Resp. Sens. 1"
2533,H317,93920-09-3,"Skin Sens. 1"
2534,H400,93920-09-3,"Aquatic Acute 1"
2535,H410,93920-09-3,"Aquatic Chronic 1"
2536,H350i,71957-07-8,"Carc. 1A"
2537,H341,71957-07-8,"Muta. 2"
2538,H360D,71957-07-8,"Repr. 1B"
2539,H372,71957-07-8,"STOT RE 1"
2540,H334,71957-07-8,"Resp. Sens. 1"
2541,H317,71957-07-8,"Skin Sens. 1"
2542,H400,71957-07-8,"Aquatic Acute 1"
2543,H410,71957-07-8,"Aquatic Chronic 1"
2544,H350i,52625-25-9,"Carc. 1A"
2545,H341,52625-25-9,"Muta. 2"
2546,H360D,52625-25-9,"Repr. 1B"
2547,H372,52625-25-9,"STOT RE 1"
2548,H334,52625-25-9,"Resp. Sens. 1"
2549,H317,52625-25-9,"Skin Sens. 1"
2550,H400,52625-25-9,"Aquatic Acute 1"
2551,H410,52625-25-9,"Aquatic Chronic 1"
2552,H350i,13654-40-5,"Carc. 1A"
2553,H341,13654-40-5,"Muta. 2"
2554,H360D,13654-40-5,"Repr. 1B"
2555,H372,13654-40-5,"STOT RE 1"
2556,H334,13654-40-5,"Resp. Sens. 1"
2557,H317,13654-40-5,"Skin Sens. 1"
2558,H400,13654-40-5,"Aquatic Acute 1"
2559,H410,13654-40-5,"Aquatic Chronic 1"
2560,H350i,85508-45-8,"Carc. 1A"
2561,H341,85508-45-8,"Muta. 2"
2562,H360D,85508-45-8,"Repr. 1B"
2563,H372,85508-45-8,"STOT RE 1"
2564,H334,85508-45-8,"Resp. Sens. 1"
2565,H317,85508-45-8,"Skin Sens. 1"
2566,H400,85508-45-8,"Aquatic Acute 1"
2567,H410,85508-45-8,"Aquatic Chronic 1"
2568,H350i,85508-46-9,"Carc. 1A"
2569,H341,85508-46-9,"Muta. 2"
2570,H360D,85508-46-9,"Repr. 1B"
2571,H372,85508-46-9,"STOT RE 1"
2572,H334,85508-46-9,"Resp. Sens. 1"
2573,H317,85508-46-9,"Skin Sens. 1"
2574,H400,85508-46-9,"Aquatic Acute 1"
2575,H410,85508-46-9,"Aquatic Chronic 1"
2576,H350i,84852-35-7,"Carc. 1A"
2577,H341,84852-35-7,"Muta. 2"
2578,H360D,84852-35-7,"Repr. 1B"
2579,H372,84852-35-7,"STOT RE 1"
2580,H334,84852-35-7,"Resp. Sens. 1"
2581,H317,84852-35-7,"Skin Sens. 1"
2582,H400,84852-35-7,"Aquatic Acute 1"
2583,H410,84852-35-7,"Aquatic Chronic 1"
2584,H350i,84852-39-1,"Carc. 1A"
2585,H341,84852-39-1,"Muta. 2"
2586,H360D,84852-39-1,"Repr. 1B"
2587,H372,84852-39-1,"STOT RE 1"
2588,H334,84852-39-1,"Resp. Sens. 1"
2589,H317,84852-39-1,"Skin Sens. 1"
2590,H400,84852-39-1,"Aquatic Acute 1"
2591,H410,84852-39-1,"Aquatic Chronic 1"
2592,H350i,85135-77-9,"Carc. 1A"
2593,H341,85135-77-9,"Muta. 2"
2594,H360D,85135-77-9,"Repr. 1B"
2595,H372,85135-77-9,"STOT RE 1"
2596,H334,85135-77-9,"Resp. Sens. 1"
2597,H317,85135-77-9,"Skin Sens. 1"
2598,H400,85135-77-9,"Aquatic Acute 1"
2599,H410,85135-77-9,"Aquatic Chronic 1"
2600,H350i,85166-19-4,"Carc. 1A"
2601,H341,85166-19-4,"Muta. 2"
2602,H360D,85166-19-4,"Repr. 1B"
2603,H372,85166-19-4,"STOT RE 1"
2604,H334,85166-19-4,"Resp. Sens. 1"
2605,H317,85166-19-4,"Skin Sens. 1"
2606,H400,85166-19-4,"Aquatic Acute 1"
2607,H410,85166-19-4,"Aquatic Chronic 1"
2608,H350i,84852-36-8,"Carc. 1A"
2609,H341,84852-36-8,"Muta. 2"
2610,H360D,84852-36-8,"Repr. 1B"
2611,H372,84852-36-8,"STOT RE 1"
2612,H334,84852-36-8,"Resp. Sens. 1"
2613,H317,84852-36-8,"Skin Sens. 1"
2614,H400,84852-36-8,"Aquatic Acute 1"
2615,H410,84852-36-8,"Aquatic Chronic 1"
2616,H350i,85551-28-6,"Carc. 1A"
2617,H341,85551-28-6,"Muta. 2"
2618,H360D,85551-28-6,"Repr. 1B"
2619,H372,85551-28-6,"STOT RE 1"
2620,H334,85551-28-6,"Resp. Sens. 1"
2621,H317,85551-28-6,"Skin Sens. 1"
2622,H400,85551-28-6,"Aquatic Acute 1"
2623,H410,85551-28-6,"Aquatic Chronic 1"
2624,H350i,91697-41-5,"Carc. 1A"
2625,H341,91697-41-5,"Muta. 2"
2626,H360D,91697-41-5,"Repr. 1B"
2627,H372,91697-41-5,"STOT RE 1"
2628,H334,91697-41-5,"Resp. Sens. 1"
2629,H317,91697-41-5,"Skin Sens. 1"
2630,H400,91697-41-5,"Aquatic Acute 1"
2631,H410,91697-41-5,"Aquatic Chronic 1"
2632,H350i,84776-45-4,"Carc. 1A"
2633,H341,84776-45-4,"Muta. 2"
2634,H360D,84776-45-4,"Repr. 1B"
2635,H372,84776-45-4,"STOT RE 1"
2636,H334,84776-45-4,"Resp. Sens. 1"
2637,H317,84776-45-4,"Skin Sens. 1"
2638,H400,84776-45-4,"Aquatic Acute 1"
2639,H410,84776-45-4,"Aquatic Chronic 1"
2640,H350i,72319-19-8,"Carc. 1A"
2641,H341,72319-19-8,"Muta. 2"
2642,H360D,72319-19-8,"Repr. 1B"
2643,H372,72319-19-8,"STOT RE 1"
2644,H334,72319-19-8,"Resp. Sens. 1"
2645,H317,72319-19-8,"Skin Sens. 1"
2646,H400,72319-19-8,"Aquatic Acute 1"
2647,H410,72319-19-8,"Aquatic Chronic 1"
2648,H350i,7757-95-1,"Carc. 1A"
2649,H372,7757-95-1,"STOT RE 1"
2650,H334,7757-95-1,"Resp. Sens. 1"
2651,H317,7757-95-1,"Skin Sens. 1"
2652,H400,7757-95-1,"Aquatic Acute 1"
2653,H410,7757-95-1,"Aquatic Chronic 1"
2654,H350i,15851-52-2,"Carc. 1A"
2655,H372,15851-52-2,"STOT RE 1"
2656,H334,15851-52-2,"Resp. Sens. 1"
2657,H317,15851-52-2,"Skin Sens. 1"
2658,H400,15851-52-2,"Aquatic Acute 1"
2659,H410,15851-52-2,"Aquatic Chronic 1"
2660,H350i,15852-21-8,"Carc. 1A"
2661,H372,15852-21-8,"STOT RE 1"
2662,H334,15852-21-8,"Resp. Sens. 1"
2663,H317,15852-21-8,"Skin Sens. 1"
2664,H400,15852-21-8,"Aquatic Acute 1"
2665,H410,15852-21-8,"Aquatic Chronic 1"
2666,H350i,68130-36-9,"Carc. 1A"
2667,H372,68130-36-9,"STOT RE 1"
2668,H334,68130-36-9,"Resp. Sens. 1"
2669,H317,68130-36-9,"Skin Sens. 1"
2670,H400,68130-36-9,"Aquatic Acute 1"
2671,H410,68130-36-9,"Aquatic Chronic 1"
2672,H350i,12007-00-0,"Carc. 1A"
2673,H372,12007-00-0,"STOT RE 1"
2674,H317,12007-00-0,"Skin Sens. 1"
2675,H400,12007-00-0,"Aquatic Acute 1"
2676,H410,12007-00-0,"Aquatic Chronic 1"
2677,H350i,12007-01-1,"Carc. 1A"
2678,H372,12007-01-1,"STOT RE 1"
2679,H317,12007-01-1,"Skin Sens. 1"
2680,H400,12007-01-1,"Aquatic Acute 1"
2681,H410,12007-01-1,"Aquatic Chronic 1"
2682,H350i,12007-02-2,"Carc. 1A"
2683,H372,12007-02-2,"STOT RE 1"
2684,H317,12007-02-2,"Skin Sens. 1"
2685,H400,12007-02-2,"Aquatic Acute 1"
2686,H410,12007-02-2,"Aquatic Chronic 1"
2687,H350i,12619-90-8,"Carc. 1A"
2688,H372,12619-90-8,"STOT RE 1"
2689,H317,12619-90-8,"Skin Sens. 1"
2690,H400,12619-90-8,"Aquatic Acute 1"
2691,H410,12619-90-8,"Aquatic Chronic 1"
2692,H350i,12059-14-2,"Carc. 1A"
2693,H372,12059-14-2,"STOT RE 1"
2694,H317,12059-14-2,"Skin Sens. 1"
2695,H400,12059-14-2,"Aquatic Acute 1"
2696,H410,12059-14-2,"Aquatic Chronic 1"
2697,H350i,12201-89-7,"Carc. 1A"
2698,H372,12201-89-7,"STOT RE 1"
2699,H317,12201-89-7,"Skin Sens. 1"
2700,H400,12201-89-7,"Aquatic Acute 1"
2701,H410,12201-89-7,"Aquatic Chronic 1"
2702,H350i,12035-64-2,"Carc. 1A"
2703,H372,12035-64-2,"STOT RE 1"
2704,H317,12035-64-2,"Skin Sens. 1"
2705,H400,12035-64-2,"Aquatic Acute 1"
2706,H410,12035-64-2,"Aquatic Chronic 1"
2707,H350i,65229-23-4,"Carc. 1A"
2708,H372,65229-23-4,"STOT RE 1"
2709,H317,65229-23-4,"Skin Sens. 1"
2710,H400,65229-23-4,"Aquatic Acute 1"
2711,H410,65229-23-4,"Aquatic Chronic 1"
2712,H350i,12004-35-2,"Carc. 1A"
2713,H372,12004-35-2,"STOT RE 1"
2714,H317,12004-35-2,"Skin Sens. 1"
2715,H350i,12035-39-1,"Carc. 1A"
2716,H372,12035-39-1,"STOT RE 1"
2717,H317,12035-39-1,"Skin Sens. 1"
2718,H350i,12653-76-8,"Carc. 1A"
2719,H372,12653-76-8,"STOT RE 1"
2720,H317,12653-76-8,"Skin Sens. 1"
2721,H350i,52502-12-2,"Carc. 1A"
2722,H372,52502-12-2,"STOT RE 1"
2723,H317,52502-12-2,"Skin Sens. 1"
2724,H350i,68016-03-5,"Carc. 1A"
2725,H372,68016-03-5,"STOT RE 1"
2726,H317,68016-03-5,"Skin Sens. 1"
2727,H350i,70692-93-2,"Carc. 1A"
2728,H372,70692-93-2,"STOT RE 1"
2729,H317,70692-93-2,"Skin Sens. 1"
2730,H350i,14177-55-0,"Carc. 1A"
2731,H372,14177-55-0,"STOT RE 1"
2732,H317,14177-55-0,"Skin Sens. 1"
2733,H350i,14177-51-6,"Carc. 1A"
2734,H372,14177-51-6,"STOT RE 1"
2735,H317,14177-51-6,"Skin Sens. 1"
2736,H350i,68515-84-4,"Carc. 1A"
2737,H372,68515-84-4,"STOT RE 1"
2738,H317,68515-84-4,"Skin Sens. 1"
2739,H350i,12031-65-1,"Carc. 1A"
2740,H372,12031-65-1,"STOT RE 1"
2741,H317,12031-65-1,"Skin Sens. 1"
2742,H350i,12673-58-4,"Carc. 1A"
2743,H372,12673-58-4,"STOT RE 1"
2744,H317,12673-58-4,"Skin Sens. 1"
2745,H302,7758-89-6,"Acute Tox. 4"
2746,H400,7758-89-6,"Aquatic Acute 1"
2747,H410,7758-89-6,"Aquatic Chronic 1"
2748,H332,1317-39-1,"Acute Tox. 4"
2749,H302,1317-39-1,"Acute Tox. 4"
2750,H318,1317-39-1,"Eye Dam. 1"
2751,H400,1317-39-1,"Aquatic Acute 1"
2752,H410,1317-39-1,"Aquatic Chronic 1"
2753,H226,1338-02-9,"Flam. Liq. 3"
2754,H302,1338-02-9,"Acute Tox. 4"
2755,H400,1338-02-9,"Aquatic Acute 1"
2756,H410,1338-02-9,"Aquatic Chronic 1"
2757,H302,7758-98-7,"Acute Tox. 4"
2758,H315,7758-98-7,"Skin Irrit. 2"
2759,H319,7758-98-7,"Eye Irrit. 2"
2760,H400,7758-98-7,"Aquatic Acute 1"
2761,H410,7758-98-7,"Aquatic Chronic 1"
2762,H317,89797-01-3,"Skin Sens. 1"
2763,H302,54253-62-2,"Acute Tox. 4"
2764,H318,54253-62-2,"Eye Dam. 1"
2765,H400,54253-62-2,"Aquatic Acute 1"
2766,H410,54253-62-2,"Aquatic Chronic 1"
2767,H317,101408-30-4,"Skin Sens. 1"
2768,H314,150522-10-4,"Skin Corr. 1B"
2769,H318,124719-24-0,"Eye Dam. 1"
2770,H318,130201-51-3,"Eye Dam. 1"
2771,H373,171866-24-3,"STOT RE 2"
2772,H411,171866-24-3,"Aquatic Chronic 2"
2773,H400,1111-67-7,"Aquatic Acute 1"
2774,H410,1111-67-7,"Aquatic Chronic 1"
2775,H400,1317-38-0,"Aquatic Acute 1"
2776,H410,1317-38-0,"Aquatic Chronic 1"
2777,H301,1332-65-6,"Acute Tox. 3"
2778,H332,1332-65-6,"Acute Tox. 4"
2779,H400,1332-65-6,"Aquatic Acute 1"
2780,H410,1332-65-6,"Aquatic Chronic 1"
2781,H302,1333-22-8,"Acute Tox. 4"
2782,H400,1333-22-8,"Aquatic Acute 1"
2783,H410,1333-22-8,"Aquatic Chronic 1"
2784,H302,12527-76-3,"Acute Tox. 4"
2785,H400,12527-76-3,"Aquatic Acute 1"
2786,H410,12527-76-3,"Aquatic Chronic 1"
2787,H332,12069-69-1,"Acute Tox. 4"
2788,H302,12069-69-1,"Acute Tox. 4"
2789,H319,12069-69-1,"Eye Irrit. 2"
2790,H400,12069-69-1,"Aquatic Acute 1"
2791,H410,12069-69-1,"Aquatic Chronic 1"
2792,H330,20427-59-2,"Acute Tox. 2"
2793,H302,20427-59-2,"Acute Tox. 4"
2794,H318,20427-59-2,"Eye Dam. 1"
2795,H400,20427-59-2,"Aquatic Acute 1"
2796,H410,20427-59-2,"Aquatic Chronic 1"
2797,H332,8011-63-0,"Acute Tox. 4"
2798,H318,8011-63-0,"Eye Dam. 1"
2799,H400,8011-63-0,"Aquatic Acute 1"
2800,H410,8011-63-0,"Aquatic Chronic 1"
2801,H302,7758-99-8,"Acute Tox. 4"
2802,H318,7758-99-8,"Eye Dam. 1"
2803,H400,7758-99-8,"Aquatic Acute 1"
2804,H410,7758-99-8,"Aquatic Chronic 1"
2805,H250,7440-66-6,"Pyr. Sol. 1"
2806,H260,7440-66-6,"Water-react. 1"
2807,H400,7440-66-6,"Aquatic Acute 1"
2808,H410,7440-66-6,"Aquatic Chronic 1"
2809,H302,7646-85-7,"Acute Tox. 4"
2810,H314,7646-85-7,"Skin Corr. 1B"
2811,H400,7646-85-7,"Aquatic Acute 1"
2812,H410,7646-85-7,"Aquatic Chronic 1"
2813,H250,544-97-8,"Pyr. Liq. 1"
2814,H260,544-97-8,"Water-react. 1"
2815,H314,544-97-8,"Skin Corr. 1B"
2816,H400,544-97-8,"Aquatic Acute 1"
2817,H410,544-97-8,"Aquatic Chronic 1"
2818,H250,557-20-0,"Pyr. Liq. 1"
2819,H260,557-20-0,"Water-react. 1"
2820,H314,557-20-0,"Skin Corr. 1B"
2821,H400,557-20-0,"Aquatic Acute 1"
2822,H410,557-20-0,"Aquatic Chronic 1"
2823,H302,7446-19-7,"Acute Tox. 4"
2824,H318,7446-19-7,"Eye Dam. 1"
2825,H400,7446-19-7,"Aquatic Acute 1"
2826,H410,7446-19-7,"Aquatic Chronic 1"
2827,H302,7733-02-0,"Acute Tox. 4"
2828,H318,7733-02-0,"Eye Dam. 1"
2829,H400,7733-02-0,"Aquatic Acute 1"
2830,H410,7733-02-0,"Aquatic Chronic 1"
2831,H228,42405-40-3,"Flam. Sol. 1"
2832,H302,42405-40-3,"Acute Tox. 4"
2833,H400,42405-40-3,"Aquatic Acute 1"
2834,H410,42405-40-3,"Aquatic Chronic 1"
2835,H332,113036-91-2,"Acute Tox. 4"
2836,H411,113036-91-2,"Aquatic Chronic 2"
2837,H400,7779-90-0,"Aquatic Acute 1"
2838,H410,7779-90-0,"Aquatic Chronic 1"
2839,H413,169314-88-9,"Aquatic Chronic 4"
2840,H400,1314-13-2,"Aquatic Acute 1"
2841,H410,1314-13-2,"Aquatic Chronic 1"
2842,H350,1303-00-0,"Carc. 1B"
2843,H360F,1303-00-0,"Repr. 1B"
2844,H372,1303-00-0,"STOT RE 1"
2845,H331,7440-38-2,"Acute Tox. 3"
2846,H301,7440-38-2,"Acute Tox. 3"
2847,H400,7440-38-2,"Aquatic Acute 1"
2848,H410,7440-38-2,"Aquatic Chronic 1"
2849,H350,1327-53-3,"Carc. 1A"
2850,H300,1327-53-3,"Acute Tox. 2"
2851,H314,1327-53-3,"Skin Corr. 1B"
2852,H400,1327-53-3,"Aquatic Acute 1"
2853,H410,1327-53-3,"Aquatic Chronic 1"
2854,H350,1303-28-2,"Carc. 1A"
2855,H331,1303-28-2,"Acute Tox. 3"
2856,H301,1303-28-2,"Acute Tox. 3"
2857,H400,1303-28-2,"Aquatic Acute 1"
2858,H410,1303-28-2,"Aquatic Chronic 1"
2859,H220,7784-42-1,"Flam. Gas 1"
2860,H330,7784-42-1,"Press. Gas"
2861,H373,7784-42-1,"Acute Tox. 2"
2862,H400,7784-42-1,"STOT RE 2"
2863,H410,7784-42-1,"Aquatic Acute 1"
2864,H250,4262-43-5,"Pyr. Liq. 1"
2865,H330,4262-43-5,"Acute Tox. 2"
2866,H331,7782-49-2,"Acute Tox. 3"
2867,H301,7782-49-2,"Acute Tox. 3"
2868,H373,7782-49-2,"STOT RE 2"
2869,H413,7782-49-2,"Aquatic Chronic 4"
2870,H300,10102-18-8,"Acute Tox. 2"
2871,H331,10102-18-8,"Acute Tox. 3"
2872,H317,10102-18-8,"Skin Sens. 1"
2873,H411,10102-18-8,"Aquatic Chronic 2"
2874,H330,7726-95-6,"Acute Tox. 2"
2875,H314,7726-95-6,"Skin Corr. 1A"
2876,H400,7726-95-6,"Aquatic Acute 1"
2877,H335,10035-10-6,"Press. Gas"
2878,H314,10035-10-6,"STOT SE 3"
2879,H271,7758-01-2,"Ox. Sol. 1"
2880,H350,7758-01-2,"Carc. 1B"
2881,H301,7758-01-2,"Acute Tox. 3"
2882,H250,7440-67-7,"Pyr. Sol. 1"
2883,H260,7440-67-7,"Water-react. 1"
2884,H400,226996-19-6,"Aquatic Acute 1"
2885,H410,226996-19-6,"Aquatic Chronic 1"
2886,H351,1313-27-5,"Carc. 2"
2887,H335,1313-27-5,"STOT SE 3"
2888,H319,1313-27-5,"Eye Irrit. 2"
2889,H331,117342-25-3,"Acute Tox. 3"
2890,H318,117342-25-3,"Eye Dam. 1"
2891,H228,116810-46-9,"Flam. Sol. 1"
2892,H318,116810-46-9,"Eye Dam. 1"
2893,H400,116810-46-9,"Aquatic Acute 1"
2894,H410,116810-46-9,"Aquatic Chronic 1"
2895,H302,134620-00-1,"Acute Tox. 4"
2896,H373,134620-00-1,"STOT RE 2"
2897,H318,134620-00-1,"Eye Dam. 1"
2898,H317,134620-00-1,"Skin Sens. 1"
2899,H400,134620-00-1,"Aquatic Acute 1"
2900,H410,134620-00-1,"Aquatic Chronic 1"
2901,H272,7761-88-8,"Ox. Sol. 2"
2902,H314,7761-88-8,"Skin Corr. 1B"
2903,H400,7761-88-8,"Aquatic Acute 1"
2904,H410,7761-88-8,"Aquatic Chronic 1"
2905,H361d,130328-20-0,"Repr. 2"
2906,H315,130328-20-0,"Skin Irrit. 2"
2907,H318,130328-20-0,"Eye Dam. 1"
2908,H400,130328-20-0,"Aquatic Acute 1"
2909,H410,130328-20-0,"Aquatic Chronic 1"
2910,H350,7440-43-9,"Carc. 1B"
2911,H341,7440-43-9,"Muta. 2"
2912,H361fd,7440-43-9,"Repr. 2"
2913,H330,7440-43-9,"Acute Tox. 2"
2914,H372,7440-43-9,"STOT RE 1"
2915,H400,7440-43-9,"Aquatic Acute 1"
2916,H410,7440-43-9,"Aquatic Chronic 1"
2917,H350,1306-19-0,"Carc. 1B"
2918,H341,1306-19-0,"Muta. 2"
2919,H361fd,1306-19-0,"Repr. 2"
2920,H330,1306-19-0,"Acute Tox. 2"
2921,H372,1306-19-0,"STOT RE 1"
2922,H400,1306-19-0,"Aquatic Acute 1"
2923,H410,1306-19-0,"Aquatic Chronic 1"
2924,H351,4464-23-7,"Carc. 2"
2925,H331,4464-23-7,"Acute Tox. 3"
2926,H301,4464-23-7,"Acute Tox. 3"
2927,H373,4464-23-7,"STOT RE 2"
2928,H400,4464-23-7,"Aquatic Acute 1"
2929,H410,4464-23-7,"Aquatic Chronic 1"
2930,H351,542-83-6,"Carc. 2"
2931,H310,542-83-6,"Acute Tox. 1"
2932,H330,542-83-6,"Acute Tox. 2"
2933,H300,542-83-6,"Acute Tox. 2"
2934,H373,542-83-6,"STOT RE 2"
2935,H400,542-83-6,"Aquatic Acute 1"
2936,H410,542-83-6,"Aquatic Chronic 1"
2937,H351,17010-21-8,"Carc. 2"
2938,H331,17010-21-8,"Acute Tox. 3"
2939,H301,17010-21-8,"Acute Tox. 3"
2940,H373,17010-21-8,"STOT RE 2"
2941,H400,17010-21-8,"Aquatic Acute 1"
2942,H410,17010-21-8,"Aquatic Chronic 1"
2943,H350,7790-79-6,"Carc. 1B"
2944,H340,7790-79-6,"Muta. 1B"
2945,H360FD,7790-79-6,"Repr. 1B"
2946,H330,7790-79-6,"Acute Tox. 2"
2947,H301,7790-79-6,"Acute Tox. 3"
2948,H372,7790-79-6,"STOT RE 1"
2949,H400,7790-79-6,"Aquatic Acute 1"
2950,H410,7790-79-6,"Aquatic Chronic 1"
2951,H351,7790-80-9,"Carc. 2"
2952,H331,7790-80-9,"Acute Tox. 3"
2953,H301,7790-80-9,"Acute Tox. 3"
2954,H373,7790-80-9,"STOT RE 2"
2955,H400,7790-80-9,"Aquatic Acute 1"
2956,H410,7790-80-9,"Aquatic Chronic 1"
2957,H350,10108-64-2,"Carc. 1B"
2958,H340,10108-64-2,"Muta. 1B"
2959,H360FD,10108-64-2,"Repr. 1B"
2960,H330,10108-64-2,"Acute Tox. 2"
2961,H301,10108-64-2,"Acute Tox. 3"
2962,H372,10108-64-2,"STOT RE 1"
2963,H400,10108-64-2,"Aquatic Acute 1"
2964,H410,10108-64-2,"Aquatic Chronic 1"
2965,H350,10124-36-4,"Carc. 1B"
2966,H340,10124-36-4,"Muta. 1B"
2967,H360FD,10124-36-4,"Repr. 1B"
2968,H330,10124-36-4,"Acute Tox. 2"
2969,H301,10124-36-4,"Acute Tox. 3"
2970,H372,10124-36-4,"STOT RE 1"
2971,H400,10124-36-4,"Aquatic Acute 1"
2972,H410,10124-36-4,"Aquatic Chronic 1"
2973,H350,1306-23-6,"Carc. 1B"
2974,H341,1306-23-6,"Muta. 2"
2975,H361fd,1306-23-6,"Repr. 2"
2976,H302,1306-23-6,"Acute Tox. 4"
2977,H372,1306-23-6,"STOT RE 1"
2978,H413,1306-23-6,"Aquatic Chronic 4"
2979,H350,513-78-0,"Carc. 1B"
2980,H340,513-78-0,"Muta. 1B"
2981,H332,513-78-0,"Acute Tox. 4"
2982,H312,513-78-0,"Acute Tox. 4"
2983,H302,513-78-0,"Acute Tox. 4"
2984,H372,513-78-0,"STOT RE 1"
2985,H400,513-78-0,"Aquatic Acute 1"
2986,H410,513-78-0,"Aquatic Chronic 1"
2987,H350,21041-95-2,"Carc. 1B"
2988,H340,21041-95-2,"Muta. 1B"
2989,H332,21041-95-2,"Acute Tox. 4"
2990,H312,21041-95-2,"Acute Tox. 4"
2991,H302,21041-95-2,"Acute Tox. 4"
2992,H372,21041-95-2,"STOT RE 1"
2993,H400,21041-95-2,"Aquatic Acute 1"
2994,H410,21041-95-2,"Aquatic Chronic 1"
2995,H350,10325-94-7,"Carc. 1B"
2996,H340,10325-94-7,"Muta. 1B"
2997,H332,10325-94-7,"Acute Tox. 4"
2998,H312,10325-94-7,"Acute Tox. 4"
2999,H302,10325-94-7,"Acute Tox. 4"
3000,H372,10325-94-7,"STOT RE 1"
3001,H400,10325-94-7,"Aquatic Acute 1"
3002,H410,10325-94-7,"Aquatic Chronic 1"
3003,H314,7646-78-8,"Skin Corr. 1B"
3004,H412,7646-78-8,"Aquatic Chronic 3"
3005,H332,13121-70-5,"Acute Tox. 4"
3006,H312,13121-70-5,"Acute Tox. 4"
3007,H302,13121-70-5,"Acute Tox. 4"
3008,H400,13121-70-5,"Aquatic Acute 1"
3009,H410,13121-70-5,"Aquatic Chronic 1"
3010,H351,900-95-8,"Carc. 2"
3011,H361d,900-95-8,"Repr. 2"
3012,H330,900-95-8,"Acute Tox. 2"
3013,H311,900-95-8,"Acute Tox. 3"
3014,H301,900-95-8,"Acute Tox. 3"
3015,H335,900-95-8,"STOT SE 3"
3016,H372,900-95-8,"STOT RE 1"
3017,H315,900-95-8,"Skin Irrit. 2"
3018,H318,900-95-8,"Eye Dam. 1"
3019,H400,900-95-8,"Aquatic Acute 1"
3020,H410,900-95-8,"Aquatic Chronic 1"
3021,H351,76-87-9,"Carc. 2"
3022,H361d,76-87-9,"Repr. 2"
3023,H330,76-87-9,"Acute Tox. 2"
3024,H311,76-87-9,"Acute Tox. 3"
3025,H301,76-87-9,"Acute Tox. 3"
3026,H335,76-87-9,"STOT SE 3"
3027,H372,76-87-9,"STOT RE 1"
3028,H315,76-87-9,"Skin Irrit. 2"
3029,H318,76-87-9,"Eye Dam. 1"
3030,H400,76-87-9,"Aquatic Acute 1"
3031,H410,76-87-9,"Aquatic Chronic 1"
3032,H332,20153-49-5,"Acute Tox. 4"
3033,H312,20153-49-5,"Acute Tox. 4"
3034,H302,20153-49-5,"Acute Tox. 4"
3035,H400,20153-49-5,"Aquatic Acute 1"
3036,H410,20153-49-5,"Aquatic Chronic 1"
3037,H332,25637-27-8,"Acute Tox. 4"
3038,H312,25637-27-8,"Acute Tox. 4"
3039,H302,25637-27-8,"Acute Tox. 4"
3040,H400,25637-27-8,"Aquatic Acute 1"
3041,H410,25637-27-8,"Aquatic Chronic 1"
3042,H332,20153-50-8,"Acute Tox. 4"
3043,H312,20153-50-8,"Acute Tox. 4"
3044,H302,20153-50-8,"Acute Tox. 4"
3045,H400,20153-50-8,"Aquatic Acute 1"
3046,H410,20153-50-8,"Aquatic Chronic 1"
3047,H332,1449-55-4,"Acute Tox. 4"
3048,H312,1449-55-4,"Acute Tox. 4"
3049,H302,1449-55-4,"Acute Tox. 4"
3050,H400,1449-55-4,"Aquatic Acute 1"
3051,H410,1449-55-4,"Aquatic Chronic 1"
3052,H332,3091-32-5,"Acute Tox. 4"
3053,H312,3091-32-5,"Acute Tox. 4"
3054,H302,3091-32-5,"Acute Tox. 4"
3055,H400,3091-32-5,"Aquatic Acute 1"
3056,H410,3091-32-5,"Aquatic Chronic 1"
3057,H332,7067-44-9,"Acute Tox. 4"
3058,H312,7067-44-9,"Acute Tox. 4"
3059,H302,7067-44-9,"Acute Tox. 4"
3060,H400,7067-44-9,"Aquatic Acute 1"
3061,H410,7067-44-9,"Aquatic Chronic 1"
3062,H330,13356-08-6,"Acute Tox. 2"
3063,H315,13356-08-6,"Skin Irrit. 2"
3064,H319,13356-08-6,"Eye Irrit. 2"
3065,H400,13356-08-6,"Aquatic Acute 1"
3066,H410,13356-08-6,"Aquatic Chronic 1"
3067,H302,53408-94-9,"Acute Tox. 4"
3068,H314,53408-94-9,"Skin Corr. 1B"
3069,H317,53408-94-9,"Skin Sens. 1"
3070,H411,53408-94-9,"Aquatic Chronic 2"
3071,H330,41083-11-8,"Acute Tox. 2"
3072,H301,41083-11-8,"Acute Tox. 3"
3073,H335,41083-11-8,"STOT SE 3"
3074,H315,41083-11-8,"Skin Irrit. 2"
3075,H318,41083-11-8,"Eye Dam. 1"
3076,H400,41083-11-8,"Aquatic Acute 1"
3077,H410,41083-11-8,"Aquatic Chronic 1"
3078,H372,869-59-0,"STOT RE 1"
3079,H315,869-59-0,"Skin Irrit. 2"
3080,H413,869-59-0,"Aquatic Chronic 4"
3081,H331,3542-36-7,"Acute Tox. 3"
3082,H372,3542-36-7,"STOT RE 1"
3083,H412,3542-36-7,"Aquatic Chronic 3"
3084,H341,683-18-1,"Muta. 2"
3085,H360FD,683-18-1,"Repr. 1B"
3086,H330,683-18-1,"Acute Tox. 2"
3087,H301,683-18-1,"Acute Tox. 3"
3088,H312,683-18-1,"Acute Tox. 4"
3089,H372,683-18-1,"STOT RE 1"
3090,H314,683-18-1,"Skin Corr. 1B"
3091,H400,683-18-1,"Aquatic Acute 1"
3092,H410,683-18-1,"Aquatic Chronic 1"
3093,H361d,993-16-8,"Repr. 2"
3094,H361d,57583-34-3,"Repr. 2"
3095,H360D,15571-58-1,"Repr. 1B"
3096,H361d,57583-35-4,"Repr. 2"
3097,H302,57583-35-4,"Acute Tox. 4"
3098,H372,57583-35-4,"STOT RE 1"
3099,H317,57583-35-4,"Skin Sens. 1A"
3100,H361d,753-73-1,"Repr. 2"
3101,H330,753-73-1,"Acute Tox. 2"
3102,H311,753-73-1,"Acute Tox. 3"
3103,H301,753-73-1,"Acute Tox. 3"
3104,H372,753-73-1,"STOT RE 1"
3105,H314,753-73-1,"Skin Corr. 1B"
3106,H341,77-58-7,"Muta. 2"
3107,H360FD,77-58-7,"Repr. 1B"
3108,H372,77-58-7,"STOT RE 1"
3109,H314,10025-91-9,"Skin Corr. 1B"
3110,H411,10025-91-9,"Aquatic Chronic 2"
3111,H314,7647-18-9,"Skin Corr. 1B"
3112,H411,7647-18-9,"Aquatic Chronic 2"
3113,H331,7783-56-4,"Acute Tox. 3"
3114,H311,7783-56-4,"Acute Tox. 3"
3115,H301,7783-56-4,"Acute Tox. 3"
3116,H411,7783-56-4,"Aquatic Chronic 2"
3117,H351,1309-64-4,"Carc. 2"
3118,H317,71786-70-4,"Skin Sens. 1"
3119,H412,71786-70-4,"Aquatic Chronic 3"
3120,H332,7553-56-2,"Acute Tox. 4"
3121,H312,7553-56-2,"Acute Tox. 4"
3122,H400,7553-56-2,"Aquatic Acute 1"
3123,H314,10034-85-2,"Press. Gas"
3124,H201,696-33-3,"Expl. 1.1"
3125,H312,178233-72-2,"Acute Tox. 4"
3126,H302,178233-72-2,"Acute Tox. 4"
3127,H373,178233-72-2,"STOT RE 2"
3128,H400,178233-72-2,"Aquatic Acute 1"
3129,H410,178233-72-2,"Aquatic Chronic 1"
3130,H272,1304-29-6,"Ox. Sol. 2"
3131,H332,1304-29-6,"Acute Tox. 4"
3132,H302,1304-29-6,"Acute Tox. 4"
3133,H302,513-77-9,"Acute Tox. 4"
3134,H301,10361-37-2,"Acute Tox. 3"
3135,H332,10361-37-2,"Acute Tox. 4"
3136,H411,51285-81-5,"Aquatic Chronic 2"
3137,H318,22411-22-9,"Eye Dam. 1"
3138,H317,22411-22-9,"Skin Sens. 1"
3139,H302,12141-67-2,"Acute Tox. 4"
3140,H318,12141-67-2,"Eye Dam. 1"
3141,H412,12141-67-2,"Aquatic Chronic 3"
3142,H310,20816-12-0,"Acute Tox. 1"
3143,H330,20816-12-0,"Acute Tox. 2"
3144,H300,20816-12-0,"Acute Tox. 2"
3145,H314,20816-12-0,"Skin Corr. 1B"
3146,H301,13820-41-2,"Acute Tox. 3"
3147,H315,13820-41-2,"Skin Irrit. 2"
3148,H318,13820-41-2,"Eye Dam. 1"
3149,H334,13820-41-2,"Resp. Sens. 1"
3150,H317,13820-41-2,"Skin Sens. 1"
3151,H301,10026-00-3,"Acute Tox. 3"
3152,H315,10026-00-3,"Skin Irrit. 2"
3153,H318,10026-00-3,"Eye Dam. 1"
3154,H334,10026-00-3,"Resp. Sens. 1"
3155,H317,10026-00-3,"Skin Sens. 1"
3156,H301,10025-99-7,"Acute Tox. 3"
3157,H315,10025-99-7,"Skin Irrit. 2"
3158,H318,10025-99-7,"Eye Dam. 1"
3159,H334,10025-99-7,"Resp. Sens. 1"
3160,H317,10025-99-7,"Skin Sens. 1"
3161,H301,16923-58-3,"Acute Tox. 3"
3162,H318,16923-58-3,"Eye Dam. 1"
3163,H334,16923-58-3,"Resp. Sens. 1"
3164,H317,16923-58-3,"Skin Sens. 1"
3165,H301,16921-30-5,"Acute Tox. 3"
3166,H318,16921-30-5,"Eye Dam. 1"
3167,H334,16921-30-5,"Resp. Sens. 1"
3168,H317,16921-30-5,"Skin Sens. 1"
3169,H301,16919-58-7,"Acute Tox. 3"
3170,H318,16919-58-7,"Eye Dam. 1"
3171,H334,16919-58-7,"Resp. Sens. 1"
3172,H317,16919-58-7,"Skin Sens. 1"
3173,H301,16941-12-1,"Acute Tox. 3"
3174,H314,16941-12-1,"Skin Corr. 1B"
3175,H334,16941-12-1,"Resp. Sens. 1"
3176,H317,16941-12-1,"Skin Sens. 1"
3177,H302,123439-82-7,"Acute Tox. 4"
3178,H318,123439-82-7,"Eye Dam. 1"
3179,H412,123439-82-7,"Aquatic Chronic 3"
3180,H302,61420-92-6,"Acute Tox. 4"
3181,H373,61420-92-6,"STOT RE 2"
3182,H314,61420-92-6,"Skin Corr. 1A"
3183,H334,61420-92-6,"Resp. Sens. 1"
3184,H317,61420-92-6,"Skin Sens. 1"
3185,H412,61420-92-6,"Aquatic Chronic 3"
3186,H360D,7439-97-6,"Repr. 1B"
3187,H330,7439-97-6,"Acute Tox. 2"
3188,H372,7439-97-6,"STOT RE 1"
3189,H400,7439-97-6,"Aquatic Acute 1"
3190,H410,7439-97-6,"Aquatic Chronic 1"
3191,H302,10112-91-1,"Acute Tox. 4"
3192,H335,10112-91-1,"STOT SE 3"
3193,H315,10112-91-1,"Skin Irrit. 2"
3194,H319,10112-91-1,"Eye Irrit. 2"
3195,H400,10112-91-1,"Aquatic Acute 1"
3196,H410,10112-91-1,"Aquatic Chronic 1"
3197,H200,628-86-4,"Unst. Expl."
3198,H331,628-86-4,"Acute Tox. 3"
3199,H311,628-86-4,"Acute Tox. 3"
3200,H301,628-86-4,"Acute Tox. 3"
3201,H373,628-86-4,"STOT RE 2"
3202,H400,628-86-4,"Aquatic Acute 1"
3203,H410,628-86-4,"Aquatic Chronic 1"
3204,H201,1335-31-5,"Expl. 1.1"
3205,H331,1335-31-5,"Acute Tox. 3"
3206,H311,1335-31-5,"Acute Tox. 3"
3207,H301,1335-31-5,"Acute Tox. 3"
3208,H373,1335-31-5,"STOT RE 2"
3209,H400,1335-31-5,"Aquatic Acute 1"
3210,H410,1335-31-5,"Aquatic Chronic 1"
3211,H310,593-74-8,"Acute Tox. 1"
3212,H330,593-74-8,"Acute Tox. 2"
3213,H300,593-74-8,"Acute Tox. 2"
3214,H373,593-74-8,"STOT RE 2"
3215,H400,593-74-8,"Aquatic Acute 1"
3216,H410,593-74-8,"Aquatic Chronic 1"
3217,H310,627-44-1,"Acute Tox. 1"
3218,H330,627-44-1,"Acute Tox. 2"
3219,H300,627-44-1,"Acute Tox. 2"
3220,H373,627-44-1,"STOT RE 2"
3221,H400,627-44-1,"Aquatic Acute 1"
3222,H410,627-44-1,"Aquatic Chronic 1"
3223,H301,55-68-5,"Acute Tox. 3"
3224,H372,55-68-5,"STOT RE 1"
3225,H314,55-68-5,"Skin Corr. 1B"
3226,H400,55-68-5,"Aquatic Acute 1"
3227,H410,55-68-5,"Aquatic Chronic 1"
3228,H301,100-57-2,"Acute Tox. 3"
3229,H372,100-57-2,"STOT RE 1"
3230,H314,100-57-2,"Skin Corr. 1B"
3231,H400,100-57-2,"Aquatic Acute 1"
3232,H410,100-57-2,"Aquatic Chronic 1"
3233,H301,8003-05-2,"Acute Tox. 3"
3234,H372,8003-05-2,"STOT RE 1"
3235,H314,8003-05-2,"Skin Corr. 1B"
3236,H400,8003-05-2,"Aquatic Acute 1"
3237,H410,8003-05-2,"Aquatic Chronic 1"
3238,H301,123-88-6,"Acute Tox. 3"
3239,H372,123-88-6,"STOT RE 1"
3240,H314,123-88-6,"Skin Corr. 1B"
3241,H400,123-88-6,"Aquatic Acute 1"
3242,H410,123-88-6,"Aquatic Chronic 1"
3243,H341,7487-94-7,"Muta. 2"
3244,H361f,7487-94-7,"Repr. 2"
3245,H300,7487-94-7,"Acute Tox. 2"
3246,H372,7487-94-7,"STOT RE 1"
3247,H314,7487-94-7,"Skin Corr. 1B"
3248,H400,7487-94-7,"Aquatic Acute 1"
3249,H410,7487-94-7,"Aquatic Chronic 1"
3250,H301,62-38-4,"Acute Tox. 3"
3251,H372,62-38-4,"STOT RE 1"
3252,H314,62-38-4,"Skin Corr. 1B"
3253,H400,62-38-4,"Aquatic Acute 1"
3254,H410,62-38-4,"Aquatic Chronic 1"
3255,H330,7440-28-0,"Acute Tox. 2"
3256,H300,7440-28-0,"Acute Tox. 2"
3257,H373,7440-28-0,"STOT RE 2"
3258,H413,7440-28-0,"Aquatic Chronic 4"
3259,H300,7446-18-6,"Acute Tox. 2"
3260,H372,7446-18-6,"STOT RE 1"
3261,H315,7446-18-6,"Skin Irrit. 2"
3262,H411,7446-18-6,"Aquatic Chronic 2"
3263,H200,13424-46-9,"Unst. Expl."
3264,H360Df,13424-46-9,"Repr. 1A"
3265,H332,13424-46-9,"Acute Tox. 4"
3266,H302,13424-46-9,"Acute Tox. 4"
3267,H373,13424-46-9,"STOT RE 2"
3268,H400,13424-46-9,"Aquatic Acute 1"
3269,H410,13424-46-9,"Aquatic Chronic 1"
3270,H350,7758-97-6,"Carc. 1B"
3271,H360Df,7758-97-6,"Repr. 1A"
3272,H373,7758-97-6,"STOT RE 2"
3273,H400,7758-97-6,"Aquatic Acute 1"
3274,H410,7758-97-6,"Aquatic Chronic 1"
3275,H360Df,301-04-2,"Repr. 1A"
3276,H373,301-04-2,"STOT RE 2"
3277,H400,301-04-2,"Aquatic Acute 1"
3278,H410,301-04-2,"Aquatic Chronic 1"
3279,H360Df,7446-27-7,"Repr. 1A"
3280,H373,7446-27-7,"STOT RE 2"
3281,H400,7446-27-7,"Aquatic Acute 1"
3282,H410,7446-27-7,"Aquatic Chronic 1"
3283,H351,1335-32-6,"Carc. 2"
3284,H360Df,1335-32-6,"Repr. 1A"
3285,H373,1335-32-6,"STOT RE 2"
3286,H400,1335-32-6,"Aquatic Acute 1"
3287,H410,1335-32-6,"Aquatic Chronic 1"
3288,H360Df,17570-76-2,"Repr. 1A"
3289,H332,17570-76-2,"Acute Tox. 4"
3290,H302,17570-76-2,"Acute Tox. 4"
3291,H373,17570-76-2,"STOT RE 2"
3292,H315,17570-76-2,"Skin Irrit. 2"
3293,H318,17570-76-2,"Eye Dam. 1"
3294,H350,1344-37-2,"Carc. 1B"
3295,H360Df,1344-37-2,"Repr. 1A"
3296,H373,1344-37-2,"STOT RE 2"
3297,H400,1344-37-2,"Aquatic Acute 1"
3298,H410,1344-37-2,"Aquatic Chronic 1"
3299,H350,12656-85-8,"Carc. 1B"
3300,H360Df,12656-85-8,"Repr. 1A"
3301,H373,12656-85-8,"STOT RE 2"
3302,H400,12656-85-8,"Aquatic Acute 1"
3303,H410,12656-85-8,"Aquatic Chronic 1"
3304,H350,7784-40-9,"Carc. 1A"
3305,H360Df,7784-40-9,"Repr. 1A"
3306,H331,7784-40-9,"Acute Tox. 3"
3307,H301,7784-40-9,"Acute Tox. 3"
3308,H373,7784-40-9,"STOT RE 2"
3309,H400,7784-40-9,"Aquatic Acute 1"
3310,H410,7784-40-9,"Aquatic Chronic 1"
3311,H302,199876-46-5,"Acute Tox. 4"
3312,H373,199876-46-5,"STOT RE 2"
3313,H411,199876-46-5,"Aquatic Chronic 2"
3314,H360FD,7439-92-1,"Repr. 1A"
3315,H362,7439-92-1,Lact.
3316,H330,7440-61-1,"Acute Tox. 2"
3317,H300,7440-61-1,"Acute Tox. 2"
3318,H373,7440-61-1,"STOT RE 2"
3319,H413,7440-61-1,"Aquatic Chronic 4"
3320,H220,74-82-8,"Flam. Gas 1"
3321,H220,74-84-0,"Flam. Gas 1"
3322,H220,74-98-6,"Flam. Gas 1"
3323,H220,106-97-8,"Flam. Gas 1"
3324,H220,75-28-5,"Flam. Gas 1"
3325,H220,463-82-1,"Flam. Gas 1"
3326,H411,463-82-1,"Press. Gas"
3327,H225,109-66-0,"Flam. Liq. 2"
3328,H304,109-66-0,"Asp. Tox. 1"
3329,H336,109-66-0,"STOT SE 3"
3330,H411,109-66-0,"Aquatic Chronic 2"
3331,H225,107-83-5,"Flam. Liq. 2"
3332,H304,107-83-5,"Asp. Tox. 1"
3333,H336,107-83-5,"STOT SE 3"
3334,H315,107-83-5,"Skin Irrit. 2"
3335,H411,107-83-5,"Aquatic Chronic 2"
3336,H225,96-14-0,"Flam. Liq. 2"
3337,H304,96-14-0,"Asp. Tox. 1"
3338,H336,96-14-0,"STOT SE 3"
3339,H315,96-14-0,"Skin Irrit. 2"
3340,H411,96-14-0,"Aquatic Chronic 2"
3341,H225,75-83-2,"Flam. Liq. 2"
3342,H304,75-83-2,"Asp. Tox. 1"
3343,H336,75-83-2,"STOT SE 3"
3344,H315,75-83-2,"Skin Irrit. 2"
3345,H411,75-83-2,"Aquatic Chronic 2"
3346,H225,79-29-8,"Flam. Liq. 2"
3347,H304,79-29-8,"Asp. Tox. 1"
3348,H336,79-29-8,"STOT SE 3"
3349,H315,79-29-8,"Skin Irrit. 2"
3350,H411,79-29-8,"Aquatic Chronic 2"
3351,H225,142-82-5,"Flam. Liq. 2"
3352,H304,142-82-5,"Asp. Tox. 1"
3353,H336,142-82-5,"STOT SE 3"
3354,H315,142-82-5,"Skin Irrit. 2"
3355,H400,142-82-5,"Aquatic Acute 1"
3356,H410,142-82-5,"Aquatic Chronic 1"
3357,H225,108-08-7,"Flam. Liq. 2"
3358,H304,108-08-7,"Asp. Tox. 1"
3359,H336,108-08-7,"STOT SE 3"
3360,H315,108-08-7,"Skin Irrit. 2"
3361,H400,108-08-7,"Aquatic Acute 1"
3362,H410,108-08-7,"Aquatic Chronic 1"
3363,H225,464-06-2,"Flam. Liq. 2"
3364,H304,464-06-2,"Asp. Tox. 1"
3365,H336,464-06-2,"STOT SE 3"
3366,H315,464-06-2,"Skin Irrit. 2"
3367,H400,464-06-2,"Aquatic Acute 1"
3368,H410,464-06-2,"Aquatic Chronic 1"
3369,H225,562-49-2,"Flam. Liq. 2"
3370,H304,562-49-2,"Asp. Tox. 1"
3371,H336,562-49-2,"STOT SE 3"
3372,H315,562-49-2,"Skin Irrit. 2"
3373,H400,562-49-2,"Aquatic Acute 1"
3374,H410,562-49-2,"Aquatic Chronic 1"
3375,H225,565-59-3,"Flam. Liq. 2"
3376,H304,565-59-3,"Asp. Tox. 1"
3377,H336,565-59-3,"STOT SE 3"
3378,H315,565-59-3,"Skin Irrit. 2"
3379,H400,565-59-3,"Aquatic Acute 1"
3380,H410,565-59-3,"Aquatic Chronic 1"
3381,H225,589-34-4,"Flam. Liq. 2"
3382,H304,589-34-4,"Asp. Tox. 1"
3383,H336,589-34-4,"STOT SE 3"
3384,H315,589-34-4,"Skin Irrit. 2"
3385,H400,589-34-4,"Aquatic Acute 1"
3386,H410,589-34-4,"Aquatic Chronic 1"
3387,H225,590-35-2,"Flam. Liq. 2"
3388,H304,590-35-2,"Asp. Tox. 1"
3389,H336,590-35-2,"STOT SE 3"
3390,H315,590-35-2,"Skin Irrit. 2"
3391,H400,590-35-2,"Aquatic Acute 1"
3392,H410,590-35-2,"Aquatic Chronic 1"
3393,H225,591-76-4,"Flam. Liq. 2"
3394,H304,591-76-4,"Asp. Tox. 1"
3395,H336,591-76-4,"STOT SE 3"
3396,H315,591-76-4,"Skin Irrit. 2"
3397,H400,591-76-4,"Aquatic Acute 1"
3398,H410,591-76-4,"Aquatic Chronic 1"
3399,H225,617-78-7,"Flam. Liq. 2"
3400,H304,617-78-7,"Asp. Tox. 1"
3401,H336,617-78-7,"STOT SE 3"
3402,H315,617-78-7,"Skin Irrit. 2"
3403,H400,617-78-7,"Aquatic Acute 1"
3404,H410,617-78-7,"Aquatic Chronic 1"
3405,H225,31394-54-4,"Flam. Liq. 2"
3406,H304,31394-54-4,"Asp. Tox. 1"
3407,H336,31394-54-4,"STOT SE 3"
3408,H315,31394-54-4,"Skin Irrit. 2"
3409,H400,31394-54-4,"Aquatic Acute 1"
3410,H410,31394-54-4,"Aquatic Chronic 1"
3411,H225,111-65-9,"Flam. Liq. 2"
3412,H304,111-65-9,"Asp. Tox. 1"
3413,H336,111-65-9,"STOT SE 3"
3414,H315,111-65-9,"Skin Irrit. 2"
3415,H400,111-65-9,"Aquatic Acute 1"
3416,H410,111-65-9,"Aquatic Chronic 1"
3417,H225,540-84-1,"Flam. Liq. 2"
3418,H304,540-84-1,"Asp. Tox. 1"
3419,H336,540-84-1,"STOT SE 3"
3420,H315,540-84-1,"Skin Irrit. 2"
3421,H400,540-84-1,"Aquatic Acute 1"
3422,H410,540-84-1,"Aquatic Chronic 1"
3423,H225,560-21-4,"Flam. Liq. 2"
3424,H304,560-21-4,"Asp. Tox. 1"
3425,H336,560-21-4,"STOT SE 3"
3426,H315,560-21-4,"Skin Irrit. 2"
3427,H400,560-21-4,"Aquatic Acute 1"
3428,H410,560-21-4,"Aquatic Chronic 1"
3429,H225,563-16-6,"Flam. Liq. 2"
3430,H304,563-16-6,"Asp. Tox. 1"
3431,H336,563-16-6,"STOT SE 3"
3432,H315,563-16-6,"Skin Irrit. 2"
3433,H400,563-16-6,"Aquatic Acute 1"
3434,H410,563-16-6,"Aquatic Chronic 1"
3435,H225,564-02-3,"Flam. Liq. 2"
3436,H304,564-02-3,"Asp. Tox. 1"
3437,H336,564-02-3,"STOT SE 3"
3438,H315,564-02-3,"Skin Irrit. 2"
3439,H400,564-02-3,"Aquatic Acute 1"
3440,H410,564-02-3,"Aquatic Chronic 1"
3441,H225,565-75-3,"Flam. Liq. 2"
3442,H304,565-75-3,"Asp. Tox. 1"
3443,H336,565-75-3,"STOT SE 3"
3444,H315,565-75-3,"Skin Irrit. 2"
3445,H400,565-75-3,"Aquatic Acute 1"
3446,H410,565-75-3,"Aquatic Chronic 1"
3447,H225,583-48-2,"Flam. Liq. 2"
3448,H304,583-48-2,"Asp. Tox. 1"
3449,H336,583-48-2,"STOT SE 3"
3450,H315,583-48-2,"Skin Irrit. 2"
3451,H400,583-48-2,"Aquatic Acute 1"
3452,H410,583-48-2,"Aquatic Chronic 1"
3453,H225,584-94-1,"Flam. Liq. 2"
3454,H304,584-94-1,"Asp. Tox. 1"
3455,H336,584-94-1,"STOT SE 3"
3456,H315,584-94-1,"Skin Irrit. 2"
3457,H400,584-94-1,"Aquatic Acute 1"
3458,H410,584-94-1,"Aquatic Chronic 1"
3459,H225,589-43-5,"Flam. Liq. 2"
3460,H304,589-43-5,"Asp. Tox. 1"
3461,H336,589-43-5,"STOT SE 3"
3462,H315,589-43-5,"Skin Irrit. 2"
3463,H400,589-43-5,"Aquatic Acute 1"
3464,H410,589-43-5,"Aquatic Chronic 1"
3465,H225,589-53-7,"Flam. Liq. 2"
3466,H304,589-53-7,"Asp. Tox. 1"
3467,H336,589-53-7,"STOT SE 3"
3468,H315,589-53-7,"Skin Irrit. 2"
3469,H400,589-53-7,"Aquatic Acute 1"
3470,H410,589-53-7,"Aquatic Chronic 1"
3471,H225,589-81-1,"Flam. Liq. 2"
3472,H304,589-81-1,"Asp. Tox. 1"
3473,H336,589-81-1,"STOT SE 3"
3474,H315,589-81-1,"Skin Irrit. 2"
3475,H400,589-81-1,"Aquatic Acute 1"
3476,H410,589-81-1,"Aquatic Chronic 1"
3477,H225,590-73-8,"Flam. Liq. 2"
3478,H304,590-73-8,"Asp. Tox. 1"
3479,H336,590-73-8,"STOT SE 3"
3480,H315,590-73-8,"Skin Irrit. 2"
3481,H400,590-73-8,"Aquatic Acute 1"
3482,H410,590-73-8,"Aquatic Chronic 1"
3483,H225,592-13-2,"Flam. Liq. 2"
3484,H304,592-13-2,"Asp. Tox. 1"
3485,H336,592-13-2,"STOT SE 3"
3486,H315,592-13-2,"Skin Irrit. 2"
3487,H400,592-13-2,"Aquatic Acute 1"
3488,H410,592-13-2,"Aquatic Chronic 1"
3489,H225,592-27-8,"Flam. Liq. 2"
3490,H304,592-27-8,"Asp. Tox. 1"
3491,H336,592-27-8,"STOT SE 3"
3492,H315,592-27-8,"Skin Irrit. 2"
3493,H400,592-27-8,"Aquatic Acute 1"
3494,H410,592-27-8,"Aquatic Chronic 1"
3495,H225,594-82-1,"Flam. Liq. 2"
3496,H304,594-82-1,"Asp. Tox. 1"
3497,H336,594-82-1,"STOT SE 3"
3498,H315,594-82-1,"Skin Irrit. 2"
3499,H400,594-82-1,"Aquatic Acute 1"
3500,H410,594-82-1,"Aquatic Chronic 1"
3501,H225,609-26-7,"Flam. Liq. 2"
3502,H304,609-26-7,"Asp. Tox. 1"
3503,H336,609-26-7,"STOT SE 3"
3504,H315,609-26-7,"Skin Irrit. 2"
3505,H400,609-26-7,"Aquatic Acute 1"
3506,H410,609-26-7,"Aquatic Chronic 1"
3507,H225,619-99-8,"Flam. Liq. 2"
3508,H304,619-99-8,"Asp. Tox. 1"
3509,H336,619-99-8,"STOT SE 3"
3510,H315,619-99-8,"Skin Irrit. 2"
3511,H400,619-99-8,"Aquatic Acute 1"
3512,H410,619-99-8,"Aquatic Chronic 1"
3513,H225,1067-08-9,"Flam. Liq. 2"
3514,H304,1067-08-9,"Asp. Tox. 1"
3515,H336,1067-08-9,"STOT SE 3"
3516,H315,1067-08-9,"Skin Irrit. 2"
3517,H400,1067-08-9,"Aquatic Acute 1"
3518,H410,1067-08-9,"Aquatic Chronic 1"
3519,H225,26635-64-3,"Flam. Liq. 2"
3520,H304,26635-64-3,"Asp. Tox. 1"
3521,H336,26635-64-3,"STOT SE 3"
3522,H315,26635-64-3,"Skin Irrit. 2"
3523,H400,26635-64-3,"Aquatic Acute 1"
3524,H410,26635-64-3,"Aquatic Chronic 1"
3525,H220,74-85-1,"Flam. Gas 1"
3526,H336,74-85-1,"Press. Gas"
3527,H220,115-07-1,"Flam. Gas 1"
3528,H220,106-98-9,"Flam. Gas 1"
3529,H220,107-01-7,"Flam. Gas 1"
3530,H220,115-11-7,"Flam. Gas 1"
3531,H220,590-18-1,"Flam. Gas 1"
3532,H220,624-64-6,"Flam. Gas 1"
3533,H220,106-99-0,"Flam. Gas 1"
3534,H350,106-99-0,"Press. Gas"
3535,H340,106-99-0,"Carc. 1A"
3536,H224,78-79-5,"Flam. Liq. 1"
3537,H350,78-79-5,"Carc. 1B"
3538,H341,78-79-5,"Muta. 2"
3539,H412,78-79-5,"Aquatic Chronic 3"
3540,H220,74-86-2,"Flam. Gas 1"
3541,H220,75-19-4,"Flam. Gas 1"
3542,H225,110-82-7,"Flam. Liq. 2"
3543,H304,110-82-7,"Asp. Tox. 1"
3544,H336,110-82-7,"STOT SE 3"
3545,H315,110-82-7,"Skin Irrit. 2"
3546,H400,110-82-7,"Aquatic Acute 1"
3547,H410,110-82-7,"Aquatic Chronic 1"
3548,H225,108-87-2,"Flam. Liq. 2"
3549,H304,108-87-2,"Asp. Tox. 1"
3550,H336,108-87-2,"STOT SE 3"
3551,H315,108-87-2,"Skin Irrit. 2"
3552,H411,108-87-2,"Aquatic Chronic 2"
3553,H225,589-90-2,"Flam. Liq. 2"
3554,H304,589-90-2,"Asp. Tox. 1"
3555,H336,589-90-2,"STOT SE 3"
3556,H315,589-90-2,"Skin Irrit. 2"
3557,H411,589-90-2,"Aquatic Chronic 2"
3558,H225,71-43-2,"Flam. Liq. 2"
3559,H350,71-43-2,"Carc. 1A"
3560,H340,71-43-2,"Muta. 1B"
3561,H304,71-43-2,"Asp. Tox. 1"
3562,H372,71-43-2,"STOT RE 1"
3563,H315,71-43-2,"Skin Irrit. 2"
3564,H319,71-43-2,"Eye Irrit. 2"
3565,H225,108-88-3,"Flam. Liq. 2"
3566,H361d,108-88-3,"Repr. 2"
3567,H304,108-88-3,"Asp. Tox. 1"
3568,H336,108-88-3,"STOT SE 3"
3569,H373,108-88-3,"STOT RE 2"
3570,H315,108-88-3,"Skin Irrit. 2"
3571,H226,95-47-6,"Flam. Liq. 3"
3572,H332,95-47-6,"Acute Tox. 4"
3573,H312,95-47-6,"Acute Tox. 4"
3574,H315,95-47-6,"Skin Irrit. 2"
3575,H226,106-42-3,"Flam. Liq. 3"
3576,H332,106-42-3,"Acute Tox. 4"
3577,H312,106-42-3,"Acute Tox. 4"
3578,H315,106-42-3,"Skin Irrit. 2"
3579,H226,108-38-3,"Flam. Liq. 3"
3580,H332,108-38-3,"Acute Tox. 4"
3581,H312,108-38-3,"Acute Tox. 4"
3582,H315,108-38-3,"Skin Irrit. 2"
3583,H226,1330-20-7,"Flam. Liq. 3"
3584,H332,1330-20-7,"Acute Tox. 4"
3585,H312,1330-20-7,"Acute Tox. 4"
3586,H315,1330-20-7,"Skin Irrit. 2"
3587,H225,100-41-4,"Flam. Liq. 2"
3588,H332,100-41-4,"Acute Tox. 4"
3589,H304,100-41-4,"Asp. Tox. 1"
3590,H373,100-41-4,"STOT RE 2"
3591,H226,98-82-8,"Flam. Liq. 3"
3592,H304,98-82-8,"Asp. Tox. 1"
3593,H335,98-82-8,"STOT SE 3"
3594,H411,98-82-8,"Aquatic Chronic 2"
3595,H226,103-65-1,"Flam. Liq. 3"
3596,H304,103-65-1,"Asp. Tox. 1"
3597,H335,103-65-1,"STOT SE 3"
3598,H411,103-65-1,"Aquatic Chronic 2"
3599,H226,108-67-8,"Flam. Liq. 3"
3600,H335,108-67-8,"STOT SE 3"
3601,H411,108-67-8,"Aquatic Chronic 2"
3602,H226,100-42-5,"Flam. Liq. 3"
3603,H361d,100-42-5,"Repr. 2"
3604,H332,100-42-5,"Acute Tox. 4"
3605,H372,100-42-5,"STOT RE 1"
3606,H315,100-42-5,"Skin Irrit. 2"
3607,H319,100-42-5,"Eye Irrit. 2"
3608,H226,98-83-9,"Flam. Liq. 3"
3609,H335,98-83-9,"STOT SE 3"
3610,H319,98-83-9,"Eye Irrit. 2"
3611,H411,98-83-9,"Aquatic Chronic 2"
3612,H332,611-15-4,"Acute Tox. 4"
3613,H411,611-15-4,"Aquatic Chronic 2"
3614,H226,138-86-3,"Flam. Liq. 3"
3615,H315,138-86-3,"Skin Irrit. 2"
3616,H317,138-86-3,"Skin Sens. 1"
3617,H400,138-86-3,"Aquatic Acute 1"
3618,H410,138-86-3,"Aquatic Chronic 1"
3619,H226,5989-27-5,"Flam. Liq. 3"
3620,H315,5989-27-5,"Skin Irrit. 2"
3621,H317,5989-27-5,"Skin Sens. 1"
3622,H400,5989-27-5,"Aquatic Acute 1"
3623,H410,5989-27-5,"Aquatic Chronic 1"
3624,H226,5989-54-8,"Flam. Liq. 3"
3625,H315,5989-54-8,"Skin Irrit. 2"
3626,H317,5989-54-8,"Skin Sens. 1"
3627,H400,5989-54-8,"Aquatic Acute 1"
3628,H410,5989-54-8,"Aquatic Chronic 1"
3629,H226,6876-12-6,"Flam. Liq. 3"
3630,H315,6876-12-6,"Skin Irrit. 2"
3631,H317,6876-12-6,"Skin Sens. 1"
3632,H400,6876-12-6,"Aquatic Acute 1"
3633,H410,6876-12-6,"Aquatic Chronic 1"
3634,H226,7705-14-8,"Flam. Liq. 3"
3635,H315,7705-14-8,"Skin Irrit. 2"
3636,H317,7705-14-8,"Skin Sens. 1"
3637,H400,7705-14-8,"Aquatic Acute 1"
3638,H410,7705-14-8,"Aquatic Chronic 1"
3639,H225,287-92-3,"Flam. Liq. 2"
3640,H412,287-92-3,"Aquatic Chronic 3"
3641,H225,107-39-1,"Flam. Liq. 2"
3642,H411,107-39-1,"Aquatic Chronic 2"
3643,H350,50-32-8,"Carc. 1B"
3644,H340,50-32-8,"Muta. 1B"
3645,H360FD,50-32-8,"Repr. 1B"
3646,H317,50-32-8,"Skin Sens. 1"
3647,H400,50-32-8,"Aquatic Acute 1"
3648,H410,50-32-8,"Aquatic Chronic 1"
3649,H350,56-55-3,"Carc. 1B"
3650,H400,56-55-3,"Aquatic Acute 1"
3651,H410,56-55-3,"Aquatic Chronic 1"
3652,H350,205-99-2,"Carc. 1B"
3653,H400,205-99-2,"Aquatic Acute 1"
3654,H410,205-99-2,"Aquatic Chronic 1"
3655,H350,205-82-3,"Carc. 1B"
3656,H400,205-82-3,"Aquatic Acute 1"
3657,H410,205-82-3,"Aquatic Chronic 1"
3658,H350,207-08-9,"Carc. 1B"
3659,H400,207-08-9,"Aquatic Acute 1"
3660,H410,207-08-9,"Aquatic Chronic 1"
3661,H225,110-54-3,"Flam. Liq. 2"
3662,H361f,110-54-3,"Repr. 2"
3663,H304,110-54-3,"Asp. Tox. 1"
3664,H336,110-54-3,"STOT SE 3"
3665,H373,110-54-3,"STOT RE 2"
3666,H315,110-54-3,"Skin Irrit. 2"
3667,H411,110-54-3,"Aquatic Chronic 2"
3668,H350,53-70-3,"Carc. 1B"
3669,H400,53-70-3,"Aquatic Acute 1"
3670,H410,53-70-3,"Aquatic Chronic 1"
3671,H335,92-52-4,"STOT SE 3"
3672,H315,92-52-4,"Skin Irrit. 2"
3673,H319,92-52-4,"Eye Irrit. 2"
3674,H400,92-52-4,"Aquatic Acute 1"
3675,H410,92-52-4,"Aquatic Chronic 1"
3676,H226,95-63-6,"Flam. Liq. 3"
3677,H332,95-63-6,"Acute Tox. 4"
3678,H335,95-63-6,"STOT SE 3"
3679,H315,95-63-6,"Skin Irrit. 2"
3680,H319,95-63-6,"Eye Irrit. 2"
3681,H411,95-63-6,"Aquatic Chronic 2"
3682,H225,77-73-6,"Flam. Liq. 2"
3683,H332,77-73-6,"Acute Tox. 4"
3684,H302,77-73-6,"Acute Tox. 4"
3685,H335,77-73-6,"STOT SE 3"
3686,H315,77-73-6,"Skin Irrit. 2"
3687,H319,77-73-6,"Eye Irrit. 2"
3688,H411,77-73-6,"Aquatic Chronic 2"
3689,H315,119-64-2,"Skin Irrit. 2"
3690,H319,119-64-2,"Eye Irrit. 2"
3691,H411,119-64-2,"Aquatic Chronic 2"
3692,H226,42152-47-6,"Flam. Liq. 3"
3693,H400,42152-47-6,"Aquatic Acute 1"
3694,H410,42152-47-6,"Aquatic Chronic 1"
3695,H315,17092-80-7,"Skin Irrit. 2"
3696,H411,17092-80-7,"Aquatic Chronic 2"
3697,H350,218-01-9,"Carc. 1B"
3698,H341,218-01-9,"Muta. 2"
3699,H400,218-01-9,"Aquatic Acute 1"
3700,H410,218-01-9,"Aquatic Chronic 1"
3701,H350,192-97-2,"Carc. 1B"
3702,H400,192-97-2,"Aquatic Acute 1"
3703,H410,192-97-2,"Aquatic Chronic 1"
3704,H315,768-56-9,"Skin Irrit. 2"
3705,H411,768-56-9,"Aquatic Chronic 2"
3706,H351,91-20-3,"Carc. 2"
3707,H302,91-20-3,"Acute Tox. 4"
3708,H400,91-20-3,"Aquatic Acute 1"
3709,H410,91-20-3,"Aquatic Chronic 1"
3710,H361fd,25154-52-3,"Repr. 2"
3711,H302,25154-52-3,"Acute Tox. 4"
3712,H314,25154-52-3,"Skin Corr. 1B"
3713,H400,25154-52-3,"Aquatic Acute 1"
3714,H410,25154-52-3,"Aquatic Chronic 1"
3715,H361fd,84852-15-3,"Repr. 2"
3716,H302,84852-15-3,"Acute Tox. 4"
3717,H314,84852-15-3,"Skin Corr. 1B"
3718,H400,84852-15-3,"Aquatic Acute 1"
3719,H410,84852-15-3,"Aquatic Chronic 1"
3720,H319,132983-41-6,"Eye Irrit. 2"
3721,H413,132983-41-6,"Aquatic Chronic 4"
3722,H315,73807-39-3,"Skin Irrit. 2"
3723,H400,73807-39-3,"Aquatic Acute 1"
3724,H410,73807-39-3,"Aquatic Chronic 1"
3725,H318,156679-41-3,"Eye Dam. 1"
3726,H317,156679-41-3,"Skin Sens. 1"
3727,H400,156679-41-3,"Aquatic Acute 1"
3728,H410,156679-41-3,"Aquatic Chronic 1"
3729,H315,83648-84-4,"Skin Irrit. 2"
3730,H317,83648-84-4,"Skin Sens. 1"
3731,H400,83648-84-4,"Aquatic Acute 1"
3732,H410,83648-84-4,"Aquatic Chronic 1"
3733,H315,15768-07-7,"Skin Irrit. 2"
3734,H319,15768-07-7,"Eye Irrit. 2"
3735,H411,15768-07-7,"Aquatic Chronic 2"
3736,H317,155522-09-1,"Skin Sens. 1"
3737,H332,151006-61-0,"Acute Tox. 4"
3738,H413,151006-61-0,"Aquatic Chronic 4"
3739,H317,78531-60-9,"Skin Sens. 1"
3740,H413,78531-60-9,"Aquatic Chronic 4"
3741,H350,15606-95-8,"Carc. 1A"
3742,H331,15606-95-8,"Acute Tox. 3"
3743,H301,15606-95-8,"Acute Tox. 3"
3744,H400,15606-95-8,"Aquatic Acute 1"
3745,H410,15606-95-8,"Aquatic Chronic 1"
3746,H302,18085-02-4,"Acute Tox. 4"
3747,H332,151006-58-5,"Acute Tox. 4"
3748,H413,151006-58-5,"Aquatic Chronic 4"
3749,H317,20627-73-0,"Skin Sens. 1"
3750,H411,20627-73-0,"Aquatic Chronic 2"
3751,H315,52783-21-8,"Skin Irrit. 2"
3752,H400,52783-21-8,"Aquatic Acute 1"
3753,H410,52783-21-8,"Aquatic Chronic 1"
3754,H226,461-96-1,"Flam. Liq. 3"
3755,H302,461-96-1,"Acute Tox. 4"
3756,H373,461-96-1,"STOT RE 2"
3757,H315,461-96-1,"Skin Irrit. 2"
3758,H317,461-96-1,"Skin Sens. 1"
3759,H400,461-96-1,"Aquatic Acute 1"
3760,H410,461-96-1,"Aquatic Chronic 1"
3761,H351,151882-81-4,"Carc. 2"
3762,H225,6746-94-7,"Flam. Liq. 2"
3763,H315,6746-94-7,"Skin Irrit. 2"
3764,H318,6746-94-7,"Eye Dam. 1"
3765,H412,6746-94-7,"Aquatic Chronic 3"
3766,H400,196965-91-0,"Aquatic Acute 1"
3767,H410,196965-91-0,"Aquatic Chronic 1"
3768,H315,4277-06-9,"Skin Irrit. 2"
3769,H317,4277-06-9,"Skin Sens. 1"
3770,H413,4277-06-9,"Aquatic Chronic 4"
3771,H304,22094-83-3,"Asp. Tox. 1"
3772,H315,22094-83-3,"Skin Irrit. 2"
3773,H413,22094-83-3,"Aquatic Chronic 4"
3774,H224,78-78-4,"Flam. Liq. 1"
3775,H304,78-78-4,"Asp. Tox. 1"
3776,H336,78-78-4,"STOT SE 3"
3777,H411,78-78-4,"Aquatic Chronic 2"
3778,H225,25167-70-8,"Flam. Liq. 2"
3779,H304,25167-70-8,"Asp. Tox. 1"
3780,H336,25167-70-8,"STOT SE 3"
3781,H351,100-40-3,"Carc. 2"
3782,H317,27519-02-4,"Skin Sens. 1B"
3783,H220,74-87-3,"Flam. Gas 1"
3784,H351,74-87-3,"Press. Gas"
3785,H373,74-87-3,"Carc. 2"
3786,H341,74-83-9,"Press. Gas"
3787,H331,74-83-9,"Muta. 2"
3788,H301,74-83-9,"Acute Tox. 3"
3789,H335,74-83-9,"Acute Tox. 3"
3790,H373,74-83-9,"STOT SE 3"
3791,H315,74-83-9,"STOT RE 2"
3792,H319,74-83-9,"Skin Irrit. 2"
3793,H400,74-83-9,"Eye Irrit. 2"
3794,H420,74-83-9,"Aquatic Acute 1"
3795,H332,74-95-3,"Acute Tox. 4"
3796,H412,74-95-3,"Aquatic Chronic 3"
3797,H351,75-09-2,"Carc. 2"
3798,H351,74-88-4,"Carc. 2"
3799,H331,74-88-4,"Acute Tox. 3"
3800,H301,74-88-4,"Acute Tox. 3"
3801,H312,74-88-4,"Acute Tox. 4"
3802,H335,74-88-4,"STOT SE 3"
3803,H315,74-88-4,"Skin Irrit. 2"
3804,H351,67-66-3,"Carc. 2"
3805,H361d,67-66-3,"Repr. 2"
3806,H331,67-66-3,"Acute Tox. 3"
3807,H302,67-66-3,"Acute Tox. 4"
3808,H372,67-66-3,"STOT RE 1"
3809,H315,67-66-3,"Skin Irrit. 2"
3810,H319,67-66-3,"Eye Irrit. 2"
3811,H331,75-25-2,"Acute Tox. 3"
3812,H302,75-25-2,"Acute Tox. 4"
3813,H315,75-25-2,"Skin Irrit. 2"
3814,H319,75-25-2,"Eye Irrit. 2"
3815,H411,75-25-2,"Aquatic Chronic 2"
3816,H351,56-23-5,"Carc. 2"
3817,H331,56-23-5,"Acute Tox. 3"
3818,H311,56-23-5,"Acute Tox. 3"
3819,H301,56-23-5,"Acute Tox. 3"
3820,H372,56-23-5,"STOT RE 1"
3821,H412,56-23-5,"Aquatic Chronic 3"
3822,H420,56-23-5,"Ozone 1"
3823,H220,75-00-3,"Flam. Gas 1"
3824,H351,75-00-3,"Press. Gas"
3825,H412,75-00-3,"Carc. 2"
3826,H350,106-93-4,"Carc. 1B"
3827,H331,106-93-4,"Acute Tox. 3"
3828,H311,106-93-4,"Acute Tox. 3"
3829,H301,106-93-4,"Acute Tox. 3"
3830,H335,106-93-4,"STOT SE 3"
3831,H315,106-93-4,"Skin Irrit. 2"
3832,H319,106-93-4,"Eye Irrit. 2"
3833,H411,106-93-4,"Aquatic Chronic 2"
3834,H225,75-34-3,"Flam. Liq. 2"
3835,H302,75-34-3,"Acute Tox. 4"
3836,H335,75-34-3,"STOT SE 3"
3837,H319,75-34-3,"Eye Irrit. 2"
3838,H412,75-34-3,"Aquatic Chronic 3"
3839,H225,107-06-2,"Flam. Liq. 2"
3840,H350,107-06-2,"Carc. 1B"
3841,H302,107-06-2,"Acute Tox. 4"
3842,H335,107-06-2,"STOT SE 3"
3843,H315,107-06-2,"Skin Irrit. 2"
3844,H319,107-06-2,"Eye Irrit. 2"
3845,H332,71-55-6,"Acute Tox. 4"
3846,H420,71-55-6,"Ozone 1"
3847,H351,79-00-5,"Carc. 2"
3848,H332,79-00-5,"Acute Tox. 4"
3849,H312,79-00-5,"Acute Tox. 4"
3850,H302,79-00-5,"Acute Tox. 4"
3851,H310,79-34-5,"Acute Tox. 1"
3852,H330,79-34-5,"Acute Tox. 2"
3853,H411,79-34-5,"Aquatic Chronic 2"
3854,H330,79-27-6,"Acute Tox. 2"
3855,H319,79-27-6,"Eye Irrit. 2"
3856,H412,79-27-6,"Aquatic Chronic 3"
3857,H351,76-01-7,"Carc. 2"
3858,H372,76-01-7,"STOT RE 1"
3859,H411,76-01-7,"Aquatic Chronic 2"
3860,H225,540-54-5,"Flam. Liq. 2"
3861,H332,540-54-5,"Acute Tox. 4"
3862,H312,540-54-5,"Acute Tox. 4"
3863,H302,540-54-5,"Acute Tox. 4"
3864,H225,75-29-6,"Flam. Liq. 2"
3865,H332,75-29-6,"Acute Tox. 4"
3866,H312,75-29-6,"Acute Tox. 4"
3867,H302,75-29-6,"Acute Tox. 4"
3868,H225,106-94-5,"Flam. Liq. 2"
3869,H360FD,106-94-5,"Repr. 1B"
3870,H335,106-94-5,"STOT SE 3"
3871,H336,106-94-5,"STOT SE 3"
3872,H373,106-94-5,"STOT RE 2"
3873,H315,106-94-5,"Skin Irrit. 2"
3874,H319,106-94-5,"Eye Irrit. 2"
3875,H225,78-87-5,"Flam. Liq. 2"
3876,H350,78-87-5,"Carc. 1B"
3877,H332,78-87-5,"Acute Tox. 4"
3878,H302,78-87-5,"Acute Tox. 4"
3879,H350,96-12-8,"Carc. 1B"
3880,H340,96-12-8,"Muta. 1B"
3881,H360F,96-12-8,"Repr. 1A"
3882,H301,96-12-8,"Acute Tox. 3"
3883,H373,96-12-8,"STOT RE 2"
3884,H412,96-12-8,"Aquatic Chronic 3"
3885,H225,543-59-9,"Flam. Liq. 2"
3886,H332,543-59-9,"Acute Tox. 4"
3887,H312,543-59-9,"Acute Tox. 4"
3888,H302,543-59-9,"Acute Tox. 4"
3889,H225,625-29-6,"Flam. Liq. 2"
3890,H332,625-29-6,"Acute Tox. 4"
3891,H312,625-29-6,"Acute Tox. 4"
3892,H302,625-29-6,"Acute Tox. 4"
3893,H225,616-20-6,"Flam. Liq. 2"
3894,H332,616-20-6,"Acute Tox. 4"
3895,H312,616-20-6,"Acute Tox. 4"
3896,H302,616-20-6,"Acute Tox. 4"
3897,H220,75-01-4,"Flam. Gas 1"
3898,H350,75-01-4,"Press. Gas"
3899,H220,593-60-2,"Flam. Gas 1"
3900,H350,593-60-2,"Press. Gas"
3901,H224,75-35-4,"Flam. Liq. 1"
3902,H351,75-35-4,"Carc. 2"
3903,H332,75-35-4,"Acute Tox. 4"
3904,H225,540-59-0,"Flam. Liq. 2"
3905,H332,540-59-0,"Acute Tox. 4"
3906,H412,540-59-0,"Aquatic Chronic 3"
3907,H225,156-59-2,"Flam. Liq. 2"
3908,H332,156-59-2,"Acute Tox. 4"
3909,H412,156-59-2,"Aquatic Chronic 3"
3910,H225,156-60-5,"Flam. Liq. 2"
3911,H332,156-60-5,"Acute Tox. 4"
3912,H412,156-60-5,"Aquatic Chronic 3"
3913,H350,79-01-6,"Carc. 1B"
3914,H341,79-01-6,"Muta. 2"
3915,H336,79-01-6,"STOT SE 3"
3916,H315,79-01-6,"Skin Irrit. 2"
3917,H319,79-01-6,"Eye Irrit. 2"
3918,H412,79-01-6,"Aquatic Chronic 3"
3919,H351,127-18-4,"Carc. 2"
3920,H411,127-18-4,"Aquatic Chronic 2"
3921,H225,107-05-1,"Flam. Liq. 2"
3922,H351,107-05-1,"Carc. 2"
3923,H341,107-05-1,"Muta. 2"
3924,H332,107-05-1,"Acute Tox. 4"
3925,H312,107-05-1,"Acute Tox. 4"
3926,H302,107-05-1,"Acute Tox. 4"
3927,H335,107-05-1,"STOT SE 3"
3928,H373,107-05-1,"STOT RE 2"
3929,H315,107-05-1,"Skin Irrit. 2"
3930,H319,107-05-1,"Eye Irrit. 2"
3931,H400,107-05-1,"Aquatic Acute 1"
3932,H226,542-75-6,"Flam. Liq. 3"
3933,H311,542-75-6,"Acute Tox. 3"
3934,H301,542-75-6,"Acute Tox. 3"
3935,H332,542-75-6,"Acute Tox. 4"
3936,H304,542-75-6,"Asp. Tox. 1"
3937,H335,542-75-6,"STOT SE 3"
3938,H315,542-75-6,"Skin Irrit. 2"
3939,H319,542-75-6,"Eye Irrit. 2"
3940,H317,542-75-6,"Skin Sens. 1"
3941,H400,542-75-6,"Aquatic Acute 1"
3942,H410,542-75-6,"Aquatic Chronic 1"
3943,H226,10061-01-5,"Flam. Liq. 3"
3944,H311,10061-01-5,"Acute Tox. 3"
3945,H301,10061-01-5,"Acute Tox. 3"
3946,H332,10061-01-5,"Acute Tox. 4"
3947,H304,10061-01-5,"Asp. Tox. 1"
3948,H335,10061-01-5,"STOT SE 3"
3949,H315,10061-01-5,"Skin Irrit. 2"
3950,H319,10061-01-5,"Eye Irrit. 2"
3951,H317,10061-01-5,"Skin Sens. 1"
3952,H400,10061-01-5,"Aquatic Acute 1"
3953,H410,10061-01-5,"Aquatic Chronic 1"
3954,H225,563-58-6,"Flam. Liq. 2"
3955,H301,563-58-6,"Acute Tox. 3"
3956,H412,563-58-6,"Aquatic Chronic 3"
3957,H225,563-47-3,"Flam. Liq. 2"
3958,H332,563-47-3,"Acute Tox. 4"
3959,H302,563-47-3,"Acute Tox. 4"
3960,H314,563-47-3,"Skin Corr. 1B"
3961,H317,563-47-3,"Skin Sens. 1"
3962,H411,563-47-3,"Aquatic Chronic 2"
3963,H226,108-90-7,"Flam. Liq. 3"
3964,H332,108-90-7,"Acute Tox. 4"
3965,H315,108-90-7,"Skin Irrit. 2"
3966,H411,108-90-7,"Aquatic Chronic 2"
3967,H302,95-50-1,"Acute Tox. 4"
3968,H335,95-50-1,"STOT SE 3"
3969,H315,95-50-1,"Skin Irrit. 2"
3970,H319,95-50-1,"Eye Irrit. 2"
3971,H400,95-50-1,"Aquatic Acute 1"
3972,H410,95-50-1,"Aquatic Chronic 1"
3973,H351,106-46-7,"Carc. 2"
3974,H319,106-46-7,"Eye Irrit. 2"
3975,H400,106-46-7,"Aquatic Acute 1"
3976,H410,106-46-7,"Aquatic Chronic 1"
3977,H225,126-99-8,"Flam. Liq. 2"
3978,H350,126-99-8,"Carc. 1B"
3979,H332,126-99-8,"Acute Tox. 4"
3980,H302,126-99-8,"Acute Tox. 4"
3981,H335,126-99-8,"STOT SE 3"
3982,H373,126-99-8,"STOT RE 2"
3983,H315,126-99-8,"Skin Irrit. 2"
3984,H319,126-99-8,"Eye Irrit. 2"
3985,H350,100-44-7,"Carc. 1B"
3986,H331,100-44-7,"Acute Tox. 3"
3987,H302,100-44-7,"Acute Tox. 4"
3988,H335,100-44-7,"STOT SE 3"
3989,H373,100-44-7,"STOT RE 2"
3990,H315,100-44-7,"Skin Irrit. 2"
3991,H318,100-44-7,"Eye Dam. 1"
3992,H350,98-07-7,"Carc. 1B"
3993,H331,98-07-7,"Acute Tox. 3"
3994,H302,98-07-7,"Acute Tox. 4"
3995,H335,98-07-7,"STOT SE 3"
3996,H315,98-07-7,"Skin Irrit. 2"
3997,H318,98-07-7,"Eye Dam. 1"
3998,H373,1336-36-3,"STOT RE 2"
3999,H400,1336-36-3,"Aquatic Acute 1"
4000,H410,1336-36-3,"Aquatic Chronic 1"
4001,H332,95-49-8,"Acute Tox. 4"
4002,H411,95-49-8,"Aquatic Chronic 2"
4003,H332,108-41-8,"Acute Tox. 4"
4004,H411,108-41-8,"Aquatic Chronic 2"
4005,H332,106-43-4,"Acute Tox. 4"
4006,H411,106-43-4,"Aquatic Chronic 2"
4007,H332,25168-05-2,"Acute Tox. 4"
4008,H411,25168-05-2,"Aquatic Chronic 2"
4009,H312,1321-64-8,"Acute Tox. 4"
4010,H302,1321-64-8,"Acute Tox. 4"
4011,H315,1321-64-8,"Skin Irrit. 2"
4012,H319,1321-64-8,"Eye Irrit. 2"
4013,H400,1321-64-8,"Aquatic Acute 1"
4014,H410,1321-64-8,"Aquatic Chronic 1"
4015,H362,58-89-9,Lact.
4016,H301,58-89-9,"Acute Tox. 3"
4017,H332,58-89-9,"Acute Tox. 4"
4018,H312,58-89-9,"Acute Tox. 4"
4019,H373,58-89-9,"STOT RE 2"
4020,H400,58-89-9,"Aquatic Acute 1"
4021,H410,58-89-9,"Aquatic Chronic 1"
4022,H351,8001-35-2,"Carc. 2"
4023,H301,8001-35-2,"Acute Tox. 3"
4024,H312,8001-35-2,"Acute Tox. 4"
4025,H335,8001-35-2,"STOT SE 3"
4026,H315,8001-35-2,"Skin Irrit. 2"
4027,H400,8001-35-2,"Aquatic Acute 1"
4028,H410,8001-35-2,"Aquatic Chronic 1"
4029,H351,50-29-3,"Carc. 2"
4030,H301,50-29-3,"Acute Tox. 3"
4031,H372,50-29-3,"STOT RE 1"
4032,H400,50-29-3,"Aquatic Acute 1"
4033,H410,50-29-3,"Aquatic Chronic 1"
4034,H351,76-44-8,"Carc. 2"
4035,H311,76-44-8,"Acute Tox. 3"
4036,H301,76-44-8,"Acute Tox. 3"
4037,H373,76-44-8,"STOT RE 2"
4038,H400,76-44-8,"Aquatic Acute 1"
4039,H410,76-44-8,"Aquatic Chronic 1"
4040,H351,57-74-9,"Carc. 2"
4041,H312,57-74-9,"Acute Tox. 4"
4042,H302,57-74-9,"Acute Tox. 4"
4043,H400,57-74-9,"Aquatic Acute 1"
4044,H410,57-74-9,"Aquatic Chronic 1"
4045,H351,309-00-2,"Carc. 2"
4046,H311,309-00-2,"Acute Tox. 3"
4047,H301,309-00-2,"Acute Tox. 3"
4048,H372,309-00-2,"STOT RE 1"
4049,H400,309-00-2,"Aquatic Acute 1"
4050,H410,309-00-2,"Aquatic Chronic 1"
4051,H351,60-57-1,"Carc. 2"
4052,H310,60-57-1,"Acute Tox. 1"
4053,H301,60-57-1,"Acute Tox. 3"
4054,H372,60-57-1,"STOT RE 1"
4055,H400,60-57-1,"Aquatic Acute 1"
4056,H410,60-57-1,"Aquatic Chronic 1"
4057,H310,465-73-6,"Acute Tox. 1"
4058,H330,465-73-6,"Acute Tox. 2"
4059,H300,465-73-6,"Acute Tox. 2"
4060,H400,465-73-6,"Aquatic Acute 1"
4061,H410,465-73-6,"Aquatic Chronic 1"
4062,H300,72-20-8,"Acute Tox. 2"
4063,H311,72-20-8,"Acute Tox. 3"
4064,H400,72-20-8,"Aquatic Acute 1"
4065,H410,72-20-8,"Aquatic Chronic 1"
4066,H330,115-29-7,"Acute Tox. 2"
4067,H300,115-29-7,"Acute Tox. 2"
4068,H312,115-29-7,"Acute Tox. 4"
4069,H400,115-29-7,"Aquatic Acute 1"
4070,H410,115-29-7,"Aquatic Chronic 1"
4071,H310,297-78-9,"Acute Tox. 1"
4072,H300,297-78-9,"Acute Tox. 2"
4073,H400,297-78-9,"Aquatic Acute 1"
4074,H225,556-56-9,"Flam. Liq. 2"
4075,H314,556-56-9,"Skin Corr. 1B"
4076,H225,74-96-4,"Flam. Liq. 2"
4077,H351,74-96-4,"Carc. 2"
4078,H332,74-96-4,"Acute Tox. 4"
4079,H302,74-96-4,"Acute Tox. 4"
4080,H225,98-08-8,"Flam. Liq. 2"
4081,H411,98-08-8,"Aquatic Chronic 2"
4082,H335,100-39-0,"STOT SE 3"
4083,H315,100-39-0,"Skin Irrit. 2"
4084,H319,100-39-0,"Eye Irrit. 2"
4085,H351,98-87-3,"Carc. 2"
4086,H331,98-87-3,"Acute Tox. 3"
4087,H302,98-87-3,"Acute Tox. 4"
4088,H335,98-87-3,"STOT SE 3"
4089,H315,98-87-3,"Skin Irrit. 2"
4090,H318,98-87-3,"Eye Dam. 1"
4091,H225,109-69-3,"Flam. Liq. 2"
4092,H226,108-86-1,"Flam. Liq. 3"
4093,H315,108-86-1,"Skin Irrit. 2"
4094,H411,108-86-1,"Aquatic Chronic 2"
4095,H332,116-15-4,"Press. Gas"
4096,H335,116-15-4,"Acute Tox. 4"
4097,H350,96-18-4,"Carc. 1B"
4098,H360F,96-18-4,"Repr. 1B"
4099,H332,96-18-4,"Acute Tox. 4"
4100,H312,96-18-4,"Acute Tox. 4"
4101,H302,96-18-4,"Acute Tox. 4"
4102,H351,1024-57-3,"Carc. 2"
4103,H301,1024-57-3,"Acute Tox. 3"
4104,H373,1024-57-3,"STOT RE 2"
4105,H400,1024-57-3,"Aquatic Acute 1"
4106,H410,1024-57-3,"Aquatic Chronic 1"
4107,H350,96-23-1,"Carc. 1B"
4108,H301,96-23-1,"Acute Tox. 3"
4109,H312,96-23-1,"Acute Tox. 4"
4110,H350,118-74-1,"Carc. 1B"
4111,H372,118-74-1,"STOT RE 1"
4112,H400,118-74-1,"Aquatic Acute 1"
4113,H410,118-74-1,"Aquatic Chronic 1"
4114,H315,118-75-2,"Skin Irrit. 2"
4115,H319,118-75-2,"Eye Irrit. 2"
4116,H400,118-75-2,"Aquatic Acute 1"
4117,H410,118-75-2,"Aquatic Chronic 1"
4118,H302,541-73-1,"Acute Tox. 4"
4119,H411,541-73-1,"Aquatic Chronic 2"
4120,H315,2514-53-6,"Skin Irrit. 2"
4121,H200,7572-29-4,"Unst. Expl."
4122,H351,7572-29-4,"Carc. 2"
4123,H373,7572-29-4,"STOT RE 2"
4124,H226,77227-99-7,"Flam. Liq. 3"
4125,H332,77227-99-7,"Acute Tox. 4"
4126,H302,77227-99-7,"Acute Tox. 4"
4127,H400,77227-99-7,"Aquatic Acute 1"
4128,H373,99688-47-8,"STOT RE 2"
4129,H317,99688-47-8,"Skin Sens. 1"
4130,H400,99688-47-8,"Aquatic Acute 1"
4131,H410,99688-47-8,"Aquatic Chronic 1"
4132,H400,76253-60-6,"Aquatic Acute 1"
4133,H410,76253-60-6,"Aquatic Chronic 1"
4134,H350,764-41-0,"Carc. 1B"
4135,H330,764-41-0,"Acute Tox. 2"
4136,H311,764-41-0,"Acute Tox. 3"
4137,H301,764-41-0,"Acute Tox. 3"
4138,H314,764-41-0,"Skin Corr. 1B"
4139,H400,764-41-0,"Aquatic Acute 1"
4140,H410,764-41-0,"Aquatic Chronic 1"
4141,H228,608-93-5,"Flam. Sol. 1"
4142,H302,608-93-5,"Acute Tox. 4"
4143,H400,608-93-5,"Aquatic Acute 1"
4144,H410,608-93-5,"Aquatic Chronic 1"
4145,H330,22432-68-4,"Acute Tox. 2"
4146,H302,22432-68-4,"Acute Tox. 4"
4147,H314,22432-68-4,"Skin Corr. 1B"
4148,H351,2431-50-7,"Carc. 2"
4149,H331,2431-50-7,"Acute Tox. 3"
4150,H302,2431-50-7,"Acute Tox. 4"
4151,H335,2431-50-7,"STOT SE 3"
4152,H315,2431-50-7,"Skin Irrit. 2"
4153,H319,2431-50-7,"Eye Irrit. 2"
4154,H400,2431-50-7,"Aquatic Acute 1"
4155,H410,2431-50-7,"Aquatic Chronic 1"
4156,H351,2385-85-5,"Carc. 2"
4157,H361fd,2385-85-5,"Repr. 2"
4158,H362,2385-85-5,Lact.
4159,H312,2385-85-5,"Acute Tox. 4"
4160,H302,2385-85-5,"Acute Tox. 4"
4161,H400,2385-85-5,"Aquatic Acute 1"
4162,H410,2385-85-5,"Aquatic Chronic 1"
4163,H330,77-47-4,"Acute Tox. 2"
4164,H311,77-47-4,"Acute Tox. 3"
4165,H302,77-47-4,"Acute Tox. 4"
4166,H314,77-47-4,"Skin Corr. 1B"
4167,H400,77-47-4,"Aquatic Acute 1"
4168,H410,77-47-4,"Aquatic Chronic 1"
4169,H225,78-88-6,"Flam. Liq. 2"
4170,H341,78-88-6,"Muta. 2"
4171,H332,78-88-6,"Acute Tox. 4"
4172,H312,78-88-6,"Acute Tox. 4"
4173,H302,78-88-6,"Acute Tox. 4"
4174,H335,78-88-6,"STOT SE 3"
4175,H315,78-88-6,"Skin Irrit. 2"
4176,H318,78-88-6,"Eye Dam. 1"
4177,H412,78-88-6,"Aquatic Chronic 3"
4178,H351,85535-84-8,"Carc. 2"
4179,H400,85535-84-8,"Aquatic Acute 1"
4180,H410,85535-84-8,"Aquatic Chronic 1"
4181,H317,109678-33-3,"Skin Sens. 1"
4182,H411,109678-33-3,"Aquatic Chronic 2"
4183,H362,32534-81-9,Lact.
4184,H373,32534-81-9,"STOT RE 2"
4185,H400,32534-81-9,"Aquatic Acute 1"
4186,H410,32534-81-9,"Aquatic Chronic 1"
4187,H412,1717-00-6,"Aquatic Chronic 3"
4188,H420,1717-00-6,"Ozone 1"
4189,H225,75-26-3,"Flam. Liq. 2"
4190,H360F,75-26-3,"Repr. 1A"
4191,H373,75-26-3,"STOT RE 2"
4192,H341,2314-97-8,"Muta. 2"
4193,H302,120-82-1,"Acute Tox. 4"
4194,H315,120-82-1,"Skin Irrit. 2"
4195,H400,120-82-1,"Aquatic Acute 1"
4196,H410,120-82-1,"Aquatic Chronic 1"
4197,H350,96-13-9,"Carc. 1B"
4198,H361f,96-13-9,"Repr. 2"
4199,H311,96-13-9,"Acute Tox. 3"
4200,H332,96-13-9,"Acute Tox. 4"
4201,H302,96-13-9,"Acute Tox. 4"
4202,H412,96-13-9,"Aquatic Chronic 3"
4203,H302,60811-21-4,"Acute Tox. 4"
4204,H315,60811-21-4,"Skin Irrit. 2"
4205,H400,60811-21-4,"Aquatic Acute 1"
4206,H410,60811-21-4,"Aquatic Chronic 1"
4207,H315,121626-73-1,"Skin Irrit. 2"
4208,H411,121626-73-1,"Aquatic Chronic 2"
4209,H302,1435-48-9,"Acute Tox. 4"
4210,H373,1435-48-9,"STOT RE 2"
4211,H315,1435-48-9,"Skin Irrit. 2"
4212,H411,1435-48-9,"Aquatic Chronic 2"
4213,H226,138526-69-9,"Flam. Liq. 3"
4214,H351,138526-69-9,"Carc. 2"
4215,H315,138526-69-9,"Skin Irrit. 2"
4216,H318,138526-69-9,"Eye Dam. 1"
4217,H411,138526-69-9,"Aquatic Chronic 2"
4218,H350,5216-25-1,"Carc. 1B"
4219,H361f,5216-25-1,"Repr. 2"
4220,H312,5216-25-1,"Acute Tox. 4"
4221,H302,5216-25-1,"Acute Tox. 4"
4222,H335,5216-25-1,"STOT SE 3"
4223,H372,5216-25-1,"STOT RE 1"
4224,H315,5216-25-1,"Skin Irrit. 2"
4225,H360Df,32536-52-0,"Repr. 1B"
4226,H362,85535-85-9,Lact.
4227,H400,85535-85-9,"Aquatic Acute 1"
4228,H410,85535-85-9,"Aquatic Chronic 1"
4229,H361d,569-64-2,"Repr. 2"
4230,H302,569-64-2,"Acute Tox. 4"
4231,H318,569-64-2,"Eye Dam. 1"
4232,H400,569-64-2,"Aquatic Acute 1"
4233,H410,569-64-2,"Aquatic Chronic 1"
4234,H361d,2437-29-8,"Repr. 2"
4235,H302,2437-29-8,"Acute Tox. 4"
4236,H318,2437-29-8,"Eye Dam. 1"
4237,H400,2437-29-8,"Aquatic Acute 1"
4238,H410,2437-29-8,"Aquatic Chronic 1"
4239,H317,148757-89-5,"Skin Sens. 1"
4240,H400,148757-89-5,"Aquatic Acute 1"
4241,H410,148757-89-5,"Aquatic Chronic 1"
4242,H317,57999-49-2,"Skin Sens. 1"
4243,H411,57999-49-2,"Aquatic Chronic 2"
4244,H373,141772-37-4,"STOT RE 2"
4245,H317,141772-37-4,"Skin Sens. 1"
4246,H400,141772-37-4,"Aquatic Acute 1"
4247,H410,141772-37-4,"Aquatic Chronic 1"
4248,H225,406-58-6,"Flam. Liq. 2"
4249,H315,41870-52-4,"Skin Irrit. 2"
4250,H400,41870-52-4,"Aquatic Acute 1"
4251,H410,41870-52-4,"Aquatic Chronic 1"
4252,H318,102061-82-5,"Eye Dam. 1"
4253,H317,102061-82-5,"Skin Sens. 1"
4254,H302,444-14-4,"Acute Tox. 4"
4255,H411,444-14-4,"Aquatic Chronic 2"
4256,H302,33831-83-3,"Acute Tox. 4"
4257,H315,33831-83-3,"Skin Irrit. 2"
4258,H411,33831-83-3,"Aquatic Chronic 2"
4259,H302,4084-38-2,"Acute Tox. 4"
4260,H319,4084-38-2,"Eye Irrit. 2"
4261,H317,4084-38-2,"Skin Sens. 1"
4262,H361,25637-99-4,"Repr. 2"
4263,H362,25637-99-4,Lact.
4264,H361,3194-55-6,"Repr. 2"
4265,H362,3194-55-6,Lact.
4266,H225,67-56-1,"Flam. Liq. 2"
4267,H331,67-56-1,"Acute Tox. 3"
4268,H311,67-56-1,"Acute Tox. 3"
4269,H301,67-56-1,"Acute Tox. 3"
4270,H370,67-56-1,"STOT SE 1"
4271,H225,64-17-5,"Flam. Liq. 2"
4272,H225,71-23-8,"Flam. Liq. 2"
4273,H336,71-23-8,"STOT SE 3"
4274,H318,71-23-8,"Eye Dam. 1"
4275,H226,71-36-3,"Flam. Liq. 3"
4276,H302,71-36-3,"Acute Tox. 4"
4277,H335,71-36-3,"STOT SE 3"
4278,H336,71-36-3,"STOT SE 3"
4279,H315,71-36-3,"Skin Irrit. 2"
4280,H318,71-36-3,"Eye Dam. 1"
4281,H225,75-65-0,"Flam. Liq. 2"
4282,H332,75-65-0,"Acute Tox. 4"
4283,H335,75-65-0,"STOT SE 3"
4284,H319,75-65-0,"Eye Irrit. 2"
4285,H225,75-85-4,"Flam. Liq. 2"
4286,H332,75-85-4,"Acute Tox. 4"
4287,H335,75-85-4,"STOT SE 3"
4288,H315,75-85-4,"Skin Irrit. 2"
4289,H226,108-11-2,"Flam. Liq. 3"
4290,H335,108-11-2,"STOT SE 3"
4291,H332,108-93-0,"Acute Tox. 4"
4292,H302,108-93-0,"Acute Tox. 4"
4293,H335,108-93-0,"STOT SE 3"
4294,H315,108-93-0,"Skin Irrit. 2"
4295,H332,583-59-5,"Acute Tox. 4"
4296,H332,7443-70-1,"Acute Tox. 4"
4297,H332,7443-52-9,"Acute Tox. 4"
4298,H226,109-86-4,"Flam. Liq. 3"
4299,H360FD,109-86-4,"Repr. 1B"
4300,H332,109-86-4,"Acute Tox. 4"
4301,H312,109-86-4,"Acute Tox. 4"
4302,H302,109-86-4,"Acute Tox. 4"
4303,H226,110-80-5,"Flam. Liq. 3"
4304,H360FD,110-80-5,"Repr. 1B"
4305,H331,110-80-5,"Acute Tox. 3"
4306,H302,110-80-5,"Acute Tox. 4"
4307,H332,109-59-1,"Acute Tox. 4"
4308,H312,109-59-1,"Acute Tox. 4"
4309,H319,109-59-1,"Eye Irrit. 2"
4310,H332,111-76-2,"Acute Tox. 4"
4311,H312,111-76-2,"Acute Tox. 4"
4312,H302,111-76-2,"Acute Tox. 4"
4313,H315,111-76-2,"Skin Irrit. 2"
4314,H319,111-76-2,"Eye Irrit. 2"
4315,H225,107-18-6,"Flam. Liq. 2"
4316,H331,107-18-6,"Acute Tox. 3"
4317,H311,107-18-6,"Acute Tox. 3"
4318,H301,107-18-6,"Acute Tox. 3"
4319,H335,107-18-6,"STOT SE 3"
4320,H315,107-18-6,"Skin Irrit. 2"
4321,H319,107-18-6,"Eye Irrit. 2"
4322,H400,107-18-6,"Aquatic Acute 1"
4323,H319,123-42-2,"Eye Irrit. 2"
4324,H351,98-00-0,"Carc. 2"
4325,H331,98-00-0,"Acute Tox. 3"
4326,H312,98-00-0,"Acute Tox. 4"
4327,H302,98-00-0,"Acute Tox. 4"
4328,H335,98-00-0,"STOT SE 3"
4329,H373,98-00-0,"STOT RE 2"
4330,H319,98-00-0,"Eye Irrit. 2"
4331,H220,115-10-6,"Flam. Gas 1"
4332,H220,540-67-0,"Flam. Gas 1"
4333,H220,107-25-5,"Flam. Gas 1"
4334,H224,60-29-7,"Flam. Liq. 1"
4335,H302,60-29-7,"Acute Tox. 4"
4336,H336,60-29-7,"STOT SE 3"
4337,H220,75-21-8,"Flam. Gas 1"
4338,H350,75-21-8,"Press. Gas"
4339,H340,75-21-8,"Carc. 1B"
4340,H331,75-21-8,"Muta. 1B"
4341,H335,75-21-8,"Acute Tox. 3"
4342,H315,75-21-8,"STOT SE 3"
4343,H319,75-21-8,"Skin Irrit. 2"
4344,H225,123-91-1,"Flam. Liq. 2"
4345,H351,123-91-1,"Carc. 2"
4346,H335,123-91-1,"STOT SE 3"
4347,H319,123-91-1,"Eye Irrit. 2"
4348,H225,109-99-9,"Flam. Liq. 2"
4349,H351,109-99-9,"Carc. 2"
4350,H335,109-99-9,"STOT SE 3"
4351,H319,109-99-9,"Eye Irrit. 2"
4352,H226,106-89-8,"Flam. Liq. 3"
4353,H350,106-89-8,"Carc. 1B"
4354,H331,106-89-8,"Acute Tox. 3"
4355,H311,106-89-8,"Acute Tox. 3"
4356,H301,106-89-8,"Acute Tox. 3"
4357,H314,106-89-8,"Skin Corr. 1B"
4358,H317,106-89-8,"Skin Sens. 1"
4359,H302,107-21-1,"Acute Tox. 4"
4360,H310,107-07-3,"Acute Tox. 1"
4361,H330,107-07-3,"Acute Tox. 2"
4362,H300,107-07-3,"Acute Tox. 2"
4363,H351,111-44-4,"Carc. 2"
4364,H310,111-44-4,"Acute Tox. 1"
4365,H330,111-44-4,"Acute Tox. 2"
4366,H300,111-44-4,"Acute Tox. 2"
4367,H332,141-43-5,"Acute Tox. 4"
4368,H312,141-43-5,"Acute Tox. 4"
4369,H302,141-43-5,"Acute Tox. 4"
4370,H314,141-43-5,"Skin Corr. 1B"
4371,H225,110-71-4,"Flam. Liq. 2"
4372,H360FD,110-71-4,"Repr. 1B"
4373,H332,110-71-4,"Acute Tox. 4"
4374,H200,628-96-6,"Unst. Expl."
4375,H310,628-96-6,"Acute Tox. 1"
4376,H330,628-96-6,"Acute Tox. 2"
4377,H300,628-96-6,"Acute Tox. 2"
4378,H373,628-96-6,"STOT RE 2"
4379,H310,693-21-0,"Acute Tox. 1"
4380,H330,693-21-0,"Acute Tox. 2"
4381,H300,693-21-0,"Acute Tox. 2"
4382,H373,693-21-0,"STOT RE 2"
4383,H412,693-21-0,"Aquatic Chronic 3"
4384,H200,693-21-0,"Unst. Expl"
4385,H200,55-63-0,"Unst. Expl."
4386,H310,55-63-0,"Acute Tox. 1"
4387,H330,55-63-0,"Acute Tox. 2"
4388,H300,55-63-0,"Acute Tox. 2"
4389,H373,55-63-0,"STOT RE 2"
4390,H411,55-63-0,"Aquatic Chronic 2"
4391,H200,78-11-5,"Unst. Expl."
4392,H200,15825-70-4,"Unst. Expl."
4393,H226,106-92-3,"Flam. Liq. 3"
4394,H351,106-92-3,"Carc. 2"
4395,H341,106-92-3,"Muta. 2"
4396,H361f,106-92-3,"Repr. 2"
4397,H332,106-92-3,"Acute Tox. 4"
4398,H302,106-92-3,"Acute Tox. 4"
4399,H335,106-92-3,"STOT SE 3"
4400,H315,106-92-3,"Skin Irrit. 2"
4401,H318,106-92-3,"Eye Dam. 1"
4402,H317,106-92-3,"Skin Sens. 1"
4403,H412,106-92-3,"Aquatic Chronic 3"
4404,H226,2426-08-6,"Flam. Liq. 3"
4405,H351,2426-08-6,"Carc. 2"
4406,H341,2426-08-6,"Muta. 2"
4407,H332,2426-08-6,"Acute Tox. 4"
4408,H302,2426-08-6,"Acute Tox. 4"
4409,H335,2426-08-6,"STOT SE 3"
4410,H317,2426-08-6,"Skin Sens. 1"
4411,H412,2426-08-6,"Aquatic Chronic 3"
4412,H251,124-41-4,"Self-heat. 1"
4413,H314,124-41-4,"Skin Corr. 1B"
4414,H251,865-33-8,"Self-heat. 1"
4415,H314,865-33-8,"Skin Corr. 1B"
4416,H251,865-34-9,"Self-heat. 1"
4417,H314,865-34-9,"Skin Corr. 1B"
4418,H251,917-58-8,"Self-heat. 1"
4419,H314,917-58-8,"Skin Corr. 1B"
4420,H251,141-52-6,"Self-heat. 1"
4421,H314,141-52-6,"Skin Corr. 1B"
4422,H228,555-31-7,"Flam. Sol. 1"
4423,H302,26766-27-8,"Acute Tox. 4"
4424,H312,115-32-2,"Acute Tox. 4"
4425,H302,115-32-2,"Acute Tox. 4"
4426,H315,115-32-2,"Skin Irrit. 2"
4427,H317,115-32-2,"Skin Sens. 1"
4428,H400,115-32-2,"Aquatic Acute 1"
4429,H410,115-32-2,"Aquatic Chronic 1"
4430,H225,108-20-3,"Flam. Liq. 2"
4431,H336,108-20-3,"STOT SE 3"
4432,H225,111-43-3,"Flam. Liq. 2"
4433,H336,111-43-3,"STOT SE 3"
4434,H225,542-88-1,"Flam. Liq. 2"
4435,H350,542-88-1,"Carc. 1A"
4436,H330,542-88-1,"Acute Tox. 2"
4437,H311,542-88-1,"Acute Tox. 3"
4438,H302,542-88-1,"Acute Tox. 4"
4439,H226,108-01-0,"Flam. Liq. 3"
4440,H332,108-01-0,"Acute Tox. 4"
4441,H312,108-01-0,"Acute Tox. 4"
4442,H302,108-01-0,"Acute Tox. 4"
4443,H314,108-01-0,"Skin Corr. 1B"
4444,H226,100-37-8,"Flam. Liq. 3"
4445,H332,100-37-8,"Acute Tox. 4"
4446,H312,100-37-8,"Acute Tox. 4"
4447,H302,100-37-8,"Acute Tox. 4"
4448,H314,100-37-8,"Skin Corr. 1B"
4449,H302,80-06-8,"Acute Tox. 4"
4450,H411,80-06-8,"Aquatic Chronic 2"
4451,H312,24083-03-2,"Acute Tox. 4"
4452,H302,24083-03-2,"Acute Tox. 4"
4453,H312,97-95-0,"Acute Tox. 4"
4454,H302,97-95-0,"Acute Tox. 4"
4455,H315,5131-66-8,"Skin Irrit. 2"
4456,H319,5131-66-8,"Eye Irrit. 2"
4457,H315,107-41-5,"Skin Irrit. 2"
4458,H319,107-41-5,"Eye Irrit. 2"
4459,H226,142-96-1,"Flam. Liq. 3"
4460,H335,142-96-1,"STOT SE 3"
4461,H315,142-96-1,"Skin Irrit. 2"
4462,H319,142-96-1,"Eye Irrit. 2"
4463,H412,142-96-1,"Aquatic Chronic 3"
4464,H224,75-56-9,"Flam. Liq. 1"
4465,H350,75-56-9,"Carc. 1B"
4466,H340,75-56-9,"Muta. 1B"
4467,H331,75-56-9,"Acute Tox. 3"
4468,H311,75-56-9,"Acute Tox. 3"
4469,H302,75-56-9,"Acute Tox. 4"
4470,H335,75-56-9,"STOT SE 3"
4471,H319,75-56-9,"Eye Irrit. 2"
4472,H341,2186-24-5,"Muta. 2"
4473,H315,2186-24-5,"Skin Irrit. 2"
4474,H317,2186-24-5,"Skin Sens. 1"
4475,H411,2186-24-5,"Aquatic Chronic 2"
4476,H341,2186-25-6,"Muta. 2"
4477,H315,2186-25-6,"Skin Irrit. 2"
4478,H317,2186-25-6,"Skin Sens. 1"
4479,H411,2186-25-6,"Aquatic Chronic 2"
4480,H341,2210-79-9,"Muta. 2"
4481,H315,2210-79-9,"Skin Irrit. 2"
4482,H317,2210-79-9,"Skin Sens. 1"
4483,H411,2210-79-9,"Aquatic Chronic 2"
4484,H341,26447-14-3,"Muta. 2"
4485,H315,26447-14-3,"Skin Irrit. 2"
4486,H317,26447-14-3,"Skin Sens. 1"
4487,H411,26447-14-3,"Aquatic Chronic 2"
4488,H332,100-51-6,"Acute Tox. 4"
4489,H302,100-51-6,"Acute Tox. 4"
4490,H225,503-30-0,"Flam. Liq. 2"
4491,H332,503-30-0,"Acute Tox. 4"
4492,H312,503-30-0,"Acute Tox. 4"
4493,H302,503-30-0,"Acute Tox. 4"
4494,H302,111-27-3,"Acute Tox. 4"
4495,H350,1464-53-5,"Carc. 1B"
4496,H340,1464-53-5,"Muta. 1B"
4497,H330,1464-53-5,"Acute Tox. 2"
4498,H311,1464-53-5,"Acute Tox. 3"
4499,H301,1464-53-5,"Acute Tox. 3"
4500,H314,1464-53-5,"Skin Corr. 1B"
4501,H360Df,97-99-4,"Repr. 1B"
4502,H319,97-99-4,"Eye Irrit. 2"
4503,H335,104-80-3,"STOT SE 3"
4504,H315,104-80-3,"Skin Irrit. 2"
4505,H319,104-80-3,"Eye Irrit. 2"
4506,H350,556-52-5,"Carc. 1B"
4507,H341,556-52-5,"Muta. 2"
4508,H360F,556-52-5,"Repr. 1B"
4509,H331,556-52-5,"Acute Tox. 3"
4510,H312,556-52-5,"Acute Tox. 4"
4511,H302,556-52-5,"Acute Tox. 4"
4512,H335,556-52-5,"STOT SE 3"
4513,H315,556-52-5,"Skin Irrit. 2"
4514,H319,556-52-5,"Eye Irrit. 2"
4515,H226,107-98-2,"Flam. Liq. 3"
4516,H336,107-98-2,"STOT SE 3"
4517,H351,101-90-6,"Carc. 2"
4518,H341,101-90-6,"Muta. 2"
4519,H312,101-90-6,"Acute Tox. 4"
4520,H302,101-90-6,"Acute Tox. 4"
4521,H315,101-90-6,"Skin Irrit. 2"
4522,H319,101-90-6,"Eye Irrit. 2"
4523,H317,101-90-6,"Skin Sens. 1"
4524,H412,101-90-6,"Aquatic Chronic 3"
4525,H351,106-87-6,"Carc. 2"
4526,H331,106-87-6,"Acute Tox. 3"
4527,H311,106-87-6,"Acute Tox. 3"
4528,H301,106-87-6,"Acute Tox. 3"
4529,H350,122-60-1,"Carc. 1B"
4530,H341,122-60-1,"Muta. 2"
4531,H332,122-60-1,"Acute Tox. 4"
4532,H335,122-60-1,"STOT SE 3"
4533,H315,122-60-1,"Skin Irrit. 2"
4534,H317,122-60-1,"Skin Sens. 1"
4535,H412,122-60-1,"Aquatic Chronic 3"
4536,H315,130014-35-6,"Skin Irrit. 2"
4537,H319,130014-35-6,"Eye Irrit. 2"
4538,H317,130014-35-6,"Skin Sens. 1"
4539,H302,90-72-2,"Acute Tox. 4"
4540,H315,90-72-2,"Skin Irrit. 2"
4541,H319,90-72-2,"Eye Irrit. 2"
4542,H315,124-68-5,"Skin Irrit. 2"
4543,H319,124-68-5,"Eye Irrit. 2"
4544,H412,124-68-5,"Aquatic Chronic 3"
4545,H302,111-42-2,"Acute Tox. 4"
4546,H373,111-42-2,"STOT RE 2"
4547,H315,111-42-2,"Skin Irrit. 2"
4548,H318,111-42-2,"Eye Dam. 1"
4549,H332,2425-79-8,"Acute Tox. 4"
4550,H312,2425-79-8,"Acute Tox. 4"
4551,H315,2425-79-8,"Skin Irrit. 2"
4552,H319,2425-79-8,"Eye Irrit. 2"
4553,H317,2425-79-8,"Skin Sens. 1"
4554,H315,1675-54-3,"Skin Irrit. 2"
4555,H319,1675-54-3,"Eye Irrit. 2"
4556,H317,1675-54-3,"Skin Sens. 1"
4557,H315,25068-38-6,"Skin Irrit. 2"
4558,H319,25068-38-6,"Eye Irrit. 2"
4559,H317,25068-38-6,"Skin Sens. 1"
4560,H411,25068-38-6,"Aquatic Chronic 2"
4561,H225,107-30-2,"Flam. Liq. 2"
4562,H350,107-30-2,"Carc. 1A"
4563,H332,107-30-2,"Acute Tox. 4"
4564,H312,107-30-2,"Acute Tox. 4"
4565,H302,107-30-2,"Acute Tox. 4"
4566,H331,110-65-6,"Acute Tox. 3"
4567,H301,110-65-6,"Acute Tox. 3"
4568,H312,110-65-6,"Acute Tox. 4"
4569,H373,110-65-6,"STOT RE 2"
4570,H314,110-65-6,"Skin Corr. 1B"
4571,H317,110-65-6,"Skin Sens. 1"
4572,H226,108-16-7,"Flam. Liq. 3"
4573,H302,108-16-7,"Acute Tox. 4"
4574,H314,108-16-7,"Skin Corr. 1B"
4575,H226,107-19-7,"Flam. Liq. 3"
4576,H331,107-19-7,"Acute Tox. 3"
4577,H311,107-19-7,"Acute Tox. 3"
4578,H301,107-19-7,"Acute Tox. 3"
4579,H314,107-19-7,"Skin Corr. 1B"
4580,H411,107-19-7,"Aquatic Chronic 2"
4581,H319,105-59-9,"Eye Irrit. 2"
4582,H312,109-83-1,"Acute Tox. 4"
4583,H302,109-83-1,"Acute Tox. 4"
4584,H314,109-83-1,"Skin Corr. 1B"
4585,H319,111-48-8,"Eye Irrit. 2"
4586,H314,78-96-6,"Skin Corr. 1B"
4587,H319,110-97-4,"Eye Irrit. 2"
4588,H350,96-09-3,"Carc. 1B"
4589,H312,96-09-3,"Acute Tox. 4"
4590,H319,96-09-3,"Eye Irrit. 2"
4591,H312,52-51-7,"Acute Tox. 4"
4592,H302,52-51-7,"Acute Tox. 4"
4593,H335,52-51-7,"STOT SE 3"
4594,H315,52-51-7,"Skin Irrit. 2"
4595,H318,52-51-7,"Eye Dam. 1"
4596,H400,52-51-7,"Aquatic Acute 1"
4597,H312,23947-60-6,"Acute Tox. 4"
4598,H318,94-96-2,"Eye Dam. 1"
4599,H318,3547-33-9,"Eye Dam. 1"
4600,H302,4463-59-6,"Acute Tox. 4"
4601,H412,4463-59-6,"Aquatic Chronic 3"
4602,H302,87172-89-2,"Acute Tox. 4"
4603,H318,87172-89-2,"Eye Dam. 1"
4604,H317,92585-24-5,"Skin Sens. 1"
4605,H411,92585-24-5,"Aquatic Chronic 2"
4606,H332,87818-31-3,"Acute Tox. 4"
4607,H411,87818-31-3,"Aquatic Chronic 2"
4608,H315,17557-23-2,"Skin Irrit. 2"
4609,H317,17557-23-2,"Skin Sens. 1"
4610,H312,2807-30-9,"Acute Tox. 4"
4611,H319,2807-30-9,"Eye Irrit. 2"
4612,H319,112-34-5,"Eye Irrit. 2"
4613,H319,122-20-3,"Eye Irrit. 2"
4614,H302,122-99-6,"Acute Tox. 4"
4615,H319,122-99-6,"Eye Irrit. 2"
4616,H302,93633-79-5,"Acute Tox. 4"
4617,H412,93633-79-5,"Aquatic Chronic 3"
4618,H225,7778-85-0,"Flam. Liq. 2"
4619,H225,106-88-7,"Flam. Liq. 2"
4620,H351,106-88-7,"Carc. 2"
4621,H332,106-88-7,"Acute Tox. 4"
4622,H312,106-88-7,"Acute Tox. 4"
4623,H302,106-88-7,"Acute Tox. 4"
4624,H335,106-88-7,"STOT SE 3"
4625,H315,106-88-7,"Skin Irrit. 2"
4626,H319,106-88-7,"Eye Irrit. 2"
4627,H315,68609-97-2,"Skin Irrit. 2"
4628,H317,68609-97-2,"Skin Sens. 1"
4629,H361fd,60168-88-9,"Repr. 2"
4630,H362,60168-88-9,Lact.
4631,H411,60168-88-9,"Aquatic Chronic 2"
4632,H224,110-00-9,"Flam. Liq. 1"
4633,H350,110-00-9,"Carc. 1B"
4634,H341,110-00-9,"Muta. 2"
4635,H332,110-00-9,"Acute Tox. 4"
4636,H302,110-00-9,"Acute Tox. 4"
4637,H373,110-00-9,"STOT RE 2"
4638,H315,110-00-9,"Skin Irrit. 2"
4639,H412,110-00-9,"Aquatic Chronic 3"
4640,H226,1589-47-5,"Flam. Liq. 3"
4641,H360D,1589-47-5,"Repr. 1B"
4642,H335,1589-47-5,"STOT SE 3"
4643,H315,1589-47-5,"Skin Irrit. 2"
4644,H318,1589-47-5,"Eye Dam. 1"
4645,H361d,111-77-3,"Repr. 2"
4646,H226,78-83-1,"Flam. Liq. 3"
4647,H335,78-83-1,"STOT SE 3"
4648,H336,78-83-1,"STOT SE 3"
4649,H315,78-83-1,"Skin Irrit. 2"
4650,H318,78-83-1,"Eye Dam. 1"
4651,H315,166301-21-9,"Skin Irrit. 2"
4652,H412,166301-21-9,"Aquatic Chronic 3"
4653,H341,27610-48-6,"Muta. 2"
4654,H312,27610-48-6,"Acute Tox. 4"
4655,H315,27610-48-6,"Skin Irrit. 2"
4656,H317,27610-48-6,"Skin Sens. 1"
4657,H412,27610-48-6,"Aquatic Chronic 3"
4658,H315,26912-64-1,"Skin Irrit. 2"
4659,H411,26912-64-1,"Aquatic Chronic 2"
4660,H302,138271-16-6,"Acute Tox. 4"
4661,H318,138271-16-6,"Eye Dam. 1"
4662,H412,138271-16-6,"Aquatic Chronic 3"
4663,H225,67-63-0,"Flam. Liq. 2"
4664,H336,67-63-0,"STOT SE 3"
4665,H319,67-63-0,"Eye Irrit. 2"
4666,H302,1862-07-3,"Acute Tox. 4"
4667,H314,1862-07-3,"Skin Corr. 1B"
4668,H412,1862-07-3,"Aquatic Chronic 3"
4669,H315,25634-93-9,"Skin Irrit. 2"
4670,H319,25634-93-9,"Eye Irrit. 2"
4671,H351,114565-66-1,"Carc. 2"
4672,H317,114565-66-1,"Skin Sens. 1"
4673,H413,114565-66-1,"Aquatic Chronic 4"
4674,H228,38411-13-1,"Flam. Sol. 1"
4675,H314,38411-13-1,"Skin Corr. 1B"
4676,H412,38411-13-1,"Aquatic Chronic 3"
4677,H315,122760-84-3,"Skin Irrit. 2"
4678,H317,122760-84-3,"Skin Sens. 1"
4679,H411,122760-84-3,"Aquatic Chronic 2"
4680,H400,84563-49-5,"Aquatic Acute 1"
4681,H410,84563-49-5,"Aquatic Chronic 1"
4682,H302,89544-40-1,"Acute Tox. 4"
4683,H318,89544-40-1,"Eye Dam. 1"
4684,H411,89544-40-1,"Aquatic Chronic 2"
4685,H302,100418-33-5,"Acute Tox. 4"
4686,H317,100418-33-5,"Skin Sens. 1"
4687,H412,100418-33-5,"Aquatic Chronic 3"
4688,H226,78-92-2,"Flam. Liq. 3"
4689,H335,78-92-2,"STOT SE 3"
4690,H336,78-92-2,"STOT SE 3"
4691,H319,78-92-2,"Eye Irrit. 2"
4692,H226,4221-99-2,"Flam. Liq. 3"
4693,H335,4221-99-2,"STOT SE 3"
4694,H336,4221-99-2,"STOT SE 3"
4695,H319,4221-99-2,"Eye Irrit. 2"
4696,H226,14898-79-4,"Flam. Liq. 3"
4697,H335,14898-79-4,"STOT SE 3"
4698,H336,14898-79-4,"STOT SE 3"
4699,H319,14898-79-4,"Eye Irrit. 2"
4700,H226,15892-23-6,"Flam. Liq. 3"
4701,H335,15892-23-6,"STOT SE 3"
4702,H336,15892-23-6,"STOT SE 3"
4703,H319,15892-23-6,"Eye Irrit. 2"
4704,H226,57018-52-7,"Flam. Liq. 3"
4705,H318,57018-52-7,"Eye Dam. 1"
4706,H315,63187-91-7,"Skin Irrit. 2"
4707,H318,63187-91-7,"Eye Dam. 1"
4708,H412,63187-91-7,"Aquatic Chronic 3"
4709,H317,104226-19-9,"Skin Sens. 1"
4710,H412,104226-19-9,"Aquatic Chronic 3"
4711,H226,111-96-6,"Flam. Liq. 3"
4712,H360FD,111-96-6,"Repr. 1B"
4713,H302,111-46-6,"Acute Tox. 4"
4714,H312,116230-20-7,"Acute Tox. 4"
4715,H302,116230-20-7,"Acute Tox. 4"
4716,H373,116230-20-7,"STOT RE 2"
4717,H315,116230-20-7,"Skin Irrit. 2"
4718,H318,116230-20-7,"Eye Dam. 1"
4719,H242,57044-25-4,"Self-react. C"
4720,H350,57044-25-4,"Carc. 1B"
4721,H341,57044-25-4,"Muta. 2"
4722,H360F,57044-25-4,"Repr. 1B"
4723,H331,57044-25-4,"Acute Tox. 3"
4724,H312,57044-25-4,"Acute Tox. 4"
4725,H302,57044-25-4,"Acute Tox. 4"
4726,H314,57044-25-4,"Skin Corr. 1B"
4727,H411,111850-00-1,"Aquatic Chronic 2"
4728,H315,129228-11-1,"Skin Irrit. 2"
4729,H411,129228-11-1,"Aquatic Chronic 2"
4730,H302,83016-70-0,"Acute Tox. 4"
4731,H314,83016-70-0,"Skin Corr. 1B"
4732,H412,83016-70-0,"Aquatic Chronic 3"
4733,H302,105812-81-5,"Acute Tox. 4"
4734,H318,105812-81-5,"Eye Dam. 1"
4735,H411,105812-81-5,"Aquatic Chronic 2"
4736,H317,17351-75-6,"Skin Sens. 1"
4737,H411,17351-75-6,"Aquatic Chronic 2"
4738,H315,63767-86-2,"Skin Irrit. 2"
4739,H319,63767-86-2,"Eye Irrit. 2"
4740,H411,63767-86-2,"Aquatic Chronic 2"
4741,H315,107898-54-4,"Skin Irrit. 2"
4742,H400,107898-54-4,"Aquatic Acute 1"
4743,H410,107898-54-4,"Aquatic Chronic 1"
4744,H361f,5406-86-0,"Repr. 2"
4745,H373,5406-86-0,"STOT RE 2"
4746,H318,5406-86-0,"Eye Dam. 1"
4747,H411,5406-86-0,"Aquatic Chronic 2"
4748,H302,104333-00-8,"Acute Tox. 4"
4749,H412,104333-00-8,"Aquatic Chronic 3"
4750,H411,139504-68-0,"Aquatic Chronic 2"
4751,H315,89544-48-9,"Skin Irrit. 2"
4752,H317,89544-48-9,"Skin Sens. 1"
4753,H400,89544-48-9,"Aquatic Acute 1"
4754,H410,89544-48-9,"Aquatic Chronic 1"
4755,H400,118562-73-5,"Aquatic Acute 1"
4756,H410,118562-73-5,"Aquatic Chronic 1"
4757,H225,10221-57-5,"Flam. Liq. 2"
4758,H226,3459-83-4,"Flam. Liq. 3"
4759,H314,144736-29-8,"Skin Corr. 1B"
4760,H317,144736-29-8,"Skin Sens. 1"
4761,H411,144736-29-8,"Aquatic Chronic 2"
4762,H318,1570-95-2,"Eye Dam. 1"
4763,H226,51594-55-9,"Flam. Liq. 3"
4764,H350,51594-55-9,"Carc. 1B"
4765,H331,51594-55-9,"Acute Tox. 3"
4766,H311,51594-55-9,"Acute Tox. 3"
4767,H301,51594-55-9,"Acute Tox. 3"
4768,H314,51594-55-9,"Skin Corr. 1B"
4769,H317,51594-55-9,"Skin Sens. 1"
4770,H413,6390-69-8,"Aquatic Chronic 4"
4771,H318,70445-33-9,"Eye Dam. 1"
4772,H412,70445-33-9,"Aquatic Chronic 3"
4773,H302,109887-53-8,"Acute Tox. 4"
4774,H318,109887-53-8,"Eye Dam. 1"
4775,H411,109887-53-8,"Aquatic Chronic 2"
4776,H319,67739-11-1,"Eye Irrit. 2"
4777,H411,67739-11-1,"Aquatic Chronic 2"
4778,H318,38585-74-9,"Eye Dam. 1"
4779,H412,38585-74-9,"Aquatic Chronic 3"
4780,H302,773058-82-5,"Acute Tox. 4"
4781,H318,773058-82-5,"Eye Dam. 1"
4782,H411,773058-82-5,"Aquatic Chronic 2"
4783,H319,57280-22-5,"Eye Irrit. 2"
4784,H317,57280-22-5,"Skin Sens. 1"
4785,H318,83926-73-2,"Eye Dam. 1"
4786,H411,83926-73-2,"Aquatic Chronic 2"
4787,H312,112-59-4,"Acute Tox. 4"
4788,H318,112-59-4,"Eye Dam. 1"
4789,H360Df,112-49-2,"Repr. 1B"
4790,H226,1569-02-4,"Flam. Liq. 3"
4791,H336,1569-02-4,"STOT SE 3"
4792,H226,54839-24-6,"Flam. Liq. 3"
4793,H336,54839-24-6,"STOT SE 3"
4794,H312,112-25-4,"Acute Tox. 4"
4795,H302,112-25-4,"Acute Tox. 4"
4796,H314,112-25-4,"Skin Corr. 1B"
4797,H330,50-14-6,"Acute Tox. 2"
4798,H311,50-14-6,"Acute Tox. 3"
4799,H301,50-14-6,"Acute Tox. 3"
4800,H372,50-14-6,"STOT RE 1"
4801,H330,67-97-0,"Acute Tox. 2"
4802,H310,67-97-0,"Acute Tox. 2"
4803,H300,67-97-0,"Acute Tox. 2"
4804,H372,67-97-0,"STOT RE 1"
4805,H225,1634-04-4,"Flam. Liq. 2"
4806,H315,1634-04-4,"Skin Irrit. 2"
4807,H318,143-22-6,"Eye Dam. 1"
4808,H400,146925-83-9,"Aquatic Acute 1"
4809,H410,146925-83-9,"Aquatic Chronic 1"
4810,H301,99817-36-4,"Acute Tox. 3"
4811,H318,99817-36-4,"Eye Dam. 1"
4812,H317,99817-36-4,"Skin Sens. 1"
4813,H400,99817-36-4,"Aquatic Acute 1"
4814,H410,99817-36-4,"Aquatic Chronic 1"
4815,H317,79944-37-9,"Skin Sens. 1"
4816,H400,163661-77-6,"Aquatic Acute 1"
4817,H410,163661-77-6,"Aquatic Chronic 1"
4818,H315,62406-73-9,"Skin Irrit. 2"
4819,H412,62406-73-9,"Aquatic Chronic 3"
4820,H315,125474-34-2,"Skin Irrit. 2"
4821,H318,125474-34-2,"Eye Dam. 1"
4822,H317,125474-34-2,"Skin Sens. 1"
4823,H400,125474-34-2,"Aquatic Acute 1"
4824,H410,125474-34-2,"Aquatic Chronic 1"
4825,H314,46492-07-3,"Skin Corr. 1A"
4826,H360Df,111-41-1,"Repr. 1B"
4827,H314,111-41-1,"Skin Corr. 1B"
4828,H317,111-41-1,"Skin Sens. 1"
4829,H302,41340-36-7,"Acute Tox. 4"
4830,H373,41340-36-7,"STOT RE 2"
4831,H411,41340-36-7,"Aquatic Chronic 2"
4832,H361d,107534-96-3,"Repr. 2"
4833,H302,107534-96-3,"Acute Tox. 4"
4834,H400,107534-96-3,"Aquatic Acute 1"
4835,H410,107534-96-3,"Aquatic Chronic 1"
4836,H400,153233-91-1,"Aquatic Acute 1"
4837,H410,153233-91-1,"Aquatic Chronic 1"
4838,H226,71-41-0,"Flam. Liq. 3"
4839,H332,71-41-0,"Acute Tox. 4"
4840,H335,71-41-0,"STOT SE 3"
4841,H315,71-41-0,"Skin Irrit. 2"
4842,H226,584-02-1,"Flam. Liq. 3"
4843,H332,584-02-1,"Acute Tox. 4"
4844,H335,584-02-1,"STOT SE 3"
4845,H315,584-02-1,"Skin Irrit. 2"
4846,H302,148043-73-6,"Acute Tox. 4"
4847,H412,148043-73-6,"Aquatic Chronic 3"
4848,H302,172015-79-1,"Acute Tox. 4"
4849,H372,172015-79-1,"STOT RE 1"
4850,H318,172015-79-1,"Eye Dam. 1"
4851,H317,172015-79-1,"Skin Sens. 1"
4852,H412,172015-79-1,"Aquatic Chronic 3"
4853,H226,2032-75-9,"Flam. Liq. 3"
4854,H302,2032-75-9,"Acute Tox. 4"
4855,H314,2032-75-9,"Skin Corr. 1A"
4856,H317,2032-75-9,"Skin Sens. 1"
4857,H315,129228-21-3,"Skin Irrit. 2"
4858,H411,129228-21-3,"Aquatic Chronic 2"
4859,H225,629-14-1,"Flam. Liq. 2"
4860,H360Df,629-14-1,"Repr. 1A"
4861,H319,629-14-1,"Eye Irrit. 2"
4862,H400,131929-60-7,"Aquatic Acute 1"
4863,H410,131929-60-7,"Aquatic Chronic 1"
4864,H400,131929-63-0,"Aquatic Acute 1"
4865,H410,131929-63-0,"Aquatic Chronic 1"
4866,H318,57987-55-0,"Eye Dam. 1"
4867,H350,3033-77-0,"Carc. 1B"
4868,H341,3033-77-0,"Muta. 2"
4869,H361f,3033-77-0,"Repr. 2"
4870,H312,3033-77-0,"Acute Tox. 4"
4871,H302,3033-77-0,"Acute Tox. 4"
4872,H373,3033-77-0,"STOT RE 2"
4873,H318,3033-77-0,"Eye Dam. 1"
4874,H317,3033-77-0,"Skin Sens. 1"
4875,H412,3033-77-0,"Aquatic Chronic 3"
4876,H400,1222-05-5,"Aquatic Acute 1"
4877,H410,1222-05-5,"Aquatic Chronic 1"
4878,H225,994-05-8,"Flam. Liq. 2"
4879,H302,994-05-8,"Acute Tox. 4"
4880,H336,994-05-8,"STOT SE 3"
4881,H314,1132-95-2,"Skin Corr. 1B"
4882,H201,162241-33-0,"Expl. 1.1"
4883,H302,162241-33-0,"Acute Tox. 4"
4884,H373,162241-33-0,"STOT RE 2"
4885,H318,162241-33-0,"Eye Dam. 1"
4886,H317,162241-33-0,"Skin Sens. 1"
4887,H400,162241-33-0,"Aquatic Acute 1"
4888,H410,162241-33-0,"Aquatic Chronic 1"
4889,H318,7480-35-5,"Eye Dam. 1"
4890,H317,7480-35-5,"Skin Sens. 1"
4891,H412,7480-35-5,"Aquatic Chronic 3"
4892,H317,161717-32-4,"Skin Sens. 1"
4893,H413,161717-32-4,"Aquatic Chronic 4"
4894,H413,72955-94-3,"Aquatic Chronic 4"
4895,H302,214353-17-0,"Acute Tox. 4"
4896,H314,214353-17-0,"Skin Corr. 1B"
4897,H411,214353-17-0,"Aquatic Chronic 2"
4898,H319,118058-74-5,"Eye Irrit. 2"
4899,H315,6261-30-9,"Skin Irrit. 2"
4900,H318,6261-30-9,"Eye Dam. 1"
4901,H412,6261-30-9,"Aquatic Chronic 3"
4902,H413,297730-93-9,"Aquatic Chronic 4"
4903,H411,13127-18-9,"Aquatic Chronic 2"
4904,H412,1440-00-2,"Aquatic Chronic 3"
4905,****,203574-04-3,
4906,H400,203574-04-3,"Aquatic Acute 1"
4907,H410,203574-04-3,"Aquatic Chronic 1"
4908,H317,78-70-6,"Skin Sens. 1B"
4909,H317,126-90-9,"Skin Sens. 1B"
4910,H317,126-91-0,"Skin Sens. 1B"
4911,H341,108-95-2,"Muta. 2"
4912,H331,108-95-2,"Acute Tox. 3"
4913,H311,108-95-2,"Acute Tox. 3"
4914,H301,108-95-2,"Acute Tox. 3"
4915,H373,108-95-2,"STOT RE 2"
4916,H314,108-95-2,"Skin Corr. 1B"
4917,H351,87-86-5,"Carc. 2"
4918,H330,87-86-5,"Acute Tox. 2"
4919,H311,87-86-5,"Acute Tox. 3"
4920,H301,87-86-5,"Acute Tox. 3"
4921,H335,87-86-5,"STOT SE 3"
4922,H315,87-86-5,"Skin Irrit. 2"
4923,H319,87-86-5,"Eye Irrit. 2"
4924,H400,87-86-5,"Aquatic Acute 1"
4925,H410,87-86-5,"Aquatic Chronic 1"
4926,H351,131-52-2,"Carc. 2"
4927,H330,131-52-2,"Acute Tox. 2"
4928,H311,131-52-2,"Acute Tox. 3"
4929,H301,131-52-2,"Acute Tox. 3"
4930,H335,131-52-2,"STOT SE 3"
4931,H315,131-52-2,"Skin Irrit. 2"
4932,H319,131-52-2,"Eye Irrit. 2"
4933,H400,131-52-2,"Aquatic Acute 1"
4934,H410,131-52-2,"Aquatic Chronic 1"
4935,H351,7778-73-6,"Carc. 2"
4936,H330,7778-73-6,"Acute Tox. 2"
4937,H311,7778-73-6,"Acute Tox. 3"
4938,H301,7778-73-6,"Acute Tox. 3"
4939,H335,7778-73-6,"STOT SE 3"
4940,H315,7778-73-6,"Skin Irrit. 2"
4941,H319,7778-73-6,"Eye Irrit. 2"
4942,H400,7778-73-6,"Aquatic Acute 1"
4943,H410,7778-73-6,"Aquatic Chronic 1"
4944,H311,108-39-4,"Acute Tox. 3"
4945,H301,108-39-4,"Acute Tox. 3"
4946,H314,108-39-4,"Skin Corr. 1B"
4947,H311,95-48-7,"Acute Tox. 3"
4948,H301,95-48-7,"Acute Tox. 3"
4949,H314,95-48-7,"Skin Corr. 1B"
4950,H311,106-44-5,"Acute Tox. 3"
4951,H301,106-44-5,"Acute Tox. 3"
4952,H314,106-44-5,"Skin Corr. 1B"
4953,H311,1319-77-3,"Acute Tox. 3"
4954,H301,1319-77-3,"Acute Tox. 3"
4955,H314,1319-77-3,"Skin Corr. 1B"
4956,H351,123-31-9,"Carc. 2"
4957,H341,123-31-9,"Muta. 2"
4958,H302,123-31-9,"Acute Tox. 4"
4959,H318,123-31-9,"Eye Dam. 1"
4960,H317,123-31-9,"Skin Sens. 1"
4961,H400,123-31-9,"Aquatic Acute 1"
4962,H311,95-65-8,"Acute Tox. 3"
4963,H301,95-65-8,"Acute Tox. 3"
4964,H314,95-65-8,"Skin Corr. 1B"
4965,H411,95-65-8,"Aquatic Chronic 2"
4966,H311,95-87-4,"Acute Tox. 3"
4967,H301,95-87-4,"Acute Tox. 3"
4968,H314,95-87-4,"Skin Corr. 1B"
4969,H411,95-87-4,"Aquatic Chronic 2"
4970,H311,105-67-9,"Acute Tox. 3"
4971,H301,105-67-9,"Acute Tox. 3"
4972,H314,105-67-9,"Skin Corr. 1B"
4973,H411,105-67-9,"Aquatic Chronic 2"
4974,H311,526-75-0,"Acute Tox. 3"
4975,H301,526-75-0,"Acute Tox. 3"
4976,H314,526-75-0,"Skin Corr. 1B"
4977,H411,526-75-0,"Aquatic Chronic 2"
4978,H311,576-26-1,"Acute Tox. 3"
4979,H301,576-26-1,"Acute Tox. 3"
4980,H314,576-26-1,"Skin Corr. 1B"
4981,H411,576-26-1,"Aquatic Chronic 2"
4982,H311,1300-71-6,"Acute Tox. 3"
4983,H301,1300-71-6,"Acute Tox. 3"
4984,H314,1300-71-6,"Skin Corr. 1B"
4985,H411,1300-71-6,"Aquatic Chronic 2"
4986,H311,71975-58-1,"Acute Tox. 3"
4987,H301,71975-58-1,"Acute Tox. 3"
4988,H314,71975-58-1,"Skin Corr. 1B"
4989,H411,71975-58-1,"Aquatic Chronic 2"
4990,H332,135-19-3,"Acute Tox. 4"
4991,H302,135-19-3,"Acute Tox. 4"
4992,H400,135-19-3,"Aquatic Acute 1"
4993,H332,95-57-8,"Acute Tox. 4"
4994,H312,95-57-8,"Acute Tox. 4"
4995,H302,95-57-8,"Acute Tox. 4"
4996,H411,95-57-8,"Aquatic Chronic 2"
4997,H332,106-48-9,"Acute Tox. 4"
4998,H312,106-48-9,"Acute Tox. 4"
4999,H302,106-48-9,"Acute Tox. 4"
5000,H411,106-48-9,"Aquatic Chronic 2"
5001,H332,108-43-0,"Acute Tox. 4"
5002,H312,108-43-0,"Acute Tox. 4"
5003,H302,108-43-0,"Acute Tox. 4"
5004,H411,108-43-0,"Aquatic Chronic 2"
5005,H332,25167-80-0,"Acute Tox. 4"
5006,H312,25167-80-0,"Acute Tox. 4"
5007,H302,25167-80-0,"Acute Tox. 4"
5008,H411,25167-80-0,"Aquatic Chronic 2"
5009,H341,87-66-1,"Muta. 2"
5010,H332,87-66-1,"Acute Tox. 4"
5011,H312,87-66-1,"Acute Tox. 4"
5012,H302,87-66-1,"Acute Tox. 4"
5013,H412,87-66-1,"Aquatic Chronic 3"
5014,H302,108-46-3,"Acute Tox. 4"
5015,H315,108-46-3,"Skin Irrit. 2"
5016,H319,108-46-3,"Eye Irrit. 2"
5017,H400,108-46-3,"Aquatic Acute 1"
5018,H311,120-83-2,"Acute Tox. 3"
5019,H302,120-83-2,"Acute Tox. 4"
5020,H314,120-83-2,"Skin Corr. 1B"
5021,H411,120-83-2,"Aquatic Chronic 2"
5022,H331,1570-64-5,"Acute Tox. 3"
5023,H314,1570-64-5,"Skin Corr. 1A"
5024,H400,1570-64-5,"Aquatic Acute 1"
5025,H301,58-90-2,"Acute Tox. 3"
5026,H315,58-90-2,"Skin Irrit. 2"
5027,H319,58-90-2,"Eye Irrit. 2"
5028,H400,58-90-2,"Aquatic Acute 1"
5029,H410,58-90-2,"Aquatic Chronic 1"
5030,H302,59-50-7,"Acute Tox. 4"
5031,H335,59-50-7,"STOT SE 3"
5032,H314,59-50-7,"Skin Corr. 1C"
5033,H318,59-50-7,"Eye Dam. 1"
5034,H317,59-50-7,"Skin Sens. 1B"
5035,H400,59-50-7,"Aquatic Acute 1"
5036,H412,59-50-7,"Aquatic Chronic 3"
5037,H311,70-30-4,"Acute Tox. 3"
5038,H301,70-30-4,"Acute Tox. 3"
5039,H400,70-30-4,"Aquatic Acute 1"
5040,H410,70-30-4,"Aquatic Chronic 1"
5041,H350,120-80-9,"Carc. 1B"
5042,H341,120-80-9,"Muta. 2"
5043,H311,120-80-9,"Acute Tox. 3"
5044,H301,120-80-9,"Acute Tox. 3"
5045,H315,120-80-9,"Skin Irrit. 2"
5046,H319,120-80-9,"Eye Irrit. 2"
5047,H302,95-95-4,"Acute Tox. 4"
5048,H315,95-95-4,"Skin Irrit. 2"
5049,H319,95-95-4,"Eye Irrit. 2"
5050,H400,95-95-4,"Aquatic Acute 1"
5051,H410,95-95-4,"Aquatic Chronic 1"
5052,H351,88-06-2,"Carc. 2"
5053,H302,88-06-2,"Acute Tox. 4"
5054,H315,88-06-2,"Skin Irrit. 2"
5055,H319,88-06-2,"Eye Irrit. 2"
5056,H400,88-06-2,"Aquatic Acute 1"
5057,H410,88-06-2,"Aquatic Chronic 1"
5058,H302,97-23-4,"Acute Tox. 4"
5059,H319,97-23-4,"Eye Irrit. 2"
5060,H400,97-23-4,"Aquatic Acute 1"
5061,H410,97-23-4,"Aquatic Chronic 1"
5062,H335,90-43-7,"STOT SE 3"
5063,H315,90-43-7,"Skin Irrit. 2"
5064,H319,90-43-7,"Eye Irrit. 2"
5065,H400,90-43-7,"Aquatic Acute 1"
5066,H302,132-27-4,"Acute Tox. 4"
5067,H335,132-27-4,"STOT SE 3"
5068,H315,132-27-4,"Skin Irrit. 2"
5069,H318,132-27-4,"Eye Dam. 1"
5070,H400,132-27-4,"Aquatic Acute 1"
5071,H318,22961-82-6,"Eye Dam. 1"
5072,H360F,6807-17-6,"Repr. 1B"
5073,H319,6807-17-6,"Eye Irrit. 2"
5074,H400,6807-17-6,"Aquatic Acute 1"
5075,H410,6807-17-6,"Aquatic Chronic 1"
5076,H350,399-95-1,"Carc. 1B"
5077,H302,399-95-1,"Acute Tox. 4"
5078,H317,399-95-1,"Skin Sens. 1"
5079,H411,399-95-1,"Aquatic Chronic 2"
5080,H312,90-15-3,"Acute Tox. 4"
5081,H302,90-15-3,"Acute Tox. 4"
5082,H335,90-15-3,"STOT SE 3"
5083,H315,90-15-3,"Skin Irrit. 2"
5084,H318,90-15-3,"Eye Dam. 1"
5085,H360F,80-05-7,"Repr. 1B"
5086,H335,80-05-7,"STOT SE 3"
5087,H318,80-05-7,"Eye Dam. 1"
5088,H317,80-05-7,"Skin Sens. 1"
5089,H302,90-05-1,"Acute Tox. 4"
5090,H315,90-05-1,"Skin Irrit. 2"
5091,H319,90-05-1,"Eye Irrit. 2"
5092,H302,89-83-8,"Acute Tox. 4"
5093,H314,89-83-8,"Skin Corr. 1B"
5094,H411,89-83-8,"Aquatic Chronic 2"
5095,H226,24342-03-8,"Flam. Liq. 3"
5096,H318,24197-34-0,"Eye Dam. 1"
5097,H400,24197-34-0,"Aquatic Acute 1"
5098,H410,24197-34-0,"Aquatic Chronic 1"
5099,H317,90884-29-0,"Skin Sens. 1"
5100,H411,90884-29-0,"Aquatic Chronic 2"
5101,H311,108-68-9,"Acute Tox. 3"
5102,H301,108-68-9,"Acute Tox. 3"
5103,H314,108-68-9,"Skin Corr. 1B"
5104,H302,88-04-0,"Acute Tox. 4"
5105,H315,88-04-0,"Skin Irrit. 2"
5106,H319,88-04-0,"Eye Irrit. 2"
5107,H317,88-04-0,"Skin Sens. 1"
5108,H302,1321-23-9,"Acute Tox. 4"
5109,H315,1321-23-9,"Skin Irrit. 2"
5110,H319,1321-23-9,"Eye Irrit. 2"
5111,H317,1321-23-9,"Skin Sens. 1"
5112,H317,66441-23-4,"Skin Sens. 1"
5113,H400,66441-23-4,"Aquatic Acute 1"
5114,H410,66441-23-4,"Aquatic Chronic 1"
5115,H302,72178-02-0,"Acute Tox. 4"
5116,H302,50594-66-6,"Acute Tox. 4"
5117,H315,50594-66-6,"Skin Irrit. 2"
5118,H318,50594-66-6,"Eye Dam. 1"
5119,H400,50594-66-6,"Aquatic Acute 1"
5120,H410,50594-66-6,"Aquatic Chronic 1"
5121,H302,62476-59-9,"Acute Tox. 4"
5122,H315,62476-59-9,"Skin Irrit. 2"
5123,H318,62476-59-9,"Eye Dam. 1"
5124,H400,62476-59-9,"Aquatic Acute 1"
5125,H410,62476-59-9,"Aquatic Chronic 1"
5126,H341,104-91-6,"Muta. 2"
5127,H302,104-91-6,"Acute Tox. 4"
5128,H318,104-91-6,"Eye Dam. 1"
5129,H411,104-91-6,"Aquatic Chronic 2"
5130,H319,103-16-2,"Eye Irrit. 2"
5131,H317,103-16-2,"Skin Sens. 1"
5132,H302,150-76-5,"Acute Tox. 4"
5133,H319,150-76-5,"Eye Irrit. 2"
5134,H317,150-76-5,"Skin Sens. 1"
5135,H332,700-13-0,"Acute Tox. 4"
5136,H335,700-13-0,"STOT SE 3"
5137,H315,700-13-0,"Skin Irrit. 2"
5138,H318,700-13-0,"Eye Dam. 1"
5139,H317,700-13-0,"Skin Sens. 1"
5140,H400,700-13-0,"Aquatic Acute 1"
5141,H410,700-13-0,"Aquatic Chronic 1"
5142,H411,95235-30-6,"Aquatic Chronic 2"
5143,H373,51601-57-1,"STOT RE 2"
5144,H413,51601-57-1,"Aquatic Chronic 4"
5145,H411,27955-94-8,"Aquatic Chronic 2"
5146,H411,93589-69-6,"Aquatic Chronic 2"
5147,H315,157661-93-3,"Skin Irrit. 2"
5148,H317,157661-93-3,"Skin Sens. 1"
5149,H400,157661-93-3,"Aquatic Acute 1"
5150,H410,157661-93-3,"Aquatic Chronic 1"
5151,H351,85954-11-6,"Carc. 2"
5152,H317,85954-11-6,"Skin Sens. 1"
5153,H228,99610-72-7,"Flam. Sol. 2"
5154,H361f,99610-72-7,"Repr. 2"
5155,H302,99610-72-7,"Acute Tox. 4"
5156,H400,54914-85-1,"Aquatic Acute 1"
5157,H410,54914-85-1,"Aquatic Chronic 1"
5158,H315,3236-71-3,"Skin Irrit. 2"
5159,H319,3236-71-3,"Eye Irrit. 2"
5160,H400,3236-71-3,"Aquatic Acute 1"
5161,H410,3236-71-3,"Aquatic Chronic 1"
5162,H302,3131-52-0,"Acute Tox. 4"
5163,H318,3131-52-0,"Eye Dam. 1"
5164,H411,3131-52-0,"Aquatic Chronic 2"
5165,H411,111850-25-0,"Aquatic Chronic 2"
5166,H332,90274-24-1,"Acute Tox. 4"
5167,H302,90274-24-1,"Acute Tox. 4"
5168,H317,90274-24-1,"Skin Sens. 1"
5169,H314,51390-14-8,"Skin Corr. 1B"
5170,H411,51390-14-8,"Aquatic Chronic 2"
5171,H315,3380-34-5,"Skin Irrit. 2"
5172,H319,3380-34-5,"Eye Irrit. 2"
5173,H400,3380-34-5,"Aquatic Acute 1"
5174,H410,3380-34-5,"Aquatic Chronic 1"
5175,H413,110726-28-8,"Aquatic Chronic 4"
5176,H400,10403-74-4,"Aquatic Acute 1"
5177,H410,10403-74-4,"Aquatic Chronic 1"
5178,H351,82413-20-5,"Carc. 2"
5179,H360F,82413-20-5,"Repr. 1B"
5180,H317,82413-20-5,"Skin Sens. 1"
5181,H400,82413-20-5,"Aquatic Acute 1"
5182,H410,82413-20-5,"Aquatic Chronic 1"
5183,H400,79-94-7,"Aquatic Acute 1"
5184,H410,79-94-7,"Aquatic Chronic 1"
5185,H315,140-66-9,"Skin Irrit. 2"
5186,H318,140-66-9,"Eye Dam. 1"
5187,H400,140-66-9,"Aquatic Acute 1"
5188,H410,140-66-9,"Aquatic Chronic 1"
5189,H350,77-09-8,"Carc. 1B"
5190,H341,77-09-8,"Muta. 2"
5191,H361f,77-09-8,"Repr. 2"
5192,H413,98809-58-6,"Aquatic Chronic 4"
5193,H361f,13595-25-0,"Repr. 2"
5194,H317,13595-25-0,"Skin Sens. 1"
5195,H411,13595-25-0,"Aquatic Chronic 2"
5196,H332,61721-07-1,"Acute Tox. 4"
5197,H314,61721-07-1,"Skin Corr. 1A"
5198,H317,61721-07-1,"Skin Sens. 1"
5199,H411,61721-07-1,"Aquatic Chronic 2"
5200,H400,1571-75-1,"Aquatic Acute 1"
5201,H410,1571-75-1,"Aquatic Chronic 1"
5202,H340,2040-90-6,"Muta. 1B"
5203,H361f,2040-90-6,"Repr. 2"
5204,H302,2040-90-6,"Acute Tox. 4"
5205,H314,2040-90-6,"Skin Corr. 1B"
5206,H317,2040-90-6,"Skin Sens. 1"
5207,H411,2040-90-6,"Aquatic Chronic 2"
5208,H413,260408-02-4,"Aquatic Chronic 4"
5209,H302,121219-07-6,"Acute Tox. 4"
5210,H412,121219-07-6,"Aquatic Chronic 3"
5211,H361f,98-54-4,"Repr. 2"
5212,H315,98-54-4,"Skin Irrit. 2"
5213,H318,98-54-4,"Eye Dam. 1"
5214,H410,98-54-4,"Aquatic Chronic 1"
5215,H362,80844-07-1,Lact.
5216,H400,80844-07-1,"Aquatic Acute 1"
5217,H410,80844-07-1,"Aquatic Chronic 1"
5218,H360F,121158-58-5,"Repr. 1B"
5219,H314,121158-58-5,"Skin Corr. 1C"
5220,H318,121158-58-5,"Eye Dam. 1"
5221,H400,121158-58-5,"Aquatic Acute 1"
5222,H410,121158-58-5,"Aquatic Chronic 1"
5223,H360F,210555-94-5,"Repr. 1B"
5224,H314,210555-94-5,"Skin Corr. 1C"
5225,H318,210555-94-5,"Eye Dam. 1"
5226,H400,210555-94-5,"Aquatic Acute 1"
5227,H410,210555-94-5,"Aquatic Chronic 1"
5228,H360F,74499-35-7,"Repr. 1B"
5229,H314,74499-35-7,"Skin Corr. 1C"
5230,H318,74499-35-7,"Eye Dam. 1"
5231,H400,74499-35-7,"Aquatic Acute 1"
5232,H410,74499-35-7,"Aquatic Chronic 1"
5233,H351,120-32-1,"Carc. 2"
5234,H361f,120-32-1,"Repr. 2"
5235,H332,120-32-1,"Acute Tox. 4"
5236,H373,120-32-1,"STOT RE 2"
5237,H315,120-32-1,"Skin Irrit. 2"
5238,H318,120-32-1,"Eye Dam. 1"
5239,H317,120-32-1,"Skin Sens. 1"
5240,H400,120-32-1,"Aquatic Acute 1"
5241,H410,120-32-1,"Aquatic Chronic 1"
5242,H317,97-54-1,"Skin Sens. 1A"
5243,H317,5932-68-3,"Skin Sens. 1A"
5244,H317,5912-86-7,"Skin Sens. 1A"
5245,H350,50-00-0,"Carc. 1B"
5246,H341,50-00-0,"Muta. 2"
5247,H331,50-00-0,"Acute Tox. 3"
5248,H311,50-00-0,"Acute Tox. 3"
5249,H301,50-00-0,"Acute Tox. 3"
5250,H314,50-00-0,"Skin Corr. 1B"
5251,H317,50-00-0,"Skin Sens. 1"
5252,H228,110-88-3,"Flam. Sol. 1"
5253,H361d,110-88-3,"Repr. 2"
5254,H335,110-88-3,"STOT SE 3"
5255,H224,75-07-0,"Flam. Liq. 1"
5256,H350,75-07-0,"Carc. 1B"
5257,H341,75-07-0,"Muta. 2"
5258,H335,75-07-0,"STOT SE 3"
5259,H319,75-07-0,"Eye Irrit. 2"
5260,H226,123-63-7,"Flam. Liq. 3"
5261,H228,108-62-3,"Flam. Sol. 2"
5262,H302,108-62-3,"Acute Tox. 4"
5263,H225,123-72-8,"Flam. Liq. 2"
5264,H225,534-15-6,"Flam. Liq. 2"
5265,H225,107-02-8,"Flam. Liq. 2"
5266,H330,107-02-8,"Acute Tox. 1"
5267,H300,107-02-8,"Acute Tox. 2"
5268,H311,107-02-8,"Acute Tox. 3"
5269,H314,107-02-8,"Skin Corr. 1B"
5270,H400,107-02-8,"Aquatic Acute 1"
5271,H410,107-02-8,"Aquatic Chronic 1"
5272,H225,4170-30-3,"Flam. Liq. 2"
5273,H341,4170-30-3,"Muta. 2"
5274,H330,4170-30-3,"Acute Tox. 2"
5275,H311,4170-30-3,"Acute Tox. 3"
5276,H301,4170-30-3,"Acute Tox. 3"
5277,H335,4170-30-3,"STOT SE 3"
5278,H373,4170-30-3,"STOT RE 2"
5279,H315,4170-30-3,"Skin Irrit. 2"
5280,H318,4170-30-3,"Eye Dam. 1"
5281,H400,4170-30-3,"Aquatic Acute 1"
5282,H225,123-73-9,"Flam. Liq. 2"
5283,H341,123-73-9,"Muta. 2"
5284,H330,123-73-9,"Acute Tox. 2"
5285,H311,123-73-9,"Acute Tox. 3"
5286,H301,123-73-9,"Acute Tox. 3"
5287,H335,123-73-9,"STOT SE 3"
5288,H373,123-73-9,"STOT RE 2"
5289,H315,123-73-9,"Skin Irrit. 2"
5290,H318,123-73-9,"Eye Dam. 1"
5291,H400,123-73-9,"Aquatic Acute 1"
5292,H351,98-01-1,"Carc. 2"
5293,H331,98-01-1,"Acute Tox. 3"
5294,H301,98-01-1,"Acute Tox. 3"
5295,H312,98-01-1,"Acute Tox. 4"
5296,H335,98-01-1,"STOT SE 3"
5297,H315,98-01-1,"Skin Irrit. 2"
5298,H319,98-01-1,"Eye Irrit. 2"
5299,H314,89-98-5,"Skin Corr. 1B"
5300,H302,100-52-7,"Acute Tox. 4"
5301,H301,15879-93-3,"Acute Tox. 3"
5302,H332,15879-93-3,"Acute Tox. 4"
5303,H336,15879-93-3,"STOT SE 3"
5304,H400,15879-93-3,"Aquatic Acute 1"
5305,H410,15879-93-3,"Aquatic Chronic 1"
5306,H301,302-17-0,"Acute Tox. 3"
5307,H315,302-17-0,"Skin Irrit. 2"
5308,H319,302-17-0,"Eye Irrit. 2"
5309,H225,105-57-7,"Flam. Liq. 2"
5310,H315,105-57-7,"Skin Irrit. 2"
5311,H319,105-57-7,"Eye Irrit. 2"
5312,H341,107-22-2,"Muta. 2"
5313,H332,107-22-2,"Acute Tox. 4"
5314,H315,107-22-2,"Skin Irrit. 2"
5315,H319,107-22-2,"Eye Irrit. 2"
5316,H317,107-22-2,"Skin Sens. 1"
5317,H225,646-06-0,"Flam. Liq. 2"
5318,H225,123-38-6,"Flam. Liq. 2"
5319,H335,123-38-6,"STOT SE 3"
5320,H315,123-38-6,"Skin Irrit. 2"
5321,H319,123-38-6,"Eye Irrit. 2"
5322,H315,5392-40-5,"Skin Irrit. 2"
5323,H317,5392-40-5,"Skin Sens. 1"
5324,H350,94-59-7,"Carc. 1B"
5325,H341,94-59-7,"Muta. 2"
5326,H302,94-59-7,"Acute Tox. 4"
5327,H317,91673-30-2,"Skin Sens. 1"
5328,H330,111-30-8,"Acute Tox. 2"
5329,H301,111-30-8,"Acute Tox. 3"
5330,H335,111-30-8,"STOT SE 3"
5331,H314,111-30-8,"Skin Corr. 1B"
5332,H334,111-30-8,"Resp. Sens. 1"
5333,H317,111-30-8,"Skin Sens. 1A"
5334,H400,111-30-8,"Aquatic Acute 1"
5335,H411,111-30-8,"Aquatic Chronic 2"
5336,H318,3380-30-1,"Eye Dam. 1"
5337,H400,3380-30-1,"Aquatic Acute 1"
5338,H410,3380-30-1,"Aquatic Chronic 1"
5339,H317,2973-59-3,"Skin Sens. 1"
5340,H411,2973-59-3,"Aquatic Chronic 2"
5341,H351,107-20-0,"Carc. 2"
5342,H330,107-20-0,"Acute Tox. 2"
5343,H311,107-20-0,"Acute Tox. 3"
5344,H301,107-20-0,"Acute Tox. 3"
5345,H314,107-20-0,"Skin Corr. 1B"
5346,H400,107-20-0,"Aquatic Acute 1"
5347,H315,114119-97-0,"Skin Irrit. 2"
5348,H317,114119-97-0,"Skin Sens. 1"
5349,H411,114119-97-0,"Aquatic Chronic 2"
5350,H411,125109-85-5,"Aquatic Chronic 2"
5351,H317,2109-22-0,"Skin Sens. 1"
5352,H411,2109-22-0,"Aquatic Chronic 2"
5353,H317,3353-51-3,"Skin Sens. 1"
5354,H317,93957-50-7,"Skin Sens. 1"
5355,H400,93957-50-7,"Aquatic Acute 1"
5356,H410,93957-50-7,"Aquatic Chronic 1"
5357,H315,32480-08-3,"Skin Irrit. 2"
5358,H400,32480-08-3,"Aquatic Acute 1"
5359,H410,32480-08-3,"Aquatic Chronic 1"
5360,H319,177964-68-0,"Eye Irrit. 2"
5361,H317,177964-68-0,"Skin Sens. 1"
5362,H413,177964-68-0,"Aquatic Chronic 4"
5363,H302,2065-75-0,"Acute Tox. 4"
5364,H318,2065-75-0,"Eye Dam. 1"
5365,H413,120578-03-2,"Aquatic Chronic 4"
5366,H302,55066-49-4,"Acute Tox. 4"
5367,H315,55066-49-4,"Skin Irrit. 2"
5368,H317,55066-49-4,"Skin Sens. 1"
5369,H411,55066-49-4,"Aquatic Chronic 2"
5370,H302,116313-85-0,"Acute Tox. 4"
5371,H318,116313-85-0,"Eye Dam. 1"
5372,H317,116313-85-0,"Skin Sens. 1"
5373,H317,130066-44-3,"Skin Sens. 1A"
5374,H317,31906-04-4,"Skin Sens. 1A"
5375,H317,51414-25-6,"Skin Sens. 1A"
5376,H225,67-64-1,"Flam. Liq. 2"
5377,H336,67-64-1,"STOT SE 3"
5378,H319,67-64-1,"Eye Irrit. 2"
5379,H225,78-93-3,"Flam. Liq. 2"
5380,H336,78-93-3,"STOT SE 3"
5381,H319,78-93-3,"Eye Irrit. 2"
5382,H226,106-35-4,"Flam. Liq. 3"
5383,H332,106-35-4,"Acute Tox. 4"
5384,H319,106-35-4,"Eye Irrit. 2"
5385,H225,108-10-1,"Flam. Liq. 2"
5386,H332,108-10-1,"Acute Tox. 4"
5387,H335,108-10-1,"STOT SE 3"
5388,H319,108-10-1,"Eye Irrit. 2"
5389,H226,108-83-8,"Flam. Liq. 3"
5390,H335,108-83-8,"STOT SE 3"
5391,H225,96-22-0,"Flam. Liq. 2"
5392,H335,96-22-0,"STOT SE 3"
5393,H336,96-22-0,"STOT SE 3"
5394,H225,563-80-4,"Flam. Liq. 2"
5395,H226,141-79-7,"Flam. Liq. 3"
5396,H332,141-79-7,"Acute Tox. 4"
5397,H312,141-79-7,"Acute Tox. 4"
5398,H302,141-79-7,"Acute Tox. 4"
5399,H226,108-94-1,"Flam. Liq. 3"
5400,H332,108-94-1,"Acute Tox. 4"
5401,H226,583-60-8,"Flam. Liq. 3"
5402,H332,583-60-8,"Acute Tox. 4"
5403,H351,78-59-1,"Carc. 2"
5404,H312,78-59-1,"Acute Tox. 4"
5405,H302,78-59-1,"Acute Tox. 4"
5406,H335,78-59-1,"STOT SE 3"
5407,H319,78-59-1,"Eye Irrit. 2"
5408,H331,106-51-4,"Acute Tox. 3"
5409,H301,106-51-4,"Acute Tox. 3"
5410,H335,106-51-4,"STOT SE 3"
5411,H315,106-51-4,"Skin Irrit. 2"
5412,H319,106-51-4,"Eye Irrit. 2"
5413,H400,106-51-4,"Aquatic Acute 1"
5414,H360D,3691-35-8,"Repr. 1B"
5415,H330,3691-35-8,"Acute Tox. 1"
5416,H310,3691-35-8,"Acute Tox. 1"
5417,H300,3691-35-8,"Acute Tox. 1"
5418,H372,3691-35-8,"STOT RE 1"
5419,H400,3691-35-8,"Aquatic Acute 1"
5420,H410,3691-35-8,"Aquatic Chronic 1"
5421,H301,83-26-1,"Acute Tox. 3"
5422,H372,83-26-1,"STOT RE 1"
5423,H400,83-26-1,"Aquatic Acute 1"
5424,H410,83-26-1,"Aquatic Chronic 1"
5425,H226,674-82-8,"Flam. Liq. 3"
5426,H332,674-82-8,"Acute Tox. 4"
5427,H302,117-80-6,"Acute Tox. 4"
5428,H315,117-80-6,"Skin Irrit. 2"
5429,H319,117-80-6,"Eye Irrit. 2"
5430,H400,117-80-6,"Aquatic Acute 1"
5431,H410,117-80-6,"Aquatic Chronic 1"
5432,H351,143-50-0,"Carc. 2"
5433,H311,143-50-0,"Acute Tox. 3"
5434,H301,143-50-0,"Acute Tox. 3"
5435,H400,143-50-0,"Aquatic Acute 1"
5436,H410,143-50-0,"Aquatic Chronic 1"
5437,H226,541-85-5,"Flam. Liq. 3"
5438,H335,541-85-5,"STOT SE 3"
5439,H319,541-85-5,"Eye Irrit. 2"
5440,H360D,872-50-4,"Repr. 1B"
5441,H335,872-50-4,"STOT SE 3"
5442,H315,872-50-4,"Skin Irrit. 2"
5443,H319,872-50-4,"Eye Irrit. 2"
5444,H302,92-43-3,"Acute Tox. 4"
5445,H411,92-43-3,"Aquatic Chronic 2"
5446,H226,107-70-0,"Flam. Liq. 3"
5447,H332,107-70-0,"Acute Tox. 4"
5448,H226,110-43-0,"Flam. Liq. 3"
5449,H332,110-43-0,"Acute Tox. 4"
5450,H302,110-43-0,"Acute Tox. 4"
5451,H226,120-92-3,"Flam. Liq. 3"
5452,H315,120-92-3,"Skin Irrit. 2"
5453,H319,120-92-3,"Eye Irrit. 2"
5454,H226,110-12-3,"Flam. Liq. 3"
5455,H332,110-12-3,"Acute Tox. 4"
5456,H226,123-19-3,"Flam. Liq. 3"
5457,H332,123-19-3,"Acute Tox. 4"
5458,H225,565-80-0,"Flam. Liq. 2"
5459,H332,565-80-0,"Acute Tox. 4"
5460,H226,123-54-6,"Flam. Liq. 3"
5461,H302,123-54-6,"Acute Tox. 4"
5462,H226,591-78-6,"Flam. Liq. 3"
5463,H361f,591-78-6,"Repr. 2"
5464,H336,591-78-6,"STOT SE 3"
5465,H372,591-78-6,"STOT RE 1"
5466,H350,57-57-8,"Carc. 1B"
5467,H330,57-57-8,"Acute Tox. 2"
5468,H315,57-57-8,"Skin Irrit. 2"
5469,H319,57-57-8,"Eye Irrit. 2"
5470,H302,116-16-5,"Acute Tox. 4"
5471,H411,116-16-5,"Aquatic Chronic 2"
5472,H312,20354-26-1,"Acute Tox. 4"
5473,H302,20354-26-1,"Acute Tox. 4"
5474,H315,20354-26-1,"Skin Irrit. 2"
5475,H319,20354-26-1,"Eye Irrit. 2"
5476,H411,20354-26-1,"Aquatic Chronic 2"
5477,H302,21087-64-9,"Acute Tox. 4"
5478,H400,21087-64-9,"Aquatic Acute 1"
5479,H410,21087-64-9,"Aquatic Chronic 1"
5480,H317,1698-60-8,"Skin Sens. 1"
5481,H400,1698-60-8,"Aquatic Acute 1"
5482,H410,1698-60-8,"Aquatic Chronic 1"
5483,H361f,2439-01-2,"Repr. 2"
5484,H332,2439-01-2,"Acute Tox. 4"
5485,H312,2439-01-2,"Acute Tox. 4"
5486,H302,2439-01-2,"Acute Tox. 4"
5487,H373,2439-01-2,"STOT RE 2"
5488,H319,2439-01-2,"Eye Irrit. 2"
5489,H317,2439-01-2,"Skin Sens. 1"
5490,H400,2439-01-2,"Aquatic Acute 1"
5491,H410,2439-01-2,"Aquatic Chronic 1"
5492,H302,43121-43-3,"Acute Tox. 4"
5493,H317,43121-43-3,"Skin Sens. 1"
5494,H411,43121-43-3,"Aquatic Chronic 2"
5495,H300,82-66-6,"Acute Tox. 2"
5496,H372,82-66-6,"STOT RE 1"
5497,H318,55845-90-4,"Eye Dam. 1"
5498,H411,55845-90-4,"Aquatic Chronic 2"
5499,H360FD,71868-10-5,"Repr. 1B"
5500,H302,71868-10-5,"Acute Tox. 4"
5501,H411,71868-10-5,"Aquatic Chronic 2"
5502,H302,98-86-2,"Acute Tox. 4"
5503,H319,98-86-2,"Eye Irrit. 2"
5504,H315,13019-04-0,"Skin Irrit. 2"
5505,H411,13019-04-0,"Aquatic Chronic 2"
5506,H302,954-16-5,"Acute Tox. 4"
5507,H319,954-16-5,"Eye Irrit. 2"
5508,H400,954-16-5,"Aquatic Acute 1"
5509,H410,954-16-5,"Aquatic Chronic 1"
5510,H400,19666-30-9,"Aquatic Acute 1"
5511,H410,19666-30-9,"Aquatic Chronic 1"
5512,H400,3100-36-5,"Aquatic Acute 1"
5513,H410,3100-36-5,"Aquatic Chronic 1"
5514,H360D,119313-12-1,"Repr. 1B"
5515,H400,119313-12-1,"Aquatic Acute 1"
5516,H410,119313-12-1,"Aquatic Chronic 1"
5517,H317,78531-61-0,"Skin Sens. 1"
5518,H413,78531-61-0,"Aquatic Chronic 4"
5519,H411,72453-58-8,"Aquatic Chronic 2"
5520,H411,61203-83-6,"Aquatic Chronic 2"
5521,H400,96525-23-4,"Aquatic Acute 1"
5522,H410,96525-23-4,"Aquatic Chronic 1"
5523,H361d,141112-29-0,"Repr. 2"
5524,H400,141112-29-0,"Aquatic Acute 1"
5525,H410,141112-29-0,"Aquatic Chronic 1"
5526,H302,92836-10-7,"Acute Tox. 4"
5527,H373,92836-10-7,"STOT RE 2"
5528,H411,92836-10-7,"Aquatic Chronic 2"
5529,H400,116412-83-0,"Aquatic Acute 1"
5530,H410,116412-83-0,"Aquatic Chronic 1"
5531,H315,40649-36-3,"Skin Irrit. 2"
5532,H412,40649-36-3,"Aquatic Chronic 3"
5533,H317,21983-80-2,"Skin Sens. 1"
5534,H412,21983-80-2,"Aquatic Chronic 3"
5535,H302,86386-75-6,"Acute Tox. 4"
5536,H318,86386-75-6,"Eye Dam. 1"
5537,H317,86386-75-6,"Skin Sens. 1"
5538,H341,66938-41-8,"Muta. 2"
5539,H400,66938-41-8,"Aquatic Acute 1"
5540,H410,66938-41-8,"Aquatic Chronic 1"
5541,H360D,61571-06-0,"Repr. 1B"
5542,H318,61571-06-0,"Eye Dam. 1"
5543,H412,61571-06-0,"Aquatic Chronic 3"
5544,H319,112704-51-5,"Eye Irrit. 2"
5545,H317,112704-51-5,"Skin Sens. 1"
5546,H411,164058-20-2,"Aquatic Chronic 2"
5547,H400,96792-67-5,"Aquatic Acute 1"
5548,H410,96792-67-5,"Aquatic Chronic 1"
5549,H373,1638-05-7,"STOT RE 2"
5550,H317,1638-05-7,"Skin Sens. 1"
5551,H412,1638-05-7,"Aquatic Chronic 3"
5552,H411,154171-76-3,"Aquatic Chronic 2"
5553,H361fd,138164-12-2,"Repr. 2"
5554,H302,138164-12-2,"Acute Tox. 4"
5555,H315,138164-12-2,"Skin Irrit. 2"
5556,H400,138164-12-2,"Aquatic Acute 1"
5557,H410,138164-12-2,"Aquatic Chronic 1"
5558,H400,13258-43-0,"Aquatic Acute 1"
5559,H410,13258-43-0,"Aquatic Chronic 1"
5560,H373,719-86-8,"STOT RE 2"
5561,H411,719-86-8,"Aquatic Chronic 2"
5562,H350,90-94-8,"Carc. 1B"
5563,H341,90-94-8,"Muta. 2"
5564,H318,90-94-8,"Eye Dam. 1"
5565,H302,65855-02-9,"Acute Tox. 4"
5566,H318,136465-99-1,"Eye Dam. 1"
5567,H317,136465-99-1,"Skin Sens. 1"
5568,H400,104872-06-2,"Aquatic Acute 1"
5569,H410,104872-06-2,"Aquatic Chronic 1"
5570,H314,59227-88-2,"Skin Corr. 1B"
5571,H317,59227-88-2,"Skin Sens. 1"
5572,H411,59227-88-2,"Aquatic Chronic 2"
5573,H314,4299-07-4,"Skin Corr. 1B"
5574,H317,4299-07-4,"Skin Sens. 1"
5575,H400,4299-07-4,"Aquatic Acute 1"
5576,H410,4299-07-4,"Aquatic Chronic 1"
5577,H317,4229-69-0,"Skin Sens. 1"
5578,H412,4229-69-0,"Aquatic Chronic 3"
5579,H315,137193-60-3,"Skin Irrit. 2"
5580,H319,137193-60-3,"Eye Irrit. 2"
5581,H317,137193-60-3,"Skin Sens. 1"
5582,H412,137193-60-3,"Aquatic Chronic 3"
5583,H400,484-33-3,"Aquatic Acute 1"
5584,H410,484-33-3,"Aquatic Chronic 1"
5585,H302,79200-56-9,"Acute Tox. 4"
5586,H318,79200-56-9,"Eye Dam. 1"
5587,H317,79200-56-9,"Skin Sens. 1"
5588,H411,56973-87-6,"Aquatic Chronic 2"
5589,H302,137234-87-8,"Acute Tox. 4"
5590,H400,137234-87-8,"Aquatic Acute 1"
5591,H410,137234-87-8,"Aquatic Chronic 1"
5592,H315,74338-72-0,"Skin Irrit. 2"
5593,H411,74338-72-0,"Aquatic Chronic 2"
5594,H302,73096-98-7,"Acute Tox. 4"
5595,H318,73096-98-7,"Eye Dam. 1"
5596,H412,73096-98-7,"Aquatic Chronic 3"
5597,H400,118289-55-7,"Aquatic Acute 1"
5598,H410,118289-55-7,"Aquatic Chronic 1"
5599,H302,95885-13-5,"Acute Tox. 4"
5600,H412,95885-13-5,"Aquatic Chronic 3"
5601,H302,49805-30-3,"Acute Tox. 4"
5602,H317,49805-30-3,"Skin Sens. 1"
5603,H317,130603-71-3,"Skin Sens. 1"
5604,H411,130603-71-3,"Aquatic Chronic 2"
5605,H413,23911-85-5,"Aquatic Chronic 4"
5606,H413,158574-65-3,"Aquatic Chronic 4"
5607,H411,61718-80-7,"Aquatic Chronic 2"
5608,H360F,94723-86-1,"Repr. 1B"
5609,H302,94723-86-1,"Acute Tox. 4"
5610,H317,94723-86-1,"Skin Sens. 1"
5611,H412,94723-86-1,"Aquatic Chronic 3"
5612,H400,165038-51-7,"Aquatic Acute 1"
5613,H410,165038-51-7,"Aquatic Chronic 1"
5614,H411,79876-59-8,"Aquatic Chronic 2"
5615,H317,78531-59-6,"Skin Sens. 1"
5616,H413,78531-59-6,"Aquatic Chronic 4"
5617,H317,226065-73-2,"Skin Sens. 1"
5618,H413,226065-73-2,"Aquatic Chronic 4"
5619,H317,83626-30-6,"Skin Sens. 1"
5620,H413,83626-30-6,"Aquatic Chronic 4"
5621,H301,1075-89-4,"Acute Tox. 3"
5622,H411,1075-89-4,"Aquatic Chronic 2"
5623,H412,756-13-8,"Aquatic Chronic 3"
5624,H302,71308-16-2,"Acute Tox. 4"
5625,H317,71308-16-2,"Skin Sens. 1"
5626,H413,71308-16-2,"Aquatic Chronic 4"
5627,H312,2833-30-9,"Acute Tox. 4"
5628,H302,2833-30-9,"Acute Tox. 4"
5629,H373,2833-30-9,"STOT RE 2"
5630,H314,2833-30-9,"Skin Corr. 1B"
5631,H317,2833-30-9,"Skin Sens. 1"
5632,H302,67014-36-2,"Acute Tox. 4"
5633,H317,67014-36-2,"Skin Sens. 1"
5634,H411,67014-36-2,"Aquatic Chronic 2"
5635,H302,1668-86-6,"Acute Tox. 4"
5636,H319,1668-86-6,"Eye Irrit. 2"
5637,H412,1668-86-6,"Aquatic Chronic 3"
5638,H318,272460-97-6,"Eye Dam. 1"
5639,H413,272460-97-6,"Aquatic Chronic 4"
5640,H413,67887-47-2,"Aquatic Chronic 4"
5641,H351,139001-49-3,"Carc. 2"
5642,H361d,139001-49-3,"Repr. 2"
5643,H317,139001-49-3,"Skin Sens. 1"
5644,H351,149979-41-9,"Carc. 2"
5645,H361fd,149979-41-9,"Repr. 2"
5646,H317,7078-98-0,"Skin Sens. 1"
5647,H413,7078-98-0,"Aquatic Chronic 4"
5648,H319,52870-46-9,"Eye Irrit. 2"
5649,H400,52870-46-9,"Aquatic Acute 1"
5650,H410,52870-46-9,"Aquatic Chronic 1"
5651,H302,114625-74-0,"Acute Tox. 4"
5652,H412,114625-74-0,"Aquatic Chronic 3"
5653,H314,133636-82-5,"Skin Corr. 1B"
5654,H317,133636-82-5,"Skin Sens. 1"
5655,H400,133636-82-5,"Aquatic Acute 1"
5656,H410,133636-82-5,"Aquatic Chronic 1"
5657,H302,114341-88-7,"Acute Tox. 4"
5658,H373,114341-88-7,"STOT RE 2"
5659,H315,114341-88-7,"Skin Irrit. 2"
5660,H318,114341-88-7,"Eye Dam. 1"
5661,H317,114341-88-7,"Skin Sens. 1"
5662,H400,114341-88-7,"Aquatic Acute 1"
5663,H410,114341-88-7,"Aquatic Chronic 1"
5664,H373,161462-35-7,"STOT RE 2"
5665,H400,161462-35-7,"Aquatic Acute 1"
5666,H410,161462-35-7,"Aquatic Chronic 1"
5667,H302,6777-05-5,"Acute Tox. 4"
5668,H411,99788-75-7,"Aquatic Chronic 2"
5669,H413,148935-94-8,"Aquatic Chronic 4"
5670,H413,156732-13-7,"Aquatic Chronic 4"
5671,H317,56309-94-5,"Skin Sens. 1"
5672,H412,56309-94-5,"Aquatic Chronic 3"
5673,H360F,5571-36-8,"Repr. 1B"
5674,H373,5571-36-8,"STOT RE 2"
5675,H411,5571-36-8,"Aquatic Chronic 2"
5676,H317,6563-83-3,"Skin Sens. 1"
5677,H412,6563-83-3,"Aquatic Chronic 3"
5678,H361f,15375-21-0,"Repr. 2"
5679,H413,2550-52-9,"Aquatic Chronic 4"
5680,H319,133413-70-4,"Eye Irrit. 2"
5681,H413,133413-70-4,"Aquatic Chronic 4"
5682,H413,211387-26-7,"Aquatic Chronic 4"
5683,H226,141645-23-0,"Flam. Liq. 3"
5684,H302,141645-23-0,"Acute Tox. 4"
5685,H373,141645-23-0,"STOT RE 2"
5686,H315,141645-23-0,"Skin Irrit. 2"
5687,H318,141645-23-0,"Eye Dam. 1"
5688,H317,141645-23-0,"Skin Sens. 1"
5689,H400,141645-23-0,"Aquatic Acute 1"
5690,H410,141645-23-0,"Aquatic Chronic 1"
5691,H413,124379-29-9,"Aquatic Chronic 4"
5692,H373,474510-57-1,"STOT RE 2"
5693,H400,474510-57-1,"Aquatic Acute 1"
5694,H410,474510-57-1,"Aquatic Chronic 1"
5695,H361d,71751-41-2,"Repr. 2"
5696,H330,71751-41-2,"Acute Tox. 1"
5697,H300,71751-41-2,"Acute Tox. 2"
5698,H372,71751-41-2,"STOT RE 1"
5699,H400,71751-41-2,"Aquatic Acute 1"
5700,H410,71751-41-2,"Aquatic Chronic 1"
5701,H361d,65195-55-3,"Repr. 2"
5702,H330,65195-55-3,"Acute Tox. 1"
5703,H300,65195-55-3,"Acute Tox. 2"
5704,H372,65195-55-3,"STOT RE 1"
5705,H400,65195-55-3,"Aquatic Acute 1"
5706,H410,65195-55-3,"Aquatic Chronic 1"
5707,H370,57960-19-7,"STOT SE 1"
5708,H373,57960-19-7,"STOT RE 2"
5709,H317,57960-19-7,"Skin Sens. 1"
5710,H400,57960-19-7,"Aquatic Acute 1"
5711,H410,57960-19-7,"Aquatic Chronic 1"
5712,H361d,99105-77-8,"Repr. 2"
5713,H373,99105-77-8,"STOT RE 2"
5714,H317,99105-77-8,"Skin Sens. 1A"
5715,H400,99105-77-8,"Aquatic Acute 1"
5716,H410,99105-77-8,"Aquatic Chronic 1"
5717,H351,87820-88-0,"Carc. 2"
5718,H302,87820-88-0,"Acute Tox. 4"
5719,H411,87820-88-0,"Aquatic Chronic 2"
5720,H361d,101205-02-1,"Repr. 2"
5721,H317,99-49-0,"Skin Sens. 1"
5722,H317,2244-16-8,"Skin Sens. 1"
5723,H317,6485-40-1,"Skin Sens. 1"
5724,H361d,335104-84-2,"Repr. 2"
5725,H373,335104-84-2,"STOT RE 2"
5726,H317,335104-84-2,"Skin Sens. 1"
5727,H400,335104-84-2,"Aquatic Acute 1"
5728,H410,335104-84-2,"Aquatic Chronic 1"
5729,H302,99129-21-2,"Acute Tox. 4"
5730,H317,99129-21-2,"Skin Sens. 1"
5731,H412,99129-21-2,"Aquatic Chronic 3"
5732,H350,84-65-1,"Carc. 1B"
5733,H314,64-18-6,"Skin Corr. 1A"
5734,H226,64-19-7,"Flam. Liq. 3"
5735,H314,64-19-7,"Skin Corr. 1A"
5736,H331,79-11-8,"Acute Tox. 3"
5737,H311,79-11-8,"Acute Tox. 3"
5738,H301,79-11-8,"Acute Tox. 3"
5739,H314,79-11-8,"Skin Corr. 1B"
5740,H400,79-11-8,"Aquatic Acute 1"
5741,H314,76-03-9,"Skin Corr. 1A"
5742,H400,76-03-9,"Aquatic Acute 1"
5743,H410,76-03-9,"Aquatic Chronic 1"
5744,H335,650-51-1,"STOT SE 3"
5745,H400,650-51-1,"Aquatic Acute 1"
5746,H410,650-51-1,"Aquatic Chronic 1"
5747,H312,144-62-7,"Acute Tox. 4"
5748,H302,144-62-7,"Acute Tox. 4"
5749,H226,108-24-7,"Flam. Liq. 3"
5750,H332,108-24-7,"Acute Tox. 4"
5751,H302,108-24-7,"Acute Tox. 4"
5752,H314,108-24-7,"Skin Corr. 1B"
5753,H302,85-44-9,"Acute Tox. 4"
5754,H335,85-44-9,"STOT SE 3"
5755,H315,85-44-9,"Skin Irrit. 2"
5756,H318,85-44-9,"Eye Dam. 1"
5757,H334,85-44-9,"Resp. Sens. 1"
5758,H317,85-44-9,"Skin Sens. 1"
5759,H314,123-62-6,"Skin Corr. 1B"
5760,H225,75-36-5,"Flam. Liq. 2"
5761,H314,75-36-5,"Skin Corr. 1B"
5762,H332,98-88-4,"Acute Tox. 4"
5763,H312,98-88-4,"Acute Tox. 4"
5764,H302,98-88-4,"Acute Tox. 4"
5765,H314,98-88-4,"Skin Corr. 1B"
5766,H317,98-88-4,"Skin Sens. 1"
5767,H225,616-38-6,"Flam. Liq. 2"
5768,H224,107-31-3,"Flam. Liq. 1"
5769,H332,107-31-3,"Acute Tox. 4"
5770,H302,107-31-3,"Acute Tox. 4"
5771,H335,107-31-3,"STOT SE 3"
5772,H319,107-31-3,"Eye Irrit. 2"
5773,H225,109-94-4,"Flam. Liq. 2"
5774,H332,109-94-4,"Acute Tox. 4"
5775,H302,109-94-4,"Acute Tox. 4"
5776,H335,109-94-4,"STOT SE 3"
5777,H319,109-94-4,"Eye Irrit. 2"
5778,H225,110-74-7,"Flam. Liq. 2"
5779,H335,110-74-7,"STOT SE 3"
5780,H336,110-74-7,"STOT SE 3"
5781,H319,110-74-7,"Eye Irrit. 2"
5782,H225,625-55-8,"Flam. Liq. 2"
5783,H335,625-55-8,"STOT SE 3"
5784,H336,625-55-8,"STOT SE 3"
5785,H319,625-55-8,"Eye Irrit. 2"
5786,H225,592-84-7,"Flam. Liq. 2"
5787,H335,592-84-7,"STOT SE 3"
5788,H319,592-84-7,"Eye Irrit. 2"
5789,H225,762-75-4,"Flam. Liq. 2"
5790,H335,762-75-4,"STOT SE 3"
5791,H319,762-75-4,"Eye Irrit. 2"
5792,H225,542-55-2,"Flam. Liq. 2"
5793,H335,542-55-2,"STOT SE 3"
5794,H319,542-55-2,"Eye Irrit. 2"
5795,H225,110-45-2,"Flam. Liq. 2"
5796,H335,110-45-2,"STOT SE 3"
5797,H319,110-45-2,"Eye Irrit. 2"
5798,H225,35073-27-9,"Flam. Liq. 2"
5799,H335,35073-27-9,"STOT SE 3"
5800,H319,35073-27-9,"Eye Irrit. 2"
5801,H225,79-22-1,"Flam. Liq. 2"
5802,H330,79-22-1,"Acute Tox. 2"
5803,H312,79-22-1,"Acute Tox. 4"
5804,H302,79-22-1,"Acute Tox. 4"
5805,H314,79-22-1,"Skin Corr. 1B"
5806,H225,541-41-3,"Flam. Liq. 2"
5807,H330,541-41-3,"Acute Tox. 2"
5808,H302,541-41-3,"Acute Tox. 4"
5809,H314,541-41-3,"Skin Corr. 1B"
5810,H225,79-20-9,"Flam. Liq. 2"
5811,H336,79-20-9,"STOT SE 3"
5812,H319,79-20-9,"Eye Irrit. 2"
5813,H225,141-78-6,"Flam. Liq. 2"
5814,H336,141-78-6,"STOT SE 3"
5815,H319,141-78-6,"Eye Irrit. 2"
5816,H225,108-05-4,"Flam. Liq. 2"
5817,H351,108-05-4,"Carc. 2"
5818,H332,108-05-4,"Acute Tox. 4"
5819,H335,108-05-4,"STOT SE 3"
5820,H225,109-60-4,"Flam. Liq. 2"
5821,H336,109-60-4,"STOT SE 3"
5822,H319,109-60-4,"Eye Irrit. 2"
5823,H225,108-21-4,"Flam. Liq. 2"
5824,H336,108-21-4,"STOT SE 3"
5825,H319,108-21-4,"Eye Irrit. 2"
5826,H226,123-86-4,"Flam. Liq. 3"
5827,H336,123-86-4,"STOT SE 3"
5828,H225,105-46-4,"Flam. Liq. 2"
5829,H225,110-19-0,"Flam. Liq. 2"
5830,H225,540-88-5,"Flam. Liq. 2"
5831,H225,554-12-1,"Flam. Liq. 2"
5832,H332,554-12-1,"Acute Tox. 4"
5833,H225,105-37-3,"Flam. Liq. 2"
5834,H226,590-01-2,"Flam. Liq. 3"
5835,H226,591-34-4,"Flam. Liq. 3"
5836,H226,540-42-1,"Flam. Liq. 3"
5837,H226,106-36-5,"Flam. Liq. 3"
5838,H332,106-36-5,"Acute Tox. 4"
5839,H226,109-21-7,"Flam. Liq. 3"
5840,H225,140-88-5,"Flam. Liq. 2"
5841,H332,140-88-5,"Acute Tox. 4"
5842,H312,140-88-5,"Acute Tox. 4"
5843,H302,140-88-5,"Acute Tox. 4"
5844,H335,140-88-5,"STOT SE 3"
5845,H315,140-88-5,"Skin Irrit. 2"
5846,H319,140-88-5,"Eye Irrit. 2"
5847,H317,140-88-5,"Skin Sens. 1"
5848,H226,97-88-1,"Flam. Liq. 3"
5849,H335,97-88-1,"STOT SE 3"
5850,H315,97-88-1,"Skin Irrit. 2"
5851,H319,97-88-1,"Eye Irrit. 2"
5852,H317,97-88-1,"Skin Sens. 1"
5853,H225,96-33-3,"Flam. Liq. 2"
5854,H332,96-33-3,"Acute Tox. 4"
5855,H312,96-33-3,"Acute Tox. 4"
5856,H302,96-33-3,"Acute Tox. 4"
5857,H335,96-33-3,"STOT SE 3"
5858,H315,96-33-3,"Skin Irrit. 2"
5859,H319,96-33-3,"Eye Irrit. 2"
5860,H317,96-33-3,"Skin Sens. 1"
5861,H225,80-62-6,"Flam. Liq. 2"
5862,H335,80-62-6,"STOT SE 3"
5863,H315,80-62-6,"Skin Irrit. 2"
5864,H317,80-62-6,"Skin Sens. 1"
5865,H360FD,110-49-6,"Repr. 1B"
5866,H332,110-49-6,"Acute Tox. 4"
5867,H312,110-49-6,"Acute Tox. 4"
5868,H302,110-49-6,"Acute Tox. 4"
5869,H226,111-15-9,"Flam. Liq. 3"
5870,H360FD,111-15-9,"Repr. 1B"
5871,H332,111-15-9,"Acute Tox. 4"
5872,H312,111-15-9,"Acute Tox. 4"
5873,H302,111-15-9,"Acute Tox. 4"
5874,H332,112-07-2,"Acute Tox. 4"
5875,H312,112-07-2,"Acute Tox. 4"
5876,H302,94-75-7,"Acute Tox. 4"
5877,H335,94-75-7,"STOT SE 3"
5878,H318,94-75-7,"Eye Dam. 1"
5879,H317,94-75-7,"Skin Sens. 1"
5880,H412,94-75-7,"Aquatic Chronic 3"
5881,H302,93-76-5,"Acute Tox. 4"
5882,H335,93-76-5,"STOT SE 3"
5883,H315,93-76-5,"Skin Irrit. 2"
5884,H319,93-76-5,"Eye Irrit. 2"
5885,H400,93-76-5,"Aquatic Acute 1"
5886,H410,93-76-5,"Aquatic Chronic 1"
5887,H302,1918-00-9,"Acute Tox. 4"
5888,H318,1918-00-9,"Eye Dam. 1"
5889,H412,1918-00-9,"Aquatic Chronic 3"
5890,H319,2300-66-5,"Eye Irrit. 2"
5891,H412,2300-66-5,"Aquatic Chronic 3"
5892,H319,10007-85-9,"Eye Irrit. 2"
5893,H412,10007-85-9,"Aquatic Chronic 3"
5894,H312,120-36-5,"Acute Tox. 4"
5895,H302,120-36-5,"Acute Tox. 4"
5896,H315,120-36-5,"Skin Irrit. 2"
5897,H318,120-36-5,"Eye Dam. 1"
5898,H302,93-72-1,"Acute Tox. 4"
5899,H315,93-72-1,"Skin Irrit. 2"
5900,H400,93-72-1,"Aquatic Acute 1"
5901,H410,93-72-1,"Aquatic Chronic 1"
5902,H302,7085-19-0,"Acute Tox. 4"
5903,H315,7085-19-0,"Skin Irrit. 2"
5904,H318,7085-19-0,"Eye Dam. 1"
5905,H400,7085-19-0,"Aquatic Acute 1"
5906,H410,7085-19-0,"Aquatic Chronic 1"
5907,H302,94-74-6,"Acute Tox. 4"
5908,H315,94-74-6,"Skin Irrit. 2"
5909,H318,94-74-6,"Eye Dam. 1"
5910,H400,94-74-6,"Aquatic Acute 1"
5911,H410,94-74-6,"Aquatic Chronic 1"
5912,H400,94-81-5,"Aquatic Acute 1"
5913,H410,94-81-5,"Aquatic Chronic 1"
5914,H301,129-67-9,"Acute Tox. 3"
5915,H312,129-67-9,"Acute Tox. 4"
5916,H335,129-67-9,"STOT SE 3"
5917,H315,129-67-9,"Skin Irrit. 2"
5918,H319,129-67-9,"Eye Irrit. 2"
5919,H360D,81-81-2,"Repr. 1A"
5920,H330,81-81-2,"Acute Tox. 1"
5921,H310,81-81-2,"Acute Tox. 1"
5922,H300,81-81-2,"Acute Tox. 2"
5923,H372,81-81-2,"STOT RE 1"
5924,H411,81-81-2,"Aquatic Chronic 2"
5925,H360D,5543-57-7,"Repr. 1A"
5926,H330,5543-57-7,"Acute Tox. 1"
5927,H310,5543-57-7,"Acute Tox. 1"
5928,H300,5543-57-7,"Acute Tox. 2"
5929,H372,5543-57-7,"STOT RE 1"
5930,H411,5543-57-7,"Aquatic Chronic 2"
5931,H360D,5543-58-8,"Repr. 1A"
5932,H330,5543-58-8,"Acute Tox. 1"
5933,H310,5543-58-8,"Acute Tox. 1"
5934,H300,5543-58-8,"Acute Tox. 2"
5935,H372,5543-58-8,"STOT RE 1"
5936,H411,5543-58-8,"Aquatic Chronic 2"
5937,H373,81-82-3,"STOT RE 2"
5938,H412,81-82-3,"Aquatic Chronic 3"
5939,H301,117-52-2,"Acute Tox. 3"
5940,H372,117-52-2,"STOT RE 1"
5941,H412,117-52-2,"Aquatic Chronic 3"
5942,H360D,5836-29-3,"Repr. 1B"
5943,H330,5836-29-3,"Acute Tox. 2"
5944,H300,5836-29-3,"Acute Tox. 2"
5945,H311,5836-29-3,"Acute Tox. 3"
5946,H372,5836-29-3,"STOT RE 1"
5947,H410,5836-29-3,"Aquatic Chronic 1"
5948,H302,66-76-2,"Acute Tox. 4"
5949,H372,66-76-2,"STOT RE 1"
5950,H411,66-76-2,"Aquatic Chronic 2"
5951,H226,79-10-7,"Flam. Liq. 3"
5952,H332,79-10-7,"Acute Tox. 4"
5953,H312,79-10-7,"Acute Tox. 4"
5954,H302,79-10-7,"Acute Tox. 4"
5955,H314,79-10-7,"Skin Corr. 1A"
5956,H400,79-10-7,"Aquatic Acute 1"
5957,H226,141-32-2,"Flam. Liq. 3"
5958,H335,141-32-2,"STOT SE 3"
5959,H315,141-32-2,"Skin Irrit. 2"
5960,H319,141-32-2,"Eye Irrit. 2"
5961,H317,141-32-2,"Skin Sens. 1"
5962,H312,79-31-2,"Acute Tox. 4"
5963,H302,79-31-2,"Acute Tox. 4"
5964,H314,501-53-1,"Skin Corr. 1B"
5965,H400,501-53-1,"Aquatic Acute 1"
5966,H410,501-53-1,"Aquatic Chronic 1"
5967,H331,79-08-3,"Acute Tox. 3"
5968,H311,79-08-3,"Acute Tox. 3"
5969,H301,79-08-3,"Acute Tox. 3"
5970,H314,79-08-3,"Skin Corr. 1A"
5971,H317,79-08-3,"Skin Sens. 1"
5972,H400,79-08-3,"Aquatic Acute 1"
5973,H314,79-43-6,"Skin Corr. 1A"
5974,H400,79-43-6,"Aquatic Acute 1"
5975,H314,79-36-7,"Skin Corr. 1A"
5976,H400,79-36-7,"Aquatic Acute 1"
5977,H301,64-69-7,"Acute Tox. 3"
5978,H314,64-69-7,"Skin Corr. 1A"
5979,H310,105-36-2,"Acute Tox. 1"
5980,H330,105-36-2,"Acute Tox. 2"
5981,H300,105-36-2,"Acute Tox. 2"
5982,H331,105-39-5,"Acute Tox. 3"
5983,H311,105-39-5,"Acute Tox. 3"
5984,H301,105-39-5,"Acute Tox. 3"
5985,H400,105-39-5,"Aquatic Acute 1"
5986,H225,97-63-2,"Flam. Liq. 2"
5987,H335,97-63-2,"STOT SE 3"
5988,H315,97-63-2,"Skin Irrit. 2"
5989,H319,97-63-2,"Eye Irrit. 2"
5990,H317,97-63-2,"Skin Sens. 1"
5991,H311,818-61-1,"Acute Tox. 3"
5992,H314,818-61-1,"Skin Corr. 1B"
5993,H317,818-61-1,"Skin Sens. 1"
5994,H400,818-61-1,"Aquatic Acute 1"
5995,H302,122-88-3,"Acute Tox. 4"
5996,H302,85-34-7,"Acute Tox. 4"
5997,H411,85-34-7,"Aquatic Chronic 2"
5998,H312,14437-17-3,"Acute Tox. 4"
5999,H302,14437-17-3,"Acute Tox. 4"
6000,H400,14437-17-3,"Aquatic Acute 1"
6001,H410,14437-17-3,"Aquatic Chronic 1"
6002,H302,2439-10-3,"Acute Tox. 4"
6003,H315,2439-10-3,"Skin Irrit. 2"
6004,H319,2439-10-3,"Eye Irrit. 2"
6005,H400,2439-10-3,"Aquatic Acute 1"
6006,H410,2439-10-3,"Aquatic Chronic 1"
6007,H302,136-25-4,"Acute Tox. 4"
6008,H411,136-25-4,"Aquatic Chronic 2"
6009,H310,4301-50-2,"Acute Tox. 1"
6010,H300,4301-50-2,"Acute Tox. 2"
6011,H311,4234-79-1,"Acute Tox. 3"
6012,H302,4234-79-1,"Acute Tox. 4"
6013,H411,4234-79-1,"Aquatic Chronic 2"
6014,H331,79-04-9,"Acute Tox. 3"
6015,H311,79-04-9,"Acute Tox. 3"
6016,H301,79-04-9,"Acute Tox. 3"
6017,H372,79-04-9,"STOT RE 1"
6018,H314,79-04-9,"Skin Corr. 1A"
6019,H400,79-04-9,"Aquatic Acute 1"
6020,H300,144-49-0,"Acute Tox. 2"
6021,H400,144-49-0,"Aquatic Acute 1"
6022,H302,94-82-6,"Acute Tox. 4"
6023,H411,94-82-6,"Aquatic Chronic 2"
6024,H302,120-51-4,"Acute Tox. 4"
6025,H411,120-51-4,"Aquatic Chronic 2"
6026,H302,131-17-9,"Acute Tox. 4"
6027,H400,131-17-9,"Aquatic Acute 1"
6028,H410,131-17-9,"Aquatic Chronic 1"
6029,H312,79-41-4,"Acute Tox. 4"
6030,H302,79-41-4,"Acute Tox. 4"
6031,H314,79-41-4,"Skin Corr. 1A"
6032,H314,79-09-4,"Skin Corr. 1B"
6033,H331,68-11-1,"Acute Tox. 3"
6034,H311,68-11-1,"Acute Tox. 3"
6035,H301,68-11-1,"Acute Tox. 3"
6036,H314,68-11-1,"Skin Corr. 1B"
6037,H332,76-05-1,"Acute Tox. 4"
6038,H314,76-05-1,"Skin Corr. 1A"
6039,H412,76-05-1,"Aquatic Chronic 3"
6040,H226,547-64-8,"Flam. Liq. 3"
6041,H335,547-64-8,"STOT SE 3"
6042,H319,547-64-8,"Eye Irrit. 2"
6043,H226,2155-30-8,"Flam. Liq. 3"
6044,H335,2155-30-8,"STOT SE 3"
6045,H319,2155-30-8,"Eye Irrit. 2"
6046,H226,17392-83-5,"Flam. Liq. 3"
6047,H335,17392-83-5,"STOT SE 3"
6048,H319,17392-83-5,"Eye Irrit. 2"
6049,H226,27871-49-4,"Flam. Liq. 3"
6050,H335,27871-49-4,"STOT SE 3"
6051,H319,27871-49-4,"Eye Irrit. 2"
6052,H225,79-03-8,"Flam. Liq. 2"
6053,H314,79-03-8,"Skin Corr. 1B"
6054,H226,79-21-0,"Flam. Liq. 3"
6055,H242,79-21-0,"Org. Perox. D"
6056,H332,79-21-0,"Acute Tox. 4"
6057,H312,79-21-0,"Acute Tox. 4"
6058,H302,79-21-0,"Acute Tox. 4"
6059,H314,79-21-0,"Skin Corr. 1A"
6060,H400,79-21-0,"Aquatic Acute 1"
6061,H302,110-16-7,"Acute Tox. 4"
6062,H335,110-16-7,"STOT SE 3"
6063,H315,110-16-7,"Skin Irrit. 2"
6064,H319,110-16-7,"Eye Irrit. 2"
6065,H317,110-16-7,"Skin Sens. 1"
6066,H302,108-31-6,"Acute Tox. 4"
6067,H372,108-31-6,"STOT RE 1"
6068,H314,108-31-6,"Skin Corr. 1B"
6069,H318,108-31-6,"Eye Dam. 1"
6070,H334,108-31-6,"Resp. Sens. 1"
6071,H317,108-31-6,"Skin Sens. 1A"
6072,H335,552-30-7,"STOT SE 3"
6073,H318,552-30-7,"Eye Dam. 1"
6074,H334,552-30-7,"Resp. Sens. 1"
6075,H317,552-30-7,"Skin Sens. 1"
6076,H318,89-32-7,"Eye Dam. 1"
6077,H334,89-32-7,"Resp. Sens. 1"
6078,H317,89-32-7,"Skin Sens. 1"
6079,H318,85-43-8,"Eye Dam. 1"
6080,H334,85-43-8,"Resp. Sens. 1"
6081,H317,85-43-8,"Skin Sens. 1"
6082,H412,85-43-8,"Aquatic Chronic 3"
6083,H318,935-79-5,"Eye Dam. 1"
6084,H334,935-79-5,"Resp. Sens. 1"
6085,H317,935-79-5,"Skin Sens. 1"
6086,H412,935-79-5,"Aquatic Chronic 3"
6087,H318,2426-02-0,"Eye Dam. 1"
6088,H334,2426-02-0,"Resp. Sens. 1"
6089,H317,2426-02-0,"Skin Sens. 1"
6090,H412,2426-02-0,"Aquatic Chronic 3"
6091,H318,26266-63-7,"Eye Dam. 1"
6092,H334,26266-63-7,"Resp. Sens. 1"
6093,H317,26266-63-7,"Skin Sens. 1"
6094,H412,26266-63-7,"Aquatic Chronic 3"
6095,H335,2421-28-5,"STOT SE 3"
6096,H319,2421-28-5,"Eye Irrit. 2"
6097,H335,115-27-5,"STOT SE 3"
6098,H315,115-27-5,"Skin Irrit. 2"
6099,H319,115-27-5,"Eye Irrit. 2"
6100,H318,85-42-7,"Eye Dam. 1"
6101,H334,85-42-7,"Resp. Sens. 1"
6102,H317,85-42-7,"Skin Sens. 1"
6103,H318,13149-00-3,"Eye Dam. 1"
6104,H334,13149-00-3,"Resp. Sens. 1"
6105,H317,13149-00-3,"Skin Sens. 1"
6106,H318,14166-21-3,"Eye Dam. 1"
6107,H334,14166-21-3,"Resp. Sens. 1"
6108,H317,14166-21-3,"Skin Sens. 1"
6109,H302,108-30-5,"Acute Tox. 4"
6110,H314,108-30-5,"Skin Corr. 1"
6111,H318,108-30-5,"Eye Dam. 1"
6112,H334,108-30-5,"Resp. Sens. 1"
6113,H317,108-30-5,"Skin Sens. 1"
6114,H335,6053-68-5,"STOT SE 3"
6115,H319,6053-68-5,"Eye Irrit. 2"
6116,H318,129-64-6,"Eye Dam. 1"
6117,H334,129-64-6,"Resp. Sens. 1"
6118,H317,129-64-6,"Skin Sens. 1"
6119,H318,826-62-0,"Eye Dam. 1"
6120,H334,826-62-0,"Resp. Sens. 1"
6121,H317,826-62-0,"Skin Sens. 1"
6122,H318,2746-19-2,"Eye Dam. 1"
6123,H334,2746-19-2,"Resp. Sens. 1"
6124,H317,2746-19-2,"Skin Sens. 1"
6125,H302,123748-85-6,"Acute Tox. 4"
6126,H335,123748-85-6,"STOT SE 3"
6127,H315,123748-85-6,"Skin Irrit. 2"
6128,H319,123748-85-6,"Eye Irrit. 2"
6129,H334,123748-85-6,"Resp. Sens. 1"
6130,H335,103-11-7,"STOT SE 3"
6131,H315,103-11-7,"Skin Irrit. 2"
6132,H317,103-11-7,"Skin Sens. 1"
6133,H331,2918-23-2,"Acute Tox. 3"
6134,H311,2918-23-2,"Acute Tox. 3"
6135,H301,2918-23-2,"Acute Tox. 3"
6136,H314,2918-23-2,"Skin Corr. 1B"
6137,H317,2918-23-2,"Skin Sens. 1"
6138,H331,999-61-1,"Acute Tox. 3"
6139,H311,999-61-1,"Acute Tox. 3"
6140,H301,999-61-1,"Acute Tox. 3"
6141,H314,999-61-1,"Skin Corr. 1B"
6142,H317,999-61-1,"Skin Sens. 1"
6143,H331,25584-83-2,"Acute Tox. 3"
6144,H311,25584-83-2,"Acute Tox. 3"
6145,H301,25584-83-2,"Acute Tox. 3"
6146,H314,25584-83-2,"Skin Corr. 1B"
6147,H317,25584-83-2,"Skin Sens. 1"
6148,H315,13048-33-4,"Skin Irrit. 2"
6149,H319,13048-33-4,"Eye Irrit. 2"
6150,H317,13048-33-4,"Skin Sens. 1"
6151,H315,3524-68-3,"Skin Irrit. 2"
6152,H319,3524-68-3,"Eye Irrit. 2"
6153,H317,3524-68-3,"Skin Sens. 1"
6154,H315,15625-89-5,"Skin Irrit. 2"
6155,H319,15625-89-5,"Eye Irrit. 2"
6156,H317,15625-89-5,"Skin Sens. 1"
6157,H311,2223-82-7,"Acute Tox. 3"
6158,H315,2223-82-7,"Skin Irrit. 2"
6159,H319,2223-82-7,"Eye Irrit. 2"
6160,H317,2223-82-7,"Skin Sens. 1"
6161,H226,97-86-9,"Flam. Liq. 3"
6162,H335,97-86-9,"STOT SE 3"
6163,H315,97-86-9,"Skin Irrit. 2"
6164,H317,97-86-9,"Skin Sens. 1B"
6165,H335,97-90-5,"STOT SE 3"
6166,H317,97-90-5,"Skin Sens. 1"
6167,H226,106-63-8,"Flam. Liq. 3"
6168,H332,106-63-8,"Acute Tox. 4"
6169,H312,106-63-8,"Acute Tox. 4"
6170,H315,106-63-8,"Skin Irrit. 2"
6171,H317,106-63-8,"Skin Sens. 1"
6172,H335,3066-71-5,"STOT SE 3"
6173,H315,3066-71-5,"Skin Irrit. 2"
6174,H411,3066-71-5,"Aquatic Chronic 2"
6175,H331,106-90-1,"Acute Tox. 3"
6176,H311,106-90-1,"Acute Tox. 3"
6177,H301,106-90-1,"Acute Tox. 3"
6178,H314,106-90-1,"Skin Corr. 1B"
6179,H317,106-90-1,"Skin Sens. 1"
6180,H312,19485-03-1,"Acute Tox. 4"
6181,H314,19485-03-1,"Skin Corr. 1B"
6182,H317,19485-03-1,"Skin Sens. 1"
6183,H312,1070-70-8,"Acute Tox. 4"
6184,H314,1070-70-8,"Skin Corr. 1B"
6185,H317,1070-70-8,"Skin Sens. 1"
6186,H311,4074-88-8,"Acute Tox. 3"
6187,H315,4074-88-8,"Skin Irrit. 2"
6188,H319,4074-88-8,"Eye Irrit. 2"
6189,H317,4074-88-8,"Skin Sens. 1"
6190,H312,10027-06-2,"Acute Tox. 4"
6191,H315,10027-06-2,"Skin Irrit. 2"
6192,H317,10027-06-2,"Skin Sens. 1"
6193,H315,4986-89-4,"Skin Irrit. 2"
6194,H319,4986-89-4,"Eye Irrit. 2"
6195,H317,4986-89-4,"Skin Sens. 1"
6196,H350,106-91-2,"Carc. 1B"
6197,H341,106-91-2,"Muta. 2"
6198,H360F,106-91-2,"Repr. 1B"
6199,H311,106-91-2,"Acute Tox. 3"
6200,H302,106-91-2,"Acute Tox. 4"
6201,H335,106-91-2,"STOT SE 3"
6202,H372,106-91-2,"STOT RE 1"
6203,H314,106-91-2,"Skin Corr. 1C"
6204,H318,106-91-2,"Eye Dam. 1"
6205,H317,106-91-2,"Skin Sens. 1"
6206,H315,868-77-9,"Skin Irrit. 2"
6207,H319,868-77-9,"Eye Irrit. 2"
6208,H317,868-77-9,"Skin Sens. 1"
6209,H319,923-26-2,"Eye Irrit. 2"
6210,H317,923-26-2,"Skin Sens. 1"
6211,H319,2761-09-3,"Eye Irrit. 2"
6212,H317,2761-09-3,"Skin Sens. 1"
6213,H315,1680-21-3,"Skin Irrit. 2"
6214,H319,1680-21-3,"Eye Irrit. 2"
6215,H317,1680-21-3,"Skin Sens. 1"
6216,H332,105-16-8,"Acute Tox. 4"
6217,H315,105-16-8,"Skin Irrit. 2"
6218,H319,105-16-8,"Eye Irrit. 2"
6219,H317,105-16-8,"Skin Sens. 1"
6220,H315,3775-90-4,"Skin Irrit. 2"
6221,H319,3775-90-4,"Eye Irrit. 2"
6222,H317,3775-90-4,"Skin Sens. 1"
6223,H226,97-64-3,"Flam. Liq. 3"
6224,H335,97-64-3,"STOT SE 3"
6225,H318,97-64-3,"Eye Dam. 1"
6226,H226,687-47-8,"Flam. Liq. 3"
6227,H335,687-47-8,"STOT SE 3"
6228,H318,687-47-8,"Eye Dam. 1"
6229,H226,628-63-7,"Flam. Liq. 3"
6230,H226,123-92-2,"Flam. Liq. 3"
6231,H226,626-38-0,"Flam. Liq. 3"
6232,H226,624-41-9,"Flam. Liq. 3"
6233,H226,84145-37-9,"Flam. Liq. 3"
6234,H226,105-68-0,"Flam. Liq. 3"
6235,H226,624-54-4,"Flam. Liq. 3"
6236,H226,2438-20-2,"Flam. Liq. 3"
6237,H312,2867-47-2,"Acute Tox. 4"
6238,H302,2867-47-2,"Acute Tox. 4"
6239,H315,2867-47-2,"Skin Irrit. 2"
6240,H319,2867-47-2,"Eye Irrit. 2"
6241,H317,2867-47-2,"Skin Sens. 1"
6242,H314,107-92-6,"Skin Corr. 1B"
6243,H225,141-75-3,"Flam. Liq. 2"
6244,H314,141-75-3,"Skin Corr. 1B"
6245,H319,105-45-3,"Eye Irrit. 2"
6246,H226,592-34-7,"Flam. Liq. 3"
6247,H331,592-34-7,"Acute Tox. 3"
6248,H314,592-34-7,"Skin Corr. 1B"
6249,H302,598-78-7,"Acute Tox. 4"
6250,H314,598-78-7,"Skin Corr. 1A"
6251,H225,79-30-1,"Flam. Liq. 2"
6252,H314,79-30-1,"Skin Corr. 1A"
6253,H302,106-75-2,"Acute Tox. 4"
6254,H315,106-75-2,"Skin Irrit. 2"
6255,H318,106-75-2,"Eye Dam. 1"
6256,H411,106-75-2,"Aquatic Chronic 2"
6257,H225,109-61-5,"Flam. Liq. 2"
6258,H331,109-61-5,"Acute Tox. 3"
6259,H314,109-61-5,"Skin Corr. 1B"
6260,H314,109-52-4,"Skin Corr. 1B"
6261,H412,109-52-4,"Aquatic Chronic 3"
6262,H319,124-04-9,"Eye Irrit. 2"
6263,H314,75-75-2,"Skin Corr. 1B"
6264,H319,110-17-8,"Eye Irrit. 2"
6265,H302,95-92-1,"Acute Tox. 4"
6266,H319,95-92-1,"Eye Irrit. 2"
6267,H302,50-01-1,"Acute Tox. 4"
6268,H315,50-01-1,"Skin Irrit. 2"
6269,H319,50-01-1,"Eye Irrit. 2"
6270,H350,51-79-6,"Carc. 1B"
6271,H301,145-73-3,"Acute Tox. 3"
6272,H312,145-73-3,"Acute Tox. 4"
6273,H335,145-73-3,"STOT SE 3"
6274,H315,145-73-3,"Skin Irrit. 2"
6275,H319,145-73-3,"Eye Irrit. 2"
6276,H351,2312-35-8,"Carc. 2"
6277,H331,2312-35-8,"Acute Tox. 3"
6278,H315,2312-35-8,"Skin Irrit. 2"
6279,H318,2312-35-8,"Eye Dam. 1"
6280,H400,2312-35-8,"Aquatic Acute 1"
6281,H410,2312-35-8,"Aquatic Chronic 1"
6282,H302,50-31-7,"Acute Tox. 4"
6283,H411,50-31-7,"Aquatic Chronic 2"
6284,H315,3813-05-6,"Skin Irrit. 2"
6285,H319,3813-05-6,"Eye Irrit. 2"
6286,H412,3813-05-6,"Aquatic Chronic 3"
6287,H302,22212-55-1,"Acute Tox. 4"
6288,H400,22212-55-1,"Aquatic Acute 1"
6289,H410,22212-55-1,"Aquatic Chronic 1"
6290,H300,2079-00-7,"Acute Tox. 2"
6291,H302,80-33-1,"Acute Tox. 4"
6292,H315,80-33-1,"Skin Irrit. 2"
6293,H400,80-33-1,"Aquatic Acute 1"
6294,H410,80-33-1,"Aquatic Chronic 1"
6295,H360D,56073-07-5,"Repr. 1B"
6296,H330,56073-07-5,"Acute Tox. 1"
6297,H310,56073-07-5,"Acute Tox. 1"
6298,H300,56073-07-5,"Acute Tox. 1"
6299,H372,56073-07-5,"STOT RE 1"
6300,H400,56073-07-5,"Aquatic Acute 1"
6301,H410,56073-07-5,"Aquatic Chronic 1"
6302,H301,3926-62-3,"Acute Tox. 3"
6303,H315,3926-62-3,"Skin Irrit. 2"
6304,H400,3926-62-3,"Aquatic Acute 1"
6305,H302,510-15-6,"Acute Tox. 4"
6306,H400,510-15-6,"Aquatic Acute 1"
6307,H410,510-15-6,"Aquatic Chronic 1"
6308,H302,51337-71-4,"Acute Tox. 4"
6309,H315,75-99-0,"Skin Irrit. 2"
6310,H318,75-99-0,"Eye Dam. 1"
6311,H412,75-99-0,"Aquatic Chronic 3"
6312,H315,127-20-8,"Skin Irrit. 2"
6313,H318,127-20-8,"Eye Dam. 1"
6314,H412,127-20-8,"Aquatic Chronic 3"
6315,H302,520-45-6,"Acute Tox. 4"
6316,H302,4418-26-2,"Acute Tox. 4"
6317,H302,51338-27-3,"Acute Tox. 4"
6318,H317,51338-27-3,"Skin Sens. 1"
6319,H400,51338-27-3,"Aquatic Acute 1"
6320,H410,51338-27-3,"Aquatic Chronic 1"
6321,H301,2487-01-6,"Acute Tox. 3"
6322,H312,2487-01-6,"Acute Tox. 4"
6323,H312,4312-97-4,"Acute Tox. 4"
6324,H302,4312-97-4,"Acute Tox. 4"
6325,H311,83-59-0,"Acute Tox. 3"
6326,H302,83-59-0,"Acute Tox. 4"
6327,H400,83-59-0,"Aquatic Acute 1"
6328,H410,83-59-0,"Aquatic Chronic 1"
6329,H310,62-74-8,"Acute Tox. 1"
6330,H330,62-74-8,"Acute Tox. 2"
6331,H300,62-74-8,"Acute Tox. 2"
6332,H400,62-74-8,"Aquatic Acute 1"
6333,H312,31895-22-4,"Acute Tox. 4"
6334,H302,31895-22-4,"Acute Tox. 4"
6335,H400,31895-22-4,"Aquatic Acute 1"
6336,H410,31895-22-4,"Aquatic Chronic 1"
6337,H360D,56073-10-0,"Repr. 1A"
6338,H330,56073-10-0,"Acute Tox. 1"
6339,H310,56073-10-0,"Acute Tox. 1"
6340,H300,56073-10-0,"Acute Tox. 1"
6341,H372,56073-10-0,"STOT RE 1"
6342,H400,56073-10-0,"Aquatic Acute 1"
6343,H410,56073-10-0,"Aquatic Chronic 1"
6344,H317,39562-27-1,"Skin Sens. 1"
6345,H411,39562-27-1,"Aquatic Chronic 2"
6346,H317,101200-48-0,"Skin Sens. 1"
6347,H400,101200-48-0,"Aquatic Acute 1"
6348,H410,101200-48-0,"Aquatic Chronic 1"
6349,H317,83055-99-6,"Skin Sens. 1"
6350,H411,83055-99-6,"Aquatic Chronic 2"
6351,H317,95154-01-1,"Skin Sens. 1"
6352,H302,96566-70-0,"Acute Tox. 4"
6353,H335,96566-70-0,"STOT SE 3"
6354,H319,96566-70-0,"Eye Irrit. 2"
6355,H412,96566-70-0,"Aquatic Chronic 3"
6356,H331,101513-70-6,"Acute Tox. 3"
6357,H302,101513-70-6,"Acute Tox. 4"
6358,H314,101513-70-6,"Skin Corr. 1B"
6359,H317,101513-70-6,"Skin Sens. 1"
6360,H412,101513-70-6,"Aquatic Chronic 3"
6361,H226,85702-90-5,"Flam. Liq. 3"
6362,H334,85702-90-5,"Resp. Sens. 1"
6363,H317,85702-90-5,"Skin Sens. 1"
6364,H317,1117-37-9,"Skin Sens. 1"
6365,H317,84087-01-4,"Skin Sens. 1"
6366,H319,62782-03-0,"Eye Irrit. 2"
6367,H412,62782-03-0,"Aquatic Chronic 3"
6368,H302,1939-36-2,"Acute Tox. 4"
6369,H318,1939-36-2,"Eye Dam. 1"
6370,H350,77402-03-0,"Carc. 1B"
6371,H340,77402-03-0,"Muta. 1B"
6372,H302,77402-03-0,"Acute Tox. 4"
6373,H319,77402-03-0,"Eye Irrit. 2"
6374,H315,100181-71-3,"Skin Irrit. 2"
6375,H317,100181-71-3,"Skin Sens. 1"
6376,H400,100181-71-3,"Aquatic Acute 1"
6377,H410,100181-71-3,"Aquatic Chronic 1"
6378,H318,92511-22-3,"Eye Dam. 1"
6379,H319,108-32-7,"Eye Irrit. 2"
6380,H226,108-65-6,"Flam. Liq. 3"
6381,H314,111-14-8,"Skin Corr. 1B"
6382,H315,112-05-0,"Skin Irrit. 2"
6383,H319,112-05-0,"Eye Irrit. 2"
6384,H412,112-05-0,"Aquatic Chronic 3"
6385,H302,121-79-9,"Acute Tox. 4"
6386,H317,121-79-9,"Skin Sens. 1"
6387,H302,1034-01-1,"Acute Tox. 4"
6388,H317,1034-01-1,"Skin Sens. 1"
6389,H317,1166-52-5,"Skin Sens. 1"
6390,H331,463-71-8,"Acute Tox. 3"
6391,H302,463-71-8,"Acute Tox. 4"
6392,H335,463-71-8,"STOT SE 3"
6393,H315,463-71-8,"Skin Irrit. 2"
6394,H319,463-71-8,"Eye Irrit. 2"
6395,H360D,80387-97-9,"Repr. 1B"
6396,H317,80387-97-9,"Skin Sens. 1"
6397,H412,80387-97-9,"Aquatic Chronic 3"
6398,H226,96-34-4,"Flam. Liq. 3"
6399,H331,96-34-4,"Acute Tox. 3"
6400,H301,96-34-4,"Acute Tox. 3"
6401,H335,96-34-4,"STOT SE 3"
6402,H315,96-34-4,"Skin Irrit. 2"
6403,H318,96-34-4,"Eye Dam. 1"
6404,H226,105-48-6,"Flam. Liq. 3"
6405,H301,105-48-6,"Acute Tox. 3"
6406,H335,105-48-6,"STOT SE 3"
6407,H315,105-48-6,"Skin Irrit. 2"
6408,H319,105-48-6,"Eye Irrit. 2"
6409,H302,87237-48-7,"Acute Tox. 4"
6410,H400,87237-48-7,"Aquatic Acute 1"
6411,H410,87237-48-7,"Aquatic Chronic 1"
6412,H315,91853-67-7,"Skin Irrit. 2"
6413,H400,91853-67-7,"Aquatic Acute 1"
6414,H410,91853-67-7,"Aquatic Chronic 1"
6415,H350,77402-05-2,"Carc. 1B"
6416,H340,77402-05-2,"Muta. 1B"
6417,H314,77402-05-2,"Skin Corr. 1B"
6418,H317,77402-05-2,"Skin Sens. 1"
6419,H302,6386-39-6,"Acute Tox. 4"
6420,H411,6386-39-6,"Aquatic Chronic 2"
6421,H226,67567-23-1,"Flam. Liq. 3"
6422,H242,67567-23-1,"Org. Perox. D"
6423,H411,67567-23-1,"Aquatic Chronic 2"
6424,H301,19247-05-3,"Acute Tox. 3"
6425,H373,19247-05-3,"STOT RE 2"
6426,H317,19247-05-3,"Skin Sens. 1"
6427,H412,19247-05-3,"Aquatic Chronic 3"
6428,H302,107551-67-7,"Acute Tox. 4"
6429,H319,107551-67-7,"Eye Irrit. 2"
6430,H302,15165-67-0,"Acute Tox. 4"
6431,H315,15165-67-0,"Skin Irrit. 2"
6432,H318,15165-67-0,"Eye Dam. 1"
6433,H317,15165-67-0,"Skin Sens. 1"
6434,H302,62268-47-7,"Acute Tox. 4"
6435,H317,62268-47-7,"Skin Sens. 1"
6436,H411,62268-47-7,"Aquatic Chronic 2"
6437,H317,63740-41-0,"Skin Sens. 1"
6438,H411,63740-41-0,"Aquatic Chronic 2"
6439,H315,118712-89-3,"Skin Irrit. 2"
6440,H400,118712-89-3,"Aquatic Acute 1"
6441,H410,118712-89-3,"Aquatic Chronic 1"
6442,H317,39562-17-9,"Skin Sens. 1"
6443,H400,39562-17-9,"Aquatic Acute 1"
6444,H410,39562-17-9,"Aquatic Chronic 1"
6445,H373,15980-11-7,"STOT RE 2"
6446,H318,15980-11-7,"Eye Dam. 1"
6447,H317,15980-11-7,"Skin Sens. 1"
6448,H241,15980-11-7,"Self-React. C"
6449,H302,120447-91-8,"Acute Tox. 4"
6450,H314,120447-91-8,"Skin Corr. 1A"
6451,H360Df,117-82-8,"Repr. 1B"
6452,H351,88-10-8,"Carc. 2"
6453,H332,88-10-8,"Acute Tox. 4"
6454,H302,88-10-8,"Acute Tox. 4"
6455,H335,88-10-8,"STOT SE 3"
6456,H315,88-10-8,"Skin Irrit. 2"
6457,H319,88-10-8,"Eye Irrit. 2"
6458,H361d,149-57-5,"Repr. 2"
6459,H318,1702-17-6,"Eye Dam. 1"
6460,H315,55512-33-9,"Skin Irrit. 2"
6461,H317,55512-33-9,"Skin Sens. 1"
6462,H400,55512-33-9,"Aquatic Acute 1"
6463,H410,55512-33-9,"Aquatic Chronic 1"
6464,H335,2499-95-8,"STOT SE 3"
6465,H315,2499-95-8,"Skin Irrit. 2"
6466,H319,2499-95-8,"Eye Irrit. 2"
6467,H317,2499-95-8,"Skin Sens. 1"
6468,H411,2499-95-8,"Aquatic Chronic 2"
6469,H411,467-69-6,"Aquatic Chronic 2"
6470,H335,137-05-3,"STOT SE 3"
6471,H315,137-05-3,"Skin Irrit. 2"
6472,H319,137-05-3,"Eye Irrit. 2"
6473,H335,7085-85-0,"STOT SE 3"
6474,H315,7085-85-0,"Skin Irrit. 2"
6475,H319,7085-85-0,"Eye Irrit. 2"
6476,H411,72850-64-7,"Aquatic Chronic 2"
6477,H302,102851-06-9,"Acute Tox. 4"
6478,H315,102851-06-9,"Skin Irrit. 2"
6479,H400,102851-06-9,"Aquatic Acute 1"
6480,H410,102851-06-9,"Aquatic Chronic 1"
6481,H330,39515-41-8,"Acute Tox. 2"
6482,H301,39515-41-8,"Acute Tox. 3"
6483,H312,39515-41-8,"Acute Tox. 4"
6484,H400,39515-41-8,"Aquatic Acute 1"
6485,H410,39515-41-8,"Aquatic Chronic 1"
6486,H318,1694-82-2,"Eye Dam. 1"
6487,H334,1694-82-2,"Resp. Sens. 1"
6488,H317,1694-82-2,"Skin Sens. 1"
6489,H318,3425-89-6,"Eye Dam. 1"
6490,H334,3425-89-6,"Resp. Sens. 1"
6491,H317,3425-89-6,"Skin Sens. 1"
6492,H318,5333-84-6,"Eye Dam. 1"
6493,H334,5333-84-6,"Resp. Sens. 1"
6494,H317,5333-84-6,"Skin Sens. 1"
6495,H318,11070-44-3,"Eye Dam. 1"
6496,H334,11070-44-3,"Resp. Sens. 1"
6497,H317,11070-44-3,"Skin Sens. 1"
6498,H318,26590-20-5,"Eye Dam. 1"
6499,H334,26590-20-5,"Resp. Sens. 1"
6500,H317,26590-20-5,"Skin Sens. 1"
6501,H318,34090-76-1,"Eye Dam. 1"
6502,H334,34090-76-1,"Resp. Sens. 1"
6503,H317,34090-76-1,"Skin Sens. 1"
6504,H318,42498-58-8,"Eye Dam. 1"
6505,H334,42498-58-8,"Resp. Sens. 1"
6506,H317,42498-58-8,"Skin Sens. 1"
6507,H318,19438-60-9,"Eye Dam. 1"
6508,H334,19438-60-9,"Resp. Sens. 1"
6509,H317,19438-60-9,"Skin Sens. 1"
6510,H318,25550-51-0,"Eye Dam. 1"
6511,H334,25550-51-0,"Resp. Sens. 1"
6512,H317,25550-51-0,"Skin Sens. 1"
6513,H318,48122-14-1,"Eye Dam. 1"
6514,H334,48122-14-1,"Resp. Sens. 1"
6515,H317,48122-14-1,"Skin Sens. 1"
6516,H318,57110-29-9,"Eye Dam. 1"
6517,H334,57110-29-9,"Resp. Sens. 1"
6518,H317,57110-29-9,"Skin Sens. 1"
6519,H318,117-08-8,"Eye Dam. 1"
6520,H334,117-08-8,"Resp. Sens. 1"
6521,H317,117-08-8,"Skin Sens. 1"
6522,H400,117-08-8,"Aquatic Acute 1"
6523,H410,117-08-8,"Aquatic Chronic 1"
6524,H335,29590-42-9,"STOT SE 3"
6525,H315,29590-42-9,"Skin Irrit. 2"
6526,H319,29590-42-9,"Eye Irrit. 2"
6527,H400,29590-42-9,"Aquatic Acute 1"
6528,H410,29590-42-9,"Aquatic Chronic 1"
6529,H225,1663-39-4,"Flam. Liq. 2"
6530,H332,1663-39-4,"Acute Tox. 4"
6531,H312,1663-39-4,"Acute Tox. 4"
6532,H302,1663-39-4,"Acute Tox. 4"
6533,H335,1663-39-4,"STOT SE 3"
6534,H315,1663-39-4,"Skin Irrit. 2"
6535,H317,1663-39-4,"Skin Sens. 1"
6536,H411,1663-39-4,"Aquatic Chronic 2"
6537,H226,96-05-9,"Flam. Liq. 3"
6538,H331,96-05-9,"Acute Tox. 3"
6539,H312,96-05-9,"Acute Tox. 4"
6540,H302,96-05-9,"Acute Tox. 4"
6541,H400,96-05-9,"Aquatic Acute 1"
6542,H335,142-90-5,"STOT SE 3"
6543,H315,142-90-5,"Skin Irrit. 2"
6544,H319,142-90-5,"Eye Irrit. 2"
6545,H400,142-90-5,"Aquatic Acute 1"
6546,H410,142-90-5,"Aquatic Chronic 1"
6547,H302,132-67-2,"Acute Tox. 4"
6548,H335,42978-66-5,"STOT SE 3"
6549,H315,42978-66-5,"Skin Irrit. 2"
6550,H319,42978-66-5,"Eye Irrit. 2"
6551,H317,42978-66-5,"Skin Sens. 1"
6552,H411,42978-66-5,"Aquatic Chronic 2"
6553,H319,118-48-9,"Eye Irrit. 2"
6554,H317,118-48-9,"Skin Sens. 1"
6555,H226,70657-70-4,"Flam. Liq. 3"
6556,H360D,70657-70-4,"Repr. 1B"
6557,H335,70657-70-4,"STOT SE 3"
6558,H330,91465-08-6,"Acute Tox. 2"
6559,H301,91465-08-6,"Acute Tox. 3"
6560,H312,91465-08-6,"Acute Tox. 4"
6561,H400,91465-08-6,"Aquatic Acute 1"
6562,H410,91465-08-6,"Aquatic Chronic 1"
6563,H300,68359-37-5,"Acute Tox. 2"
6564,H331,68359-37-5,"Acute Tox. 3"
6565,H400,68359-37-5,"Aquatic Acute 1"
6566,H410,68359-37-5,"Aquatic Chronic 1"
6567,H331,131860-33-8,"Acute Tox. 3"
6568,H400,131860-33-8,"Aquatic Acute 1"
6569,H410,131860-33-8,"Aquatic Chronic 1"
6570,H225,637-78-5,"Flam. Liq. 2"
6571,H318,105560-93-8,"Eye Dam. 1"
6572,H317,105560-93-8,"Skin Sens. 1"
6573,H412,105560-93-8,"Aquatic Chronic 3"
6574,H318,39562-16-8,"Eye Dam. 1"
6575,H317,39562-16-8,"Skin Sens. 1"
6576,H412,39562-16-8,"Aquatic Chronic 3"
6577,H400,118832-72-7,"Aquatic Acute 1"
6578,H410,118832-72-7,"Aquatic Chronic 1"
6579,H302,86393-33-1,"Acute Tox. 4"
6580,H412,86393-33-1,"Aquatic Chronic 3"
6581,H318,53250-83-2,"Eye Dam. 1"
6582,H315,52460-86-3,"Skin Irrit. 2"
6583,H412,52460-86-3,"Aquatic Chronic 3"
6584,H302,130296-87-6,"Acute Tox. 4"
6585,H400,130296-87-6,"Aquatic Acute 1"
6586,H410,130296-87-6,"Aquatic Chronic 1"
6587,H334,33610-13-8,"Resp. Sens. 1"
6588,H317,33610-13-8,"Skin Sens. 1"
6589,H412,33610-13-8,"Aquatic Chronic 3"
6590,H319,61597-96-4,"Eye Irrit. 2"
6591,H318,94050-90-5,"Eye Dam. 1"
6592,H312,90498-90-1,"Acute Tox. 4"
6593,H319,156324-82-2,"Eye Irrit. 2"
6594,H411,156324-82-2,"Aquatic Chronic 2"
6595,H400,81406-37-3,"Aquatic Acute 1"
6596,H410,81406-37-3,"Aquatic Chronic 1"
6597,H400,154486-27-8,"Aquatic Acute 1"
6598,H410,154486-27-8,"Aquatic Chronic 1"
6599,H317,54527-73-0,"Skin Sens. 1"
6600,H411,54527-73-0,"Aquatic Chronic 2"
6601,H317,66531-87-1,"Skin Sens. 1"
6602,H302,54322-20-2,"Acute Tox. 4"
6603,H319,54322-20-2,"Eye Irrit. 2"
6604,H317,54322-20-2,"Skin Sens. 1"
6605,H411,127519-17-9,"Aquatic Chronic 2"
6606,H312,15121-89-8,"Acute Tox. 4"
6607,H302,15121-89-8,"Acute Tox. 4"
6608,H315,15121-89-8,"Skin Irrit. 2"
6609,H318,15121-89-8,"Eye Dam. 1"
6610,H317,15121-89-8,"Skin Sens. 1"
6611,H400,15121-89-8,"Aquatic Acute 1"
6612,H410,15121-89-8,"Aquatic Chronic 1"
6613,H411,136213-76-8,"Aquatic Chronic 2"
6614,H317,141880-36-6,"Skin Sens. 1"
6615,H412,141880-36-6,"Aquatic Chronic 3"
6616,H319,148732-74-5,"Eye Irrit. 2"
6617,H317,148732-74-5,"Skin Sens. 1"
6618,H412,148732-74-5,"Aquatic Chronic 3"
6619,H318,92761-26-7,"Eye Dam. 1"
6620,H302,97101-46-7,"Acute Tox. 4"
6621,H317,97101-46-7,"Skin Sens. 1"
6622,H400,97101-46-7,"Aquatic Acute 1"
6623,H410,97101-46-7,"Aquatic Chronic 1"
6624,H361f,93107-30-3,"Repr. 2"
6625,H412,93107-30-3,"Aquatic Chronic 3"
6626,H360D,69806-50-4,"Repr. 1B"
6627,H400,69806-50-4,"Aquatic Acute 1"
6628,H410,69806-50-4,"Aquatic Chronic 1"
6629,H361d,79241-46-6,"Repr. 2"
6630,H400,79241-46-6,"Aquatic Acute 1"
6631,H410,79241-46-6,"Aquatic Chronic 1"
6632,H351,84332-86-5,"Carc. 2"
6633,H411,84332-86-5,"Aquatic Chronic 2"
6634,H351,50471-44-8,"Carc. 2"
6635,H360FD,50471-44-8,"Repr. 1B"
6636,H317,50471-44-8,"Skin Sens. 1"
6637,H411,50471-44-8,"Aquatic Chronic 2"
6638,H400,128639-02-1,"Aquatic Acute 1"
6639,H410,128639-02-1,"Aquatic Chronic 1"
6640,H351,143390-89-0,"Carc. 2"
6641,H400,143390-89-0,"Aquatic Acute 1"
6642,H410,143390-89-0,"Aquatic Chronic 1"
6643,H411,25059-80-7,"Aquatic Chronic 2"
6644,H360FD,625-45-6,"Repr. 1B"
6645,H302,625-45-6,"Acute Tox. 4"
6646,H314,625-45-6,"Skin Corr. 1B"
6647,H330,40292-82-8,"Acute Tox. 2"
6648,H302,40292-82-8,"Acute Tox. 4"
6649,H314,40292-82-8,"Skin Corr. 1B"
6650,H411,26225-79-6,"Aquatic Chronic 2"
6651,H318,1071-83-6,"Eye Dam. 1"
6652,H411,1071-83-6,"Aquatic Chronic 2"
6653,H302,81591-81-3,"Acute Tox. 4"
6654,H411,81591-81-3,"Aquatic Chronic 2"
6655,H360FD,117-81-7,"Repr. 1B"
6656,H360Df,84-74-2,"Repr. 1B"
6657,H400,84-74-2,"Aquatic Acute 1"
6658,H331,52918-63-5,"Acute Tox. 3"
6659,H301,52918-63-5,"Acute Tox. 3"
6660,H400,52918-63-5,"Aquatic Acute 1"
6661,H410,52918-63-5,"Aquatic Chronic 1"
6662,H317,130066-57-8,"Skin Sens. 1"
6663,H400,130066-57-8,"Aquatic Acute 1"
6664,H410,130066-57-8,"Aquatic Chronic 1"
6665,H226,73246-45-4,"Flam. Liq. 3"
6666,H373,73246-45-4,"STOT RE 2"
6667,H319,73246-45-4,"Eye Irrit. 2"
6668,H302,107144-30-9,"Acute Tox. 4"
6669,H411,107144-30-9,"Aquatic Chronic 2"
6670,H312,29617-66-1,"Acute Tox. 4"
6671,H302,29617-66-1,"Acute Tox. 4"
6672,H314,29617-66-1,"Skin Corr. 1A"
6673,H318,141847-13-4,"Eye Dam. 1"
6674,H411,141847-13-4,"Aquatic Chronic 2"
6675,H302,127047-77-2,"Acute Tox. 4"
6676,H411,127047-77-2,"Aquatic Chronic 2"
6677,H315,70264-94-7,"Skin Irrit. 2"
6678,H318,70264-94-7,"Eye Dam. 1"
6679,H317,70264-94-7,"Skin Sens. 1"
6680,H400,70264-94-7,"Aquatic Acute 1"
6681,H410,70264-94-7,"Aquatic Chronic 1"
6682,H361f,79815-20-6,"Repr. 2"
6683,H373,79815-20-6,"STOT RE 2"
6684,H317,79815-20-6,"Skin Sens. 1"
6685,H226,50715-28-1,"Flam. Liq. 3"
6686,H331,50715-28-1,"Acute Tox. 3"
6687,H302,50715-28-1,"Acute Tox. 4"
6688,H373,50715-28-1,"STOT RE 2"
6689,H318,50715-28-1,"Eye Dam. 1"
6690,H317,50715-28-1,"Skin Sens. 1"
6691,H317,100501-62-0,"Skin Sens. 1"
6692,H412,100501-62-0,"Aquatic Chronic 3"
6693,H302,72619-32-0,"Acute Tox. 4"
6694,H400,72619-32-0,"Aquatic Acute 1"
6695,H410,72619-32-0,"Aquatic Chronic 1"
6696,H315,122760-85-4,"Skin Irrit. 2"
6697,H317,122760-85-4,"Skin Sens. 1"
6698,H411,122760-85-4,"Aquatic Chronic 2"
6699,H226,125078-60-6,"Flam. Liq. 3"
6700,H302,125078-60-6,"Acute Tox. 4"
6701,H315,125078-60-6,"Skin Irrit. 2"
6702,H318,125078-60-6,"Eye Dam. 1"
6703,H411,125078-60-6,"Aquatic Chronic 2"
6704,H315,72531-53-4,"Skin Irrit. 2"
6705,H319,72531-53-4,"Eye Irrit. 2"
6706,H302,42221-52-3,"Acute Tox. 4"
6707,H314,42221-52-3,"Skin Corr. 1B"
6708,H317,42221-52-3,"Skin Sens. 1"
6709,H318,26116-56-3,"Eye Dam. 1"
6710,H400,26116-56-3,"Aquatic Acute 1"
6711,H410,26116-56-3,"Aquatic Chronic 1"
6712,H317,69788-75-6,"Skin Sens. 1"
6713,H411,69788-75-6,"Aquatic Chronic 2"
6714,H302,113963-87-4,"Acute Tox. 4"
6715,H315,113963-87-4,"Skin Irrit. 2"
6716,H318,113963-87-4,"Eye Dam. 1"
6717,H317,113963-87-4,"Skin Sens. 1"
6718,H302,119299-10-4,"Acute Tox. 4"
6719,H315,119299-10-4,"Skin Irrit. 2"
6720,H318,119299-10-4,"Eye Dam. 1"
6721,H317,119299-10-4,"Skin Sens. 1"
6722,H317,136210-32-7,"Skin Sens. 1"
6723,H412,136210-32-7,"Aquatic Chronic 3"
6724,H411,69184-17-4,"Aquatic Chronic 2"
6725,H315,80657-64-3,"Skin Irrit. 2"
6726,H411,80657-64-3,"Aquatic Chronic 2"
6727,H411,2511-00-4,"Aquatic Chronic 2"
6728,H317,15024-10-9,"Skin Sens. 1"
6729,H400,15024-10-9,"Aquatic Acute 1"
6730,H410,15024-10-9,"Aquatic Chronic 1"
6731,H317,131766-73-9,"Skin Sens. 1"
6732,H334,54275-93-3,"Resp. Sens. 1"
6733,H334,76109-32-5,"Resp. Sens. 1"
6734,H317,133167-77-8,"Skin Sens. 1"
6735,H318,96562-58-2,"Eye Dam. 1"
6736,H412,96562-58-2,"Aquatic Chronic 3"
6737,H317,5788-17-0,"Skin Sens. 1"
6738,H302,119154-86-8,"Acute Tox. 4"
6739,H314,119154-86-8,"Skin Corr. 1B"
6740,H317,119154-86-8,"Skin Sens. 1"
6741,H314,6613-44-1,"Skin Corr. 1B"
6742,H317,6613-44-1,"Skin Sens. 1"
6743,H302,153352-59-1,"Acute Tox. 4"
6744,H331,110895-43-7,"Acute Tox. 3"
6745,H301,110895-43-7,"Acute Tox. 3"
6746,H400,110895-43-7,"Aquatic Acute 1"
6747,H410,110895-43-7,"Aquatic Chronic 1"
6748,H302,147027-04-1,"Acute Tox. 4"
6749,H315,147027-04-1,"Skin Irrit. 2"
6750,H318,147027-04-1,"Eye Dam. 1"
6751,H317,147027-04-1,"Skin Sens. 1"
6752,H400,41620-33-1,"Aquatic Acute 1"
6753,H410,41620-33-1,"Aquatic Chronic 1"
6754,H351,119738-06-6,"Carc. 2"
6755,H361fd,119738-06-6,"Repr. 2"
6756,H302,119738-06-6,"Acute Tox. 4"
6757,H373,119738-06-6,"STOT RE 2"
6758,H400,119738-06-6,"Aquatic Acute 1"
6759,H410,119738-06-6,"Aquatic Chronic 1"
6760,H317,37441-29-5,"Skin Sens. 1"
6761,H411,37441-29-5,"Aquatic Chronic 2"
6762,H360D,90035-08-8,"Repr. 1B"
6763,H330,90035-08-8,"Acute Tox. 1"
6764,H310,90035-08-8,"Acute Tox. 1"
6765,H300,90035-08-8,"Acute Tox. 1"
6766,H372,90035-08-8,"STOT RE 1"
6767,H400,90035-08-8,"Aquatic Acute 1"
6768,H410,90035-08-8,"Aquatic Chronic 1"
6769,H361f,23085-60-1,"Repr. 2"
6770,H315,23085-60-1,"Skin Irrit. 2"
6771,H317,23085-60-1,"Skin Sens. 1"
6772,H400,23085-60-1,"Aquatic Acute 1"
6773,H410,23085-60-1,"Aquatic Chronic 1"
6774,H361f,90657-55-9,"Repr. 2"
6775,H302,90657-55-9,"Acute Tox. 4"
6776,H315,90657-55-9,"Skin Irrit. 2"
6777,H318,90657-55-9,"Eye Dam. 1"
6778,H317,90657-55-9,"Skin Sens. 1"
6779,H228,97148-39-5,"Flam. Sol. 2"
6780,H318,117907-43-4,"Eye Dam. 1"
6781,H317,117907-43-4,"Skin Sens. 1"
6782,H412,117907-43-4,"Aquatic Chronic 3"
6783,H318,86403-32-9,"Eye Dam. 1"
6784,H317,86403-32-9,"Skin Sens. 1"
6785,H400,86403-32-9,"Aquatic Acute 1"
6786,H410,86403-32-9,"Aquatic Chronic 1"
6787,H411,125229-74-5,"Aquatic Chronic 2"
6788,H315,174591-51-6,"Skin Irrit. 2"
6789,H318,174591-51-6,"Eye Dam. 1"
6790,H317,174591-51-6,"Skin Sens. 1"
6791,H400,174591-51-6,"Aquatic Acute 1"
6792,H410,174591-51-6,"Aquatic Chronic 1"
6793,H315,58856-63-6,"Skin Irrit. 2"
6794,H318,58856-63-6,"Eye Dam. 1"
6795,H317,58856-63-6,"Skin Sens. 1"
6796,H400,58856-63-6,"Aquatic Acute 1"
6797,H410,58856-63-6,"Aquatic Chronic 1"
6798,H302,2788-74-1,"Acute Tox. 4"
6799,H317,2788-74-1,"Skin Sens. 1"
6800,H412,2788-74-1,"Aquatic Chronic 3"
6801,H302,119710-96-2,"Acute Tox. 4"
6802,H302,41959-35-7,"Acute Tox. 4"
6803,H411,41959-35-7,"Aquatic Chronic 2"
6804,H317,106447-44-3,"Skin Sens. 1"
6805,H318,5521-55-1,"Eye Dam. 1"
6806,H400,147783-69-5,"Aquatic Acute 1"
6807,H410,147783-69-5,"Aquatic Chronic 1"
6808,H400,125630-94-6,"Aquatic Acute 1"
6809,H410,125630-94-6,"Aquatic Chronic 1"
6810,H315,104468-21-5,"Skin Irrit. 2"
6811,H412,104468-21-5,"Aquatic Chronic 3"
6812,H400,32750-89-3,"Aquatic Acute 1"
6813,H410,32750-89-3,"Aquatic Chronic 1"
6814,H315,88805-65-6,"Skin Irrit. 2"
6815,H318,88805-65-6,"Eye Dam. 1"
6816,H317,88805-65-6,"Skin Sens. 1"
6817,H411,148348-12-3,"Aquatic Chronic 2"
6818,H302,184637-62-5,"Acute Tox. 4"
6819,H318,184637-62-5,"Eye Dam. 1"
6820,H315,143468-96-6,"Skin Irrit. 2"
6821,H318,143468-96-6,"Eye Dam. 1"
6822,H317,143468-96-6,"Skin Sens. 1"
6823,H373,184637-63-6,"STOT RE 2"
6824,H318,184637-63-6,"Eye Dam. 1"
6825,H317,184637-63-6,"Skin Sens. 1"
6826,H412,184637-63-6,"Aquatic Chronic 3"
6827,H315,779343-34-9,"Skin Irrit. 2"
6828,H318,779343-34-9,"Eye Dam. 1"
6829,H317,779343-34-9,"Skin Sens. 1"
6830,H400,779343-34-9,"Aquatic Acute 1"
6831,H410,779343-34-9,"Aquatic Chronic 1"
6832,H350,70987-78-9,"Carc. 1B"
6833,H341,70987-78-9,"Muta. 2"
6834,H318,70987-78-9,"Eye Dam. 1"
6835,H317,70987-78-9,"Skin Sens. 1"
6836,H411,70987-78-9,"Aquatic Chronic 2"
6837,H302,133481-10-4,"Acute Tox. 4"
6838,H373,133481-10-4,"STOT RE 2"
6839,H412,133481-10-4,"Aquatic Chronic 3"
6840,H361f,96314-26-0,"Repr. 2"
6841,H317,96314-26-0,"Skin Sens. 1"
6842,H331,628-11-5,"Acute Tox. 3"
6843,H302,628-11-5,"Acute Tox. 4"
6844,H373,628-11-5,"STOT RE 2"
6845,H315,628-11-5,"Skin Irrit. 2"
6846,H318,628-11-5,"Eye Dam. 1"
6847,H317,628-11-5,"Skin Sens. 1"
6848,H400,26218-04-2,"Aquatic Acute 1"
6849,H410,26218-04-2,"Aquatic Chronic 1"
6850,H318,166596-68-5,"Eye Dam. 1"
6851,H317,166596-68-5,"Skin Sens. 1"
6852,H318,10097-02-6,"Eye Dam. 1"
6853,H412,10097-02-6,"Aquatic Chronic 3"
6854,H332,52315-07-8,"Acute Tox. 4"
6855,H302,52315-07-8,"Acute Tox. 4"
6856,H335,52315-07-8,"STOT SE 3"
6857,H400,52315-07-8,"Aquatic Acute 1"
6858,H410,52315-07-8,"Aquatic Chronic 1"
6859,H301,67375-30-8,"Acute Tox. 3"
6860,H335,67375-30-8,"STOT SE 3"
6861,H373,67375-30-8,"STOT RE 2"
6862,H400,67375-30-8,"Aquatic Acute 1"
6863,H410,67375-30-8,"Aquatic Chronic 1"
6864,H317,141517-21-7,"Skin Sens. 1"
6865,H400,141517-21-7,"Aquatic Acute 1"
6866,H410,141517-21-7,"Aquatic Chronic 1"
6867,H302,57837-19-1,"Acute Tox. 4"
6868,H317,57837-19-1,"Skin Sens. 1"
6869,H412,57837-19-1,"Aquatic Chronic 3"
6870,H360FD,84777-06-0,"Repr. 1B"
6871,H400,84777-06-0,"Aquatic Acute 1"
6872,H360FD,131-18-0,"Repr. 1B"
6873,H400,131-18-0,"Aquatic Acute 1"
6874,H360FD,605-50-5,"Repr. 1B"
6875,H400,605-50-5,"Aquatic Acute 1"
6876,H361d,56634-95-8,"Repr. 2"
6877,H332,56634-95-8,"Acute Tox. 4"
6878,H302,56634-95-8,"Acute Tox. 4"
6879,H317,56634-95-8,"Skin Sens. 1"
6880,H400,56634-95-8,"Aquatic Acute 1"
6881,H410,56634-95-8,"Aquatic Chronic 1"
6882,H302,64-02-8,"Acute Tox. 4"
6883,H318,64-02-8,"Eye Dam. 1"
6884,H319,60-00-4,"Eye Irrit. 2"
6885,H360Df,85-68-7,"Repr. 1B"
6886,H400,85-68-7,"Aquatic Acute 1"
6887,H410,85-68-7,"Aquatic Chronic 1"
6888,H331,23031-36-9,"Acute Tox. 3"
6889,H302,23031-36-9,"Acute Tox. 4"
6890,H400,23031-36-9,"Aquatic Acute 1"
6891,H410,23031-36-9,"Aquatic Chronic 1"
6892,H317,87392-12-9,"Skin Sens. 1"
6893,H400,87392-12-9,"Aquatic Acute 1"
6894,H410,87392-12-9,"Aquatic Chronic 1"
6895,H317,178961-20-1,"Skin Sens. 1"
6896,H400,178961-20-1,"Aquatic Acute 1"
6897,H410,178961-20-1,"Aquatic Chronic 1"
6898,H302,16484-77-8,"Acute Tox. 4"
6899,H318,16484-77-8,"Eye Dam. 1"
6900,H411,16484-77-8,"Aquatic Chronic 2"
6901,H373,111969-64-3,"STOT RE 2"
6902,H318,111969-64-3,"Eye Dam. 1"
6903,H411,111969-64-3,"Aquatic Chronic 2"
6904,H317,252977-62-1,"Skin Sens. 1"
6905,H302,112941-26-1,"Acute Tox. 4"
6906,H319,112941-26-1,"Eye Irrit. 2"
6907,H318,37443-42-8,"Eye Dam. 1"
6908,H317,144740-59-0,"Skin Sens. 1"
6909,H411,144740-59-0,"Aquatic Chronic 2"
6910,H318,87460-09-1,"Eye Dam. 1"
6911,H318,77214-82-5,"Eye Dam. 1"
6912,H317,155522-12-6,"Skin Sens. 1"
6913,H413,155522-12-6,"Aquatic Chronic 4"
6914,H317,156738-27-1,"Skin Sens. 1"
6915,H412,156738-27-1,"Aquatic Chronic 3"
6916,H315,652-18-6,"Skin Irrit. 2"
6917,H318,652-18-6,"Eye Dam. 1"
6918,H318,161935-19-9,"Eye Dam. 1"
6919,H317,161935-19-9,"Skin Sens. 1"
6920,H317,172964-15-7,"Skin Sens. 1"
6921,H413,172964-15-7,"Aquatic Chronic 4"
6922,H318,116193-72-7,"Eye Dam. 1"
6923,H412,116193-72-7,"Aquatic Chronic 3"
6924,H317,172890-93-6,"Skin Sens. 1"
6925,H411,143269-74-3,"Aquatic Chronic 2"
6926,H318,172277-97-3,"Eye Dam. 1"
6927,H411,172277-97-3,"Aquatic Chronic 2"
6928,H373,778577-53-0,"STOT RE 2"
6929,H315,778577-53-0,"Skin Irrit. 2"
6930,H319,778577-53-0,"Eye Irrit. 2"
6931,H400,778577-53-0,"Aquatic Acute 1"
6932,H410,778577-53-0,"Aquatic Chronic 1"
6933,H411,88230-35-7,"Aquatic Chronic 2"
6934,H411,362-03-8,"Aquatic Chronic 2"
6935,H312,56533-00-7,"Acute Tox. 4"
6936,H302,56533-00-7,"Acute Tox. 4"
6937,H373,56533-00-7,"STOT RE 2"
6938,H314,56533-00-7,"Skin Corr. 1B"
6939,H400,56533-00-7,"Aquatic Acute 1"
6940,H410,56533-00-7,"Aquatic Chronic 1"
6941,H318,154336-20-6,"Eye Dam. 1"
6942,H412,154336-20-6,"Aquatic Chronic 3"
6943,H413,151900-44-6,"Aquatic Chronic 4"
6944,H317,187412-41-5,"Skin Sens. 1"
6945,H317,148878-18-6,"Skin Sens. 1"
6946,H314,129050-62-0,"Skin Corr. 1B"
6947,H412,129050-62-0,"Aquatic Chronic 3"
6948,H301,79723-02-7,"Acute Tox. 3"
6949,H373,79723-02-7,"STOT RE 2"
6950,H400,79723-02-7,"Aquatic Acute 1"
6951,H360Df,68515-42-4,"Repr. 1B"
6952,H318,84793-24-8,"Eye Dam. 1"
6953,H317,84793-24-8,"Skin Sens. 1"
6954,H360D,71888-89-6,"Repr. 1B"
6955,H413,221452-67-1,"Aquatic Chronic 4"
6956,H412,110081-40-8,"Aquatic Chronic 3"
6957,H400,147379-38-2,"Aquatic Acute 1"
6958,H410,147379-38-2,"Aquatic Chronic 1"
6959,H317,71302-79-9,"Skin Sens. 1"
6960,H411,141773-73-1,"Aquatic Chronic 2"
6961,H318,78850-37-0,"Eye Dam. 1"
6962,H400,52894-02-7,"Aquatic Acute 1"
6963,H410,52894-02-7,"Aquatic Chronic 1"
6964,H317,168151-92-6,"Skin Sens. 1"
6965,H315,3681-73-0,"Skin Irrit. 2"
6966,H413,3681-73-0,"Aquatic Chronic 4"
6967,H302,178277-55-9,"Acute Tox. 4"
6968,H314,178277-55-9,"Skin Corr. 1B"
6969,H411,178277-55-9,"Aquatic Chronic 2"
6970,H314,68957-94-8,"Skin Corr. 1B"
6971,H318,187026-95-5,"Eye Dam. 1"
6972,H411,88938-23-2,"Aquatic Chronic 2"
6973,H302,76646-91-8,"Acute Tox. 4"
6974,H315,76646-91-8,"Skin Irrit. 2"
6975,H318,76646-91-8,"Eye Dam. 1"
6976,H317,76646-91-8,"Skin Sens. 1"
6977,H317,134841-35-3,"Skin Sens. 1"
6978,H319,147732-60-3,"Eye Irrit. 2"
6979,H411,147732-60-3,"Aquatic Chronic 2"
6980,H318,105996-54-1,"Eye Dam. 1"
6981,H317,105996-54-1,"Skin Sens. 1"
6982,H302,76932-17-7,"Acute Tox. 4"
6983,H318,76932-17-7,"Eye Dam. 1"
6984,H317,76932-17-7,"Skin Sens. 1"
6985,H361f,302-97-6,"Repr. 2"
6986,H413,302-97-6,"Aquatic Chronic 4"
6987,H335,176429-27-9,"STOT SE 3"
6988,H315,176429-27-9,"Skin Irrit. 2"
6989,H318,176429-27-9,"Eye Dam. 1"
6990,H400,176429-27-9,"Aquatic Acute 1"
6991,H410,176429-27-9,"Aquatic Chronic 1"
6992,H317,136210-30-5,"Skin Sens. 1"
6993,H412,136210-30-5,"Aquatic Chronic 3"
6994,H412,184246-86-4,"Aquatic Chronic 3"
6995,H228,64485-90-1,"Flam. Sol. 1"
6996,H351,64485-90-1,"Carc. 2"
6997,H412,64485-90-1,"Aquatic Chronic 3"
6998,H400,15263-53-3,"Aquatic Acute 1"
6999,H410,15263-53-3,"Aquatic Chronic 1"
7000,H318,192725-50-1,"Eye Dam. 1"
7001,H412,67299-45-0,"Aquatic Chronic 3"
7002,H413,125643-61-0,"Aquatic Chronic 4"
7003,H373,119916-05-1,"STOT RE 2"
7004,H411,119916-05-1,"Aquatic Chronic 2"
7005,H412,167944-94-7,"Aquatic Chronic 3"
7006,H301,60658-04-0,"Acute Tox. 3"
7007,H372,60658-04-0,"STOT RE 1"
7008,H317,60658-04-0,"Skin Sens. 1"
7009,H411,60658-04-0,"Aquatic Chronic 2"
7010,H302,13335-71-2,"Acute Tox. 4"
7011,H318,13335-71-2,"Eye Dam. 1"
7012,H412,13335-71-2,"Aquatic Chronic 3"
7013,H413,198705-81-6,"Aquatic Chronic 4"
7014,H312,162515-68-6,"Acute Tox. 4"
7015,H302,162515-68-6,"Acute Tox. 4"
7016,H314,162515-68-6,"Skin Corr. 1B"
7017,H317,162515-68-6,"Skin Sens. 1"
7018,H411,162515-68-6,"Aquatic Chronic 2"
7019,H318,28698-31-9,"Eye Dam. 1"
7020,H400,28698-31-9,"Aquatic Acute 1"
7021,H410,28698-31-9,"Aquatic Chronic 1"
7022,H335,176429-22-4,"STOT SE 3"
7023,H315,176429-22-4,"Skin Irrit. 2"
7024,H318,176429-22-4,"Eye Dam. 1"
7025,H400,176429-22-4,"Aquatic Acute 1"
7026,H410,176429-22-4,"Aquatic Chronic 1"
7027,H412,158585-86-5,"Aquatic Chronic 3"
7028,H315,94346-09-5,"Skin Irrit. 2"
7029,H411,94346-09-5,"Aquatic Chronic 2"
7030,H317,188070-47-5,"Skin Sens. 1"
7031,H315,125496-22-2,"Skin Irrit. 2"
7032,H317,125496-22-2,"Skin Sens. 1"
7033,H413,125496-22-2,"Aquatic Chronic 4"
7034,H302,154486-26-7,"Acute Tox. 4"
7035,H318,154486-26-7,"Eye Dam. 1"
7036,H411,154486-26-7,"Aquatic Chronic 2"
7037,H400,125778-19-0,"Aquatic Acute 1"
7038,H410,125778-19-0,"Aquatic Chronic 1"
7039,H312,156126-48-6,"Acute Tox. 4"
7040,H302,156126-48-6,"Acute Tox. 4"
7041,H373,156126-48-6,"STOT RE 2"
7042,H315,156126-48-6,"Skin Irrit. 2"
7043,H318,156126-48-6,"Eye Dam. 1"
7044,H317,156126-48-6,"Skin Sens. 1"
7045,H411,156126-48-6,"Aquatic Chronic 2"
7046,H201,27624-67-5,"Expl. 1.1"
7047,H318,27624-67-5,"Eye Dam. 1"
7048,H412,27624-67-5,"Aquatic Chronic 3"
7049,H225,22288-41-1,"Flam. Liq. 2"
7050,H242,22288-41-1,"Org. Perox. D"
7051,H315,22288-41-1,"Skin Irrit. 2"
7052,H317,22288-41-1,"Skin Sens. 1"
7053,H411,22288-41-1,"Aquatic Chronic 2"
7054,H302,24085-06-1,"Acute Tox. 4"
7055,H373,24085-06-1,"STOT RE 2"
7056,H318,24085-06-1,"Eye Dam. 1"
7057,H317,24085-06-1,"Skin Sens. 1"
7058,H400,24085-06-1,"Aquatic Acute 1"
7059,H410,24085-06-1,"Aquatic Chronic 1"
7060,H317,169939-84-8,"Skin Sens. 1"
7061,H411,147027-10-9,"Aquatic Chronic 2"
7062,H413,179986-09-5,"Aquatic Chronic 4"
7063,H318,50905-10-7,"Eye Dam. 1"
7064,H302,98769-75-6,"Acute Tox. 4"
7065,H318,98769-75-6,"Eye Dam. 1"
7066,H411,98769-75-6,"Aquatic Chronic 2"
7067,H411,171850-30-9,"Aquatic Chronic 2"
7068,H317,51178-75-7,"Skin Sens. 1"
7069,H301,88150-42-9,"Acute Tox. 3"
7070,H373,88150-42-9,"STOT RE 2"
7071,H318,88150-42-9,"Eye Dam. 1"
7072,H400,88150-42-9,"Aquatic Acute 1"
7073,H410,88150-42-9,"Aquatic Chronic 1"
7074,H302,138666-92-9,"Acute Tox. 4"
7075,H373,138666-92-9,"STOT RE 2"
7076,H318,138666-92-9,"Eye Dam. 1"
7077,H317,138666-92-9,"Skin Sens. 1"
7078,H317,71420-85-4,"Skin Sens. 1"
7079,H317,57374-49-9,"Skin Sens. 1"
7080,H411,57374-49-9,"Aquatic Chronic 2"
7081,H312,162208-27-7,"Acute Tox. 4"
7082,H302,162208-27-7,"Acute Tox. 4"
7083,H373,162208-27-7,"STOT RE 2"
7084,H317,162208-27-7,"Skin Sens. 1"
7085,H400,162208-27-7,"Aquatic Acute 1"
7086,H410,162208-27-7,"Aquatic Chronic 1"
7087,H318,77341-67-4,"Eye Dam. 1"
7088,H302,103976-28-9,"Acute Tox. 4"
7089,H411,103976-28-9,"Aquatic Chronic 2"
7090,H317,100491-29-0,"Skin Sens. 1"
7091,H411,100491-29-0,"Aquatic Chronic 2"
7092,H318,99469-99-5,"Eye Dam. 1"
7093,H318,188907-52-0,"Eye Dam. 1"
7094,H317,188907-52-0,"Skin Sens. 1"
7095,H412,188907-52-0,"Aquatic Chronic 3"
7096,H318,215612-56-9,"Eye Dam. 1"
7097,H317,215612-56-9,"Skin Sens. 1"
7098,H412,215612-56-9,"Aquatic Chronic 3"
7099,H317,6195-20-6,"Skin Sens. 1"
7100,H413,6195-20-6,"Aquatic Chronic 4"
7101,H302,67914-69-6,"Acute Tox. 4"
7102,H373,67914-69-6,"STOT RE 2"
7103,H400,67914-69-6,"Aquatic Acute 1"
7104,H410,67914-69-6,"Aquatic Chronic 1"
7105,H302,91788-83-9,"Acute Tox. 4"
7106,H372,91788-83-9,"STOT RE 1"
7107,H400,91788-83-9,"Aquatic Acute 1"
7108,H410,91788-83-9,"Aquatic Chronic 1"
7109,H413,210706-50-6,"Aquatic Chronic 4"
7110,H317,159235-16-2,"Skin Sens. 1"
7111,H412,159235-16-2,"Aquatic Chronic 3"
7112,H373,204254-96-6,"STOT RE 2"
7113,H317,204254-96-6,"Skin Sens. 1"
7114,H318,208535-04-0,"Eye Dam. 1"
7115,H317,132584-17-9,"Skin Sens. 1"
7116,H400,132584-17-9,"Aquatic Acute 1"
7117,H410,132584-17-9,"Aquatic Chronic 1"
7118,H318,212652-59-0,"Eye Dam. 1"
7119,H242,68860-54-8,"Org. Perox. D"
7120,H317,68860-54-8,"Skin Sens. 1"
7121,H400,68860-54-8,"Aquatic Acute 1"
7122,H410,68860-54-8,"Aquatic Chronic 1"
7123,H302,220410-74-2,"Acute Tox. 4"
7124,H317,122665-86-5,"Skin Sens. 1"
7125,H412,122665-86-5,"Aquatic Chronic 3"
7126,H318,193562-37-7,"Eye Dam. 1"
7127,H317,193562-37-7,"Skin Sens. 1"
7128,H302,26739-54-8,"Acute Tox. 4"
7129,H400,144550-06-1,"Aquatic Acute 1"
7130,H410,144550-06-1,"Aquatic Chronic 1"
7131,H302,86978-24-7,"Acute Tox. 4"
7132,H319,141942-85-0,"Eye Irrit. 2"
7133,H302,90886-53-6,"Acute Tox. 4"
7134,H314,90886-53-6,"Skin Corr. 1B"
7135,H412,90886-53-6,"Aquatic Chronic 3"
7136,H302,182176-52-9,"Acute Tox. 4"
7137,H373,182176-52-9,"STOT RE 2"
7138,H318,182176-52-9,"Eye Dam. 1"
7139,H317,63562-33-4,"Skin Sens. 1"
7140,H412,63562-33-4,"Aquatic Chronic 3"
7141,H335,86393-34-2,"STOT SE 3"
7142,H315,86393-34-2,"Skin Irrit. 2"
7143,H318,86393-34-2,"Eye Dam. 1"
7144,H317,86393-34-2,"Skin Sens. 1"
7145,H412,86393-34-2,"Aquatic Chronic 3"
7146,H317,10138-36-0,"Skin Sens. 1"
7147,H315,130-37-0,"Skin Irrit. 2"
7148,H319,130-37-0,"Eye Irrit. 2"
7149,H400,130-37-0,"Aquatic Acute 1"
7150,H410,130-37-0,"Aquatic Chronic 1"
7151,H315,73581-79-0,"Skin Irrit. 2"
7152,H319,73581-79-0,"Eye Irrit. 2"
7153,H400,73581-79-0,"Aquatic Acute 1"
7154,H410,73581-79-0,"Aquatic Chronic 1"
7155,H351,5064-31-3,"Carc. 2"
7156,H302,5064-31-3,"Acute Tox. 4"
7157,H319,5064-31-3,"Eye Irrit. 2"
7158,H361d,7425-14-1,"Repr. 2"
7159,H360Df,84-69-5,"Repr. 1B"
7160,H351,1763-23-1,"Carc. 2"
7161,H360D,1763-23-1,"Repr. 1B"
7162,H362,1763-23-1,Lact.
7163,H332,1763-23-1,"Acute Tox. 4"
7164,H302,1763-23-1,"Acute Tox. 4"
7165,H372,1763-23-1,"STOT RE 1"
7166,H411,1763-23-1,"Aquatic Chronic 2"
7167,H351,2795-39-3,"Carc. 2"
7168,H360D,2795-39-3,"Repr. 1B"
7169,H362,2795-39-3,Lact.
7170,H332,2795-39-3,"Acute Tox. 4"
7171,H302,2795-39-3,"Acute Tox. 4"
7172,H372,2795-39-3,"STOT RE 1"
7173,H411,2795-39-3,"Aquatic Chronic 2"
7174,H351,70225-14-8,"Carc. 2"
7175,H360D,70225-14-8,"Repr. 1B"
7176,H362,70225-14-8,Lact.
7177,H332,70225-14-8,"Acute Tox. 4"
7178,H302,70225-14-8,"Acute Tox. 4"
7179,H372,70225-14-8,"STOT RE 1"
7180,H411,70225-14-8,"Aquatic Chronic 2"
7181,H351,29081-56-9,"Carc. 2"
7182,H360D,29081-56-9,"Repr. 1B"
7183,H362,29081-56-9,Lact.
7184,H332,29081-56-9,"Acute Tox. 4"
7185,H302,29081-56-9,"Acute Tox. 4"
7186,H372,29081-56-9,"STOT RE 1"
7187,H411,29081-56-9,"Aquatic Chronic 2"
7188,H351,29457-72-5,"Carc. 2"
7189,H360D,29457-72-5,"Repr. 1B"
7190,H362,29457-72-5,Lact.
7191,H332,29457-72-5,"Acute Tox. 4"
7192,H302,29457-72-5,"Acute Tox. 4"
7193,H372,29457-72-5,"STOT RE 1"
7194,H411,29457-72-5,"Aquatic Chronic 2"
7195,H302,105512-06-9,"Acute Tox. 4"
7196,H373,105512-06-9,"STOT RE 2"
7197,H317,105512-06-9,"Skin Sens. 1"
7198,H400,105512-06-9,"Aquatic Acute 1"
7199,H410,105512-06-9,"Aquatic Chronic 1"
7200,H350,103112-35-2,"Carc. 1B"
7201,H400,103112-35-2,"Aquatic Acute 1"
7202,H410,103112-35-2,"Aquatic Chronic 1"
7203,H317,162221-28-5,"Skin Sens. 1"
7204,H318,171054-89-0,"Eye Dam. 1"
7205,H319,123599-82-6,"Eye Irrit. 2"
7206,H332,4369-14-6,"Acute Tox. 4"
7207,H314,4369-14-6,"Skin Corr. 1B"
7208,H317,4369-14-6,"Skin Sens. 1"
7209,H412,4369-14-6,"Aquatic Chronic 3"
7210,H413,111244-14-5,"Aquatic Chronic 4"
7211,H318,341026-59-3,"Eye Dam. 1"
7212,H317,341026-59-3,"Skin Sens. 1"
7213,H302,36394-75-9,"Acute Tox. 4"
7214,H314,36394-75-9,"Skin Corr. 1B"
7215,H317,36394-75-9,"Skin Sens. 1"
7216,H318,172737-80-3,"Eye Dam. 1"
7217,H226,158894-67-8,"Flam. Liq. 3"
7218,H351,158894-67-8,"Carc. 2"
7219,H314,158894-67-8,"Skin Corr. 1B"
7220,H317,158894-67-8,"Skin Sens. 1"
7221,H318,250688-43-8,"Eye Dam. 1"
7222,H413,190085-41-7,"Aquatic Chronic 4"
7223,H413,216698-07-6,"Aquatic Chronic 4"
7224,H302,43028-69-9,"Acute Tox. 4"
7225,H317,43028-69-9,"Skin Sens. 1"
7226,H400,141631-22-3,"Aquatic Acute 1"
7227,H410,141631-22-3,"Aquatic Chronic 1"
7228,H226,617-55-0,"Flam. Liq. 3"
7229,H318,617-55-0,"Eye Dam. 1"
7230,H317,617-55-0,"Skin Sens. 1"
7231,H315,81752-87-6,"Skin Irrit. 2"
7232,H318,243858-01-7,"Eye Dam. 1"
7233,H302,124655-09-0,"Acute Tox. 4"
7234,H302,143446-73-5,"Acute Tox. 4"
7235,H317,143446-73-5,"Skin Sens. 1"
7236,H400,143446-73-5,"Aquatic Acute 1"
7237,H314,167678-46-8,"Skin Corr. 1A"
7238,H317,167678-46-8,"Skin Sens. 1"
7239,H317,145153-52-2,"Skin Sens. 1"
7240,H318,91125-43-8,"Eye Dam. 1"
7241,H317,91125-43-8,"Skin Sens. 1"
7242,H318,60372-77-2,"Eye Dam. 1"
7243,H400,60372-77-2,"Aquatic Acute 1"
7244,H411,225786-91-4,"Aquatic Chronic 2"
7245,H317,7331-52-4,"Skin Sens. 1"
7246,H317,1070-64-0,"Skin Sens. 1"
7247,H411,1070-64-0,"Aquatic Chronic 2"
7248,H318,141250-43-3,"Eye Dam. 1"
7249,H412,141250-43-3,"Aquatic Chronic 3"
7250,H318,172399-10-9,"Eye Dam. 1"
7251,H318,371921-63-0,"Eye Dam. 1"
7252,H412,371921-63-0,"Aquatic Chronic 3"
7253,H318,321912-47-4,"Eye Dam. 1"
7254,H318,321679-52-1,"Eye Dam. 1"
7255,H317,114772-40-6,"Skin Sens. 1"
7256,H413,114772-40-6,"Aquatic Chronic 4"
7257,H317,87333-22-0,"Skin Sens. 1"
7258,H400,87333-22-0,"Aquatic Acute 1"
7259,H410,87333-22-0,"Aquatic Chronic 1"
7260,H413,127474-91-3,"Aquatic Chronic 4"
7261,H318,393509-79-0,"Eye Dam. 1"
7262,H411,393509-79-0,"Aquatic Chronic 2"
7263,H226,101226-85-1,"Flam. Liq. 3"
7264,H319,88784-33-2,"Eye Irrit. 2"
7265,H341,99464-83-2,"Muta. 2"
7266,H317,99464-83-2,"Skin Sens. 1"
7267,H318,42031-28-7,"Eye Dam. 1"
7268,H412,42031-28-7,"Aquatic Chronic 3"
7269,H317,376588-17-9,"Skin Sens. 1"
7270,H413,376588-17-9,"Aquatic Chronic 4"
7271,H373,500791-70-8,"STOT RE 2"
7272,H318,500791-70-8,"Eye Dam. 1"
7273,H317,500791-70-8,"Skin Sens. 1"
7274,H400,500791-70-8,"Aquatic Acute 1"
7275,H410,500791-70-8,"Aquatic Chronic 1"
7276,H411,72903-27-6,"Aquatic Chronic 2"
7277,H413,144413-22-9,"Aquatic Chronic 4"
7278,H315,243662-67-1,"Skin Irrit. 2"
7279,H317,243662-67-1,"Skin Sens. 1"
7280,H317,255387-46-3,"Skin Sens. 1"
7281,H413,302776-68-7,"Aquatic Chronic 4"
7282,H302,163520-33-0,"Acute Tox. 4"
7283,H317,163520-33-0,"Skin Sens. 1"
7284,H400,163520-33-0,"Aquatic Acute 1"
7285,H410,163520-33-0,"Aquatic Chronic 1"
7286,H226,638-49-3,"Flam. Liq. 3"
7287,H335,638-49-3,"STOT SE 3"
7288,H319,638-49-3,"Eye Irrit. 2"
7289,H225,20487-40-5,"Flam. Liq. 2"
7290,H360F,98-73-7,"Repr. 1B"
7291,H302,98-73-7,"Acute Tox. 4"
7292,H372,98-73-7,"STOT RE 1"
7293,H351,82657-04-3,"Carc. 2"
7294,H300,82657-04-3,"Acute Tox. 2"
7295,H331,82657-04-3,"Acute Tox. 3"
7296,H372,82657-04-3,"STOT RE 1"
7297,H317,82657-04-3,"Skin Sens. 1B"
7298,H400,82657-04-3,"Aquatic Acute 1"
7299,H410,82657-04-3,"Aquatic Chronic 1"
7300,H301,173584-44-6,"Acute Tox. 3"
7301,H332,173584-44-6,"Acute Tox. 4"
7302,H372,173584-44-6,"STOT RE 1"
7303,H317,173584-44-6,"Skin Sens. 1B"
7304,H400,173584-44-6,"Aquatic Acute 1"
7305,H410,173584-44-6,"Aquatic Chronic 1"
7306,H301,144171-61-9,"Acute Tox. 3"
7307,H332,144171-61-9,"Acute Tox. 4"
7308,H372,144171-61-9,"STOT RE 1"
7309,H317,144171-61-9,"Skin Sens. 1B"
7310,H400,144171-61-9,"Aquatic Acute 1"
7311,H410,144171-61-9,"Aquatic Chronic 1"
7312,H360FD,84-75-3,"Repr. 1B"
7313,H351,3825-26-1,"Carc. 2"
7314,H360D,3825-26-1,"Repr. 1B"
7315,H362,3825-26-1,Lact.
7316,H332,3825-26-1,"Acute Tox. 4"
7317,H302,3825-26-1,"Acute Tox. 4"
7318,H372,3825-26-1,"STOT RE 1"
7319,H318,3825-26-1,"Eye Dam. 1"
7320,H351,335-67-1,"Carc. 2"
7321,H360D,335-67-1,"Repr. 1B"
7322,H362,335-67-1,Lact.
7323,H332,335-67-1,"Acute Tox. 4"
7324,H302,335-67-1,"Acute Tox. 4"
7325,H372,335-67-1,"STOT RE 1"
7326,H318,335-67-1,"Eye Dam. 1"
7327,H372,65-85-0,"STOT RE 1"
7328,H315,65-85-0,"Skin Irrit. 2"
7329,H318,65-85-0,"Eye Dam. 1"
7330,H302,2905-69-3,"Acute Tox. 4"
7331,H336,2905-69-3,"STOT SE 3"
7332,H411,2905-69-3,"Aquatic Chronic 2"
7333,H373,71283-80-2,"STOT RE 2"
7334,H317,71283-80-2,"Skin Sens. 1"
7335,H400,71283-80-2,"Aquatic Acute 1"
7336,H410,71283-80-2,"Aquatic Chronic 1"
7337,H314,124-07-2,"Skin Corr. 1C"
7338,H412,124-07-2,"Aquatic Chronic 3"
7339,H315,334-48-5,"Skin Irrit. 2"
7340,H319,334-48-5,"Eye Irrit. 2"
7341,H412,334-48-5,"Aquatic Chronic 3"
7342,H360FD,68515-50-4,"Repr. 1B"
7343,H361fd,203313-25-1,"Repr. 2"
7344,H335,203313-25-1,"STOT SE 3"
7345,H319,203313-25-1,"Eye Irrit. 2"
7346,H317,203313-25-1,"Skin Sens. 1A"
7347,H400,203313-25-1,"Aquatic Acute 1"
7348,H410,203313-25-1,"Aquatic Chronic 1"
7349,H361d,31717-87-0,"Repr. 2"
7350,H373,31717-87-0,"STOT RE 2"
7351,H314,31717-87-0,"Skin Corr. 1C"
7352,H317,31717-87-0,"Skin Sens. 1A"
7353,H410,31717-87-0,"Aquatic Chronic 1"
7354,H330,134098-61-6,"Acute Tox. 2"
7355,H301,134098-61-6,"Acute Tox. 3"
7356,H317,134098-61-6,"Skin Sens. 1B"
7357,H400,134098-61-6,"Aquatic Acute 1"
7358,H410,134098-61-6,"Aquatic Chronic 1"
7359,H351,126535-15-7,"Carc. 2"
7360,H400,126535-15-7,"Aquatic Acute 1"
7361,H410,126535-15-7,"Aquatic Chronic 1"
7362,H373,149877-41-8,"STOT RE 2"
7363,H317,149877-41-8,"Skin Sens. 1"
7364,H400,149877-41-8,"Aquatic Acute 1"
7365,H410,149877-41-8,"Aquatic Chronic 1"
7366,H360D,28772-56-7,"Repr. 1B"
7367,H330,28772-56-7,"Acute Tox. 1"
7368,H310,28772-56-7,"Acute Tox. 1"
7369,H300,28772-56-7,"Acute Tox. 1"
7370,H372,28772-56-7,"STOT RE 1"
7371,H400,28772-56-7,"Aquatic Acute 1"
7372,H410,28772-56-7,"Aquatic Chronic 1"
7373,H360D,104653-34-1,"Repr. 1B"
7374,H330,104653-34-1,"Acute Tox. 1"
7375,H310,104653-34-1,"Acute Tox. 1"
7376,H300,104653-34-1,"Acute Tox. 1"
7377,H372,104653-34-1,"STOT RE 1"
7378,H400,104653-34-1,"Aquatic Acute 1"
7379,H410,104653-34-1,"Aquatic Chronic 1"
7380,H351,375-95-1,"Carc. 2"
7381,H360Df,375-95-1,"Repr. 1B"
7382,H362,375-95-1,Lact.
7383,H332,375-95-1,"Acute Tox. 4"
7384,H302,375-95-1,"Acute Tox. 4"
7385,H372,375-95-1,"STOT RE 1"
7386,H318,375-95-1,"Eye Dam. 1"
7387,H351,21049-39-8,"Carc. 2"
7388,H360Df,21049-39-8,"Repr. 1B"
7389,H362,21049-39-8,Lact.
7390,H332,21049-39-8,"Acute Tox. 4"
7391,H302,21049-39-8,"Acute Tox. 4"
7392,H372,21049-39-8,"STOT RE 1"
7393,H318,21049-39-8,"Eye Dam. 1"
7394,H351,4149-60-4,"Carc. 2"
7395,H360Df,4149-60-4,"Repr. 1B"
7396,H362,4149-60-4,Lact.
7397,H332,4149-60-4,"Acute Tox. 4"
7398,H302,4149-60-4,"Acute Tox. 4"
7399,H372,4149-60-4,"STOT RE 1"
7400,H318,4149-60-4,"Eye Dam. 1"
7401,H360D,84-61-7,"Repr. 1B"
7402,H317,84-61-7,"Skin Sens. 1"
7403,H351,335-76-2,"Carc. 2"
7404,H360Df,335-76-2,"Repr. 1B"
7405,H362,335-76-2,Lact.
7406,H351,3108-42-7,"Carc. 2"
7407,H360Df,3108-42-7,"Repr. 1B"
7408,H362,3108-42-7,Lact.
7409,H351,3830-45-3,"Carc. 2"
7410,H360Df,3830-45-3,"Repr. 1B"
7411,H362,3830-45-3,Lact.
7412,H350,5625-90-1,"Carc. 1B"
7413,H341,5625-90-1,"Muta. 2"
7414,H332,5625-90-1,"Acute Tox. 4"
7415,H312,5625-90-1,"Acute Tox. 4"
7416,H302,5625-90-1,"Acute Tox. 4"
7417,H373,5625-90-1,"STOT RE 2"
7418,H314,5625-90-1,"Skin Corr. 1B"
7419,H318,5625-90-1,"Eye Dam. 1"
7420,H317,5625-90-1,"Skin Sens. 1"
7421,H302,1065124-65-3,"Acute Tox. 4"
7422,H371,1065124-65-3,"STOT SE 2"
7423,H400,1065124-65-3,"Aquatic Acute 1"
7424,H410,1065124-65-3,"Aquatic Chronic 1"
7425,H330,79538-32-2,"Acute Tox. 1"
7426,H310,79538-32-2,"Acute Tox. 2"
7427,H300,79538-32-2,"Acute Tox. 2"
7428,H400,79538-32-2,"Aquatic Acute 1"
7429,H410,79538-32-2,"Aquatic Chronic 1"
7430,H301,240494-71-7,"Acute Tox. 3"
7431,H332,240494-71-7,"Acute Tox. 4"
7432,H370,240494-71-7,"STOT SE 1"
7433,H373,240494-71-7,"STOT RE 2"
7434,H400,240494-71-7,"Aquatic Acute 1"
7435,H410,240494-71-7,"Aquatic Chronic 1"
7436,H400,65733-16-6,"Aquatic Acute 1"
7437,H410,65733-16-6,"Aquatic Chronic 1"
7438,H361d,243973-20-8,"Repr. 2"
7439,H332,243973-20-8,"Acute Tox. 4"
7440,H302,243973-20-8,"Acute Tox. 4"
7441,H335,243973-20-8,"STOT SE 3"
7442,H319,243973-20-8,"Eye Irrit. 2"
7443,H317,243973-20-8,"Skin Sens. 1A"
7444,H400,243973-20-8,"Aquatic Acute 1"
7445,H412,243973-20-8,"Aquatic Chronic 3"
7446,H351,7696-12-0,"Carc. 2"
7447,H302,7696-12-0,"Acute Tox. 4"
7448,H371,7696-12-0,"STOT SE 2"
7449,H400,7696-12-0,"Aquatic Acute 1"
7450,H410,7696-12-0,"Aquatic Chronic 1"
7451,H351,1166-46-7,"Carc. 2"
7452,H302,1166-46-7,"Acute Tox. 4"
7453,H371,1166-46-7,"STOT SE 2"
7454,H400,1166-46-7,"Aquatic Acute 1"
7455,H410,1166-46-7,"Aquatic Chronic 1"
7456,H400,208465-21-8,"Aquatic Acute 1"
7457,H410,208465-21-8,"Aquatic Chronic 1"
7458,H350,148477-71-8,"Carc. 1B"
7459,H361f,148477-71-8,"Repr. 2"
7460,H373,148477-71-8,"STOT RE 2"
7461,H317,148477-71-8,"Skin Sens. 1B"
7462,H410,148477-71-8,"Aquatic Chronic 1"
7463,H317,2302-17-2,"Skin Sens. 1"
7464,H400,2302-17-2,"Aquatic Acute 1"
7465,H410,2302-17-2,"Aquatic Chronic 1"
7466,H361d,69-72-7,"Repr. 2"
7467,H302,69-72-7,"Acute Tox. 4"
7468,H318,69-72-7,"Eye Dam. 1"
7469,H225,75-05-8,"Flam. Liq. 2"
7470,H332,75-05-8,"Acute Tox. 4"
7471,H312,75-05-8,"Acute Tox. 4"
7472,H302,75-05-8,"Acute Tox. 4"
7473,H319,75-05-8,"Eye Irrit. 2"
7474,H331,545-06-2,"Acute Tox. 3"
7475,H311,545-06-2,"Acute Tox. 3"
7476,H301,545-06-2,"Acute Tox. 3"
7477,H411,545-06-2,"Aquatic Chronic 2"
7478,H225,107-13-1,"Flam. Liq. 2"
7479,H350,107-13-1,"Carc. 1B"
7480,H331,107-13-1,"Acute Tox. 3"
7481,H311,107-13-1,"Acute Tox. 3"
7482,H301,107-13-1,"Acute Tox. 3"
7483,H335,107-13-1,"STOT SE 3"
7484,H315,107-13-1,"Skin Irrit. 2"
7485,H318,107-13-1,"Eye Dam. 1"
7486,H317,107-13-1,"Skin Sens. 1"
7487,H411,107-13-1,"Aquatic Chronic 2"
7488,H310,75-86-5,"Acute Tox. 1"
7489,H330,75-86-5,"Acute Tox. 2"
7490,H300,75-86-5,"Acute Tox. 2"
7491,H400,75-86-5,"Aquatic Acute 1"
7492,H410,75-86-5,"Aquatic Chronic 1"
7493,H225,109-74-0,"Flam. Liq. 2"
7494,H331,109-74-0,"Acute Tox. 3"
7495,H311,109-74-0,"Acute Tox. 3"
7496,H301,109-74-0,"Acute Tox. 3"
7497,H361d,1689-84-5,"Repr. 2"
7498,H330,1689-84-5,"Acute Tox. 2"
7499,H301,1689-84-5,"Acute Tox. 3"
7500,H317,1689-84-5,"Skin Sens. 1"
7501,H400,1689-84-5,"Aquatic Acute 1"
7502,H410,1689-84-5,"Aquatic Chronic 1"
7503,H361d,1689-83-4,"Repr. 2"
7504,H331,1689-83-4,"Acute Tox. 3"
7505,H301,1689-83-4,"Acute Tox. 3"
7506,H312,1689-83-4,"Acute Tox. 4"
7507,H373,1689-83-4,"STOT RE 2"
7508,H319,1689-83-4,"Eye Irrit. 2"
7509,H400,1689-83-4,"Aquatic Acute 1"
7510,H410,1689-83-4,"Aquatic Chronic 1"
7511,H331,107-14-2,"Acute Tox. 3"
7512,H311,107-14-2,"Acute Tox. 3"
7513,H301,107-14-2,"Acute Tox. 3"
7514,H411,107-14-2,"Aquatic Chronic 2"
7515,H331,109-77-3,"Acute Tox. 3"
7516,H311,109-77-3,"Acute Tox. 3"
7517,H301,109-77-3,"Acute Tox. 3"
7518,H400,109-77-3,"Aquatic Acute 1"
7519,H410,109-77-3,"Aquatic Chronic 1"
7520,H225,126-98-7,"Flam. Liq. 2"
7521,H331,126-98-7,"Acute Tox. 3"
7522,H311,126-98-7,"Acute Tox. 3"
7523,H301,126-98-7,"Acute Tox. 3"
7524,H317,126-98-7,"Skin Sens. 1"
7525,H220,460-19-5,"Flam. Gas 1"
7526,H331,460-19-5,"Press. Gas"
7527,H400,460-19-5,"Acute Tox. 3"
7528,H410,460-19-5,"Aquatic Acute 1"
7529,H312,100-47-0,"Acute Tox. 4"
7530,H302,100-47-0,"Acute Tox. 4"
7531,H312,873-32-5,"Acute Tox. 4"
7532,H302,873-32-5,"Acute Tox. 4"
7533,H319,873-32-5,"Eye Irrit. 2"
7534,H351,1897-45-6,"Carc. 2"
7535,H330,1897-45-6,"Acute Tox. 2"
7536,H335,1897-45-6,"STOT SE 3"
7537,H318,1897-45-6,"Eye Dam. 1"
7538,H317,1897-45-6,"Skin Sens. 1"
7539,H400,1897-45-6,"Aquatic Acute 1"
7540,H410,1897-45-6,"Aquatic Chronic 1"
7541,H312,1194-65-6,"Acute Tox. 4"
7542,H411,1194-65-6,"Aquatic Chronic 2"
7543,H317,1897-41-2,"Skin Sens. 1"
7544,H400,1897-41-2,"Aquatic Acute 1"
7545,H410,1897-41-2,"Aquatic Chronic 1"
7546,H361d,1689-99-2,"Repr. 2"
7547,H331,1689-99-2,"Acute Tox. 3"
7548,H302,1689-99-2,"Acute Tox. 4"
7549,H317,1689-99-2,"Skin Sens. 1"
7550,H400,1689-99-2,"Aquatic Acute 1"
7551,H410,1689-99-2,"Aquatic Chronic 1"
7552,H361d,3861-47-0,"Repr. 2"
7553,H301,3861-47-0,"Acute Tox. 3"
7554,H319,3861-47-0,"Eye Irrit. 2"
7555,H317,3861-47-0,"Skin Sens. 1"
7556,H400,3861-47-0,"Aquatic Acute 1"
7557,H410,3861-47-0,"Aquatic Chronic 1"
7558,H242,78-67-1,"Self-react. C"
7559,H332,78-67-1,"Acute Tox. 4"
7560,H302,78-67-1,"Acute Tox. 4"
7561,H412,78-67-1,"Aquatic Chronic 3"
7562,H318,79463-77-7,"Eye Dam. 1"
7563,H412,79463-77-7,"Aquatic Chronic 3"
7564,H302,76823-93-3,"Acute Tox. 4"
7565,H317,76823-93-3,"Skin Sens. 1"
7566,H315,40188-41-8,"Skin Irrit. 2"
7567,H317,40188-41-8,"Skin Sens. 1"
7568,H411,40188-41-8,"Aquatic Chronic 2"
7569,H400,114369-43-6,"Aquatic Acute 1"
7570,H410,114369-43-6,"Aquatic Chronic 1"
7571,H302,7027-11-4,"Acute Tox. 4"
7572,H373,7027-11-4,"STOT RE 2"
7573,H317,7027-11-4,"Skin Sens. 1"
7574,H412,7027-11-4,"Aquatic Chronic 3"
7575,H373,147374-67-2,"STOT RE 2"
7576,H317,147374-67-2,"Skin Sens. 1"
7577,H411,147374-67-2,"Aquatic Chronic 2"
7578,H317,68612-94-2,"Skin Sens. 1"
7579,H400,147741-93-3,"Aquatic Acute 1"
7580,H410,147741-93-3,"Aquatic Chronic 1"
7581,H302,97384-48-0,"Acute Tox. 4"
7582,H412,97384-48-0,"Aquatic Chronic 3"
7583,H302,135410-20-7,"Acute Tox. 4"
7584,H412,135410-20-7,"Aquatic Chronic 3"
7585,H317,75511-91-0,"Skin Sens. 1"
7586,H412,75511-91-0,"Aquatic Chronic 3"
7587,H331,122453-73-0,"Acute Tox. 3"
7588,H302,122453-73-0,"Acute Tox. 4"
7589,H400,122453-73-0,"Aquatic Acute 1"
7590,H410,122453-73-0,"Aquatic Chronic 1"
7591,H302,75490-39-0,"Acute Tox. 4"
7592,H411,75490-39-0,"Aquatic Chronic 2"
7593,H302,3508-98-3,"Acute Tox. 4"
7594,H400,3508-98-3,"Aquatic Acute 1"
7595,H410,3508-98-3,"Aquatic Chronic 1"
7596,H400,130755-46-3,"Aquatic Acute 1"
7597,H410,130755-46-3,"Aquatic Chronic 1"
7598,H400,138401-24-8,"Aquatic Acute 1"
7599,H410,138401-24-8,"Aquatic Chronic 1"
7600,H302,194602-27-2,"Acute Tox. 4"
7601,H318,194602-27-2,"Eye Dam. 1"
7602,H317,194602-27-2,"Skin Sens. 1"
7603,H411,194602-27-2,"Aquatic Chronic 2"
7604,H331,142653-61-0,"Acute Tox. 3"
7605,H302,142653-61-0,"Acute Tox. 4"
7606,H400,142653-61-0,"Aquatic Acute 1"
7607,H410,142653-61-0,"Aquatic Chronic 1"
7608,H302,10461-98-0,"Acute Tox. 4"
7609,H411,10461-98-0,"Aquatic Chronic 2"
7610,H413,77889-90-8,"Aquatic Chronic 4"
7611,H411,72752-52-4,"Aquatic Chronic 2"
7612,H302,152630-47-2,"Acute Tox. 4"
7613,H373,152630-47-2,"STOT RE 2"
7614,H317,152630-47-2,"Skin Sens. 1"
7615,H411,152630-47-2,"Aquatic Chronic 2"
7616,H317,157362-53-3,"Skin Sens. 1"
7617,H400,157362-53-3,"Aquatic Acute 1"
7618,H410,157362-53-3,"Aquatic Chronic 1"
7619,H302,219861-18-4,"Acute Tox. 4"
7620,H317,219861-18-4,"Skin Sens. 1"
7621,H411,219861-18-4,"Aquatic Chronic 2"
7622,H302,128173-52-4,"Acute Tox. 4"
7623,H317,128173-52-4,"Skin Sens. 1"
7624,H411,128173-52-4,"Aquatic Chronic 2"
7625,H302,103146-25-4,"Acute Tox. 4"
7626,H317,103146-25-4,"Skin Sens. 1"
7627,H411,103146-25-4,"Aquatic Chronic 2"
7628,H331,120068-37-3,"Acute Tox. 3"
7629,H311,120068-37-3,"Acute Tox. 3"
7630,H301,120068-37-3,"Acute Tox. 3"
7631,H372,120068-37-3,"STOT RE 1"
7632,H400,120068-37-3,"Aquatic Acute 1"
7633,H410,120068-37-3,"Aquatic Chronic 1"
7634,H302,208538-34-5,"Acute Tox. 4"
7635,H318,208538-34-5,"Eye Dam. 1"
7636,H317,208538-34-5,"Skin Sens. 1"
7637,H331,66230-04-4,"Acute Tox. 3"
7638,H301,66230-04-4,"Acute Tox. 3"
7639,H317,66230-04-4,"Skin Sens. 1"
7640,H400,66230-04-4,"Aquatic Acute 1"
7641,H410,66230-04-4,"Aquatic Chronic 1"
7642,H411,120068-79-3,"Aquatic Chronic 2"
7643,H400,138564-59-7,"Aquatic Acute 1"
7644,H410,138564-59-7,"Aquatic Chronic 1"
7645,H302,82380-18-5,"Acute Tox. 4"
7646,H318,82380-18-5,"Eye Dam. 1"
7647,H411,82380-18-5,"Aquatic Chronic 2"
7648,H301,61826-76-4,"Acute Tox. 3"
7649,H318,61826-76-4,"Eye Dam. 1"
7650,H317,61826-76-4,"Skin Sens. 1"
7651,H400,61826-76-4,"Aquatic Acute 1"
7652,H410,61826-76-4,"Aquatic Chronic 1"
7653,H340,5146-66-7,"Muta. 1B"
7654,H410,958647-10-4,"Aquatic Chronic 1"
7655,H226,108-03-2,"Flam. Liq. 3"
7656,H332,108-03-2,"Acute Tox. 4"
7657,H312,108-03-2,"Acute Tox. 4"
7658,H302,108-03-2,"Acute Tox. 4"
7659,H226,79-46-9,"Flam. Liq. 3"
7660,H350,79-46-9,"Carc. 1B"
7661,H332,79-46-9,"Acute Tox. 4"
7662,H302,79-46-9,"Acute Tox. 4"
7663,H351,98-95-3,"Carc. 2"
7664,H360F,98-95-3,"Repr. 1B"
7665,H331,98-95-3,"Acute Tox. 3"
7666,H311,98-95-3,"Acute Tox. 3"
7667,H301,98-95-3,"Acute Tox. 3"
7668,H372,98-95-3,"STOT RE 1"
7669,H412,98-95-3,"Aquatic Chronic 3"
7670,H310,25154-54-5,"Acute Tox. 1"
7671,H330,25154-54-5,"Acute Tox. 2"
7672,H300,25154-54-5,"Acute Tox. 2"
7673,H373,25154-54-5,"STOT RE 2"
7674,H400,25154-54-5,"Aquatic Acute 1"
7675,H410,25154-54-5,"Aquatic Chronic 1"
7676,H310,100-25-4,"Acute Tox. 1"
7677,H330,100-25-4,"Acute Tox. 2"
7678,H300,100-25-4,"Acute Tox. 2"
7679,H373,100-25-4,"STOT RE 2"
7680,H400,100-25-4,"Aquatic Acute 1"
7681,H410,100-25-4,"Aquatic Chronic 1"
7682,H310,99-65-0,"Acute Tox. 1"
7683,H330,99-65-0,"Acute Tox. 2"
7684,H300,99-65-0,"Acute Tox. 2"
7685,H373,99-65-0,"STOT RE 2"
7686,H400,99-65-0,"Aquatic Acute 1"
7687,H410,99-65-0,"Aquatic Chronic 1"
7688,H310,528-29-0,"Acute Tox. 1"
7689,H330,528-29-0,"Acute Tox. 2"
7690,H300,528-29-0,"Acute Tox. 2"
7691,H373,528-29-0,"STOT RE 2"
7692,H400,528-29-0,"Aquatic Acute 1"
7693,H410,528-29-0,"Aquatic Chronic 1"
7694,H201,99-35-4,"Expl. 1.1"
7695,H310,99-35-4,"Acute Tox. 1"
7696,H330,99-35-4,"Acute Tox. 2"
7697,H300,99-35-4,"Acute Tox. 2"
7698,H373,99-35-4,"STOT RE 2"
7699,H400,99-35-4,"Aquatic Acute 1"
7700,H410,99-35-4,"Aquatic Chronic 1"
7701,H331,99-99-0,"Acute Tox. 3"
7702,H311,99-99-0,"Acute Tox. 3"
7703,H301,99-99-0,"Acute Tox. 3"
7704,H373,99-99-0,"STOT RE 2"
7705,H411,99-99-0,"Aquatic Chronic 2"
7706,H350,121-14-2,"Carc. 1B"
7707,H341,121-14-2,"Muta. 2"
7708,H361f,121-14-2,"Repr. 2"
7709,H331,121-14-2,"Acute Tox. 3"
7710,H311,121-14-2,"Acute Tox. 3"
7711,H301,121-14-2,"Acute Tox. 3"
7712,H373,121-14-2,"STOT RE 2"
7713,H400,121-14-2,"Aquatic Acute 1"
7714,H410,121-14-2,"Aquatic Chronic 1"
7715,H350,25321-14-6,"Carc. 1B"
7716,H341,25321-14-6,"Muta. 2"
7717,H361f,25321-14-6,"Repr. 2"
7718,H331,25321-14-6,"Acute Tox. 3"
7719,H311,25321-14-6,"Acute Tox. 3"
7720,H301,25321-14-6,"Acute Tox. 3"
7721,H373,25321-14-6,"STOT RE 2"
7722,H400,25321-14-6,"Aquatic Acute 1"
7723,H410,25321-14-6,"Aquatic Chronic 1"
7724,H201,118-96-7,"Expl. 1.1"
7725,H331,118-96-7,"Acute Tox. 3"
7726,H311,118-96-7,"Acute Tox. 3"
7727,H301,118-96-7,"Acute Tox. 3"
7728,H373,118-96-7,"STOT RE 2"
7729,H411,118-96-7,"Aquatic Chronic 2"
7730,H201,88-89-1,"Expl. 1.1"
7731,H331,88-89-1,"Acute Tox. 3"
7732,H311,88-89-1,"Acute Tox. 3"
7733,H301,88-89-1,"Acute Tox. 3"
7734,H201,606-35-9,"Expl. 1.1"
7735,H332,606-35-9,"Acute Tox. 4"
7736,H312,606-35-9,"Acute Tox. 4"
7737,H302,606-35-9,"Acute Tox. 4"
7738,H411,606-35-9,"Aquatic Chronic 2"
7739,H201,602-99-3,"Expl. 1.1"
7740,H332,602-99-3,"Acute Tox. 4"
7741,H312,602-99-3,"Acute Tox. 4"
7742,H302,602-99-3,"Acute Tox. 4"
7743,H201,632-92-8,"Expl. 1.1"
7744,H332,632-92-8,"Acute Tox. 4"
7745,H312,632-92-8,"Acute Tox. 4"
7746,H302,632-92-8,"Acute Tox. 4"
7747,H373,632-92-8,"STOT RE 2"
7748,H332,100-02-7,"Acute Tox. 4"
7749,H312,100-02-7,"Acute Tox. 4"
7750,H302,100-02-7,"Acute Tox. 4"
7751,H373,100-02-7,"STOT RE 2"
7752,H331,25550-58-7,"Acute Tox. 3"
7753,H311,25550-58-7,"Acute Tox. 3"
7754,H301,25550-58-7,"Acute Tox. 3"
7755,H373,25550-58-7,"STOT RE 2"
7756,H400,25550-58-7,"Aquatic Acute 1"
7757,H410,25550-58-7,"Aquatic Chronic 1"
7758,H331,71629-74-8,"Acute Tox. 3"
7759,H311,71629-74-8,"Acute Tox. 3"
7760,H301,71629-74-8,"Acute Tox. 3"
7761,H373,71629-74-8,"STOT RE 2"
7762,H400,71629-74-8,"Aquatic Acute 1"
7763,H410,71629-74-8,"Aquatic Chronic 1"
7764,H201,82-71-3,"Expl. 1.1"
7765,H332,82-71-3,"Acute Tox. 4"
7766,H312,82-71-3,"Acute Tox. 4"
7767,H302,82-71-3,"Acute Tox. 4"
7768,H360Df,15245-44-0,"Repr. 1A"
7769,H332,15245-44-0,"Acute Tox. 4"
7770,H302,15245-44-0,"Acute Tox. 4"
7771,H373,15245-44-0,"STOT RE 2"
7772,H400,15245-44-0,"Aquatic Acute 1"
7773,H410,15245-44-0,"Aquatic Chronic 1"
7774,H200,15245-44-0,"Unst. Expl"
7775,H341,534-52-1,"Muta. 2"
7776,H310,534-52-1,"Acute Tox. 1"
7777,H330,534-52-1,"Acute Tox. 2"
7778,H300,534-52-1,"Acute Tox. 2"
7779,H315,534-52-1,"Skin Irrit. 2"
7780,H318,534-52-1,"Eye Dam. 1"
7781,H317,534-52-1,"Skin Sens. 1"
7782,H400,534-52-1,"Aquatic Acute 1"
7783,H410,534-52-1,"Aquatic Chronic 1"
7784,H331,2312-76-7,"Acute Tox. 3"
7785,H311,2312-76-7,"Acute Tox. 3"
7786,H301,2312-76-7,"Acute Tox. 3"
7787,H373,2312-76-7,"STOT RE 2"
7788,H400,2312-76-7,"Aquatic Acute 1"
7789,H410,2312-76-7,"Aquatic Chronic 1"
7790,H331,5787-96-2,"Acute Tox. 3"
7791,H311,5787-96-2,"Acute Tox. 3"
7792,H301,5787-96-2,"Acute Tox. 3"
7793,H373,5787-96-2,"STOT RE 2"
7794,H400,5787-96-2,"Aquatic Acute 1"
7795,H410,5787-96-2,"Aquatic Chronic 1"
7796,H310,2980-64-5,"Acute Tox. 1"
7797,H330,2980-64-5,"Acute Tox. 2"
7798,H300,2980-64-5,"Acute Tox. 2"
7799,H373,2980-64-5,"STOT RE 2"
7800,H400,2980-64-5,"Aquatic Acute 1"
7801,H410,2980-64-5,"Aquatic Chronic 1"
7802,H360D,39300-45-3,"Repr. 1B"
7803,H332,39300-45-3,"Acute Tox. 4"
7804,H302,39300-45-3,"Acute Tox. 4"
7805,H373,39300-45-3,"STOT RE 2"
7806,H315,39300-45-3,"Skin Irrit. 2"
7807,H317,39300-45-3,"Skin Sens. 1"
7808,H400,39300-45-3,"Aquatic Acute 1"
7809,H410,39300-45-3,"Aquatic Chronic 1"
7810,H360D,485-31-4,"Repr. 1B"
7811,H312,485-31-4,"Acute Tox. 4"
7812,H302,485-31-4,"Acute Tox. 4"
7813,H400,485-31-4,"Aquatic Acute 1"
7814,H410,485-31-4,"Aquatic Chronic 1"
7815,H360Df,88-85-7,"Repr. 1B"
7816,H311,88-85-7,"Acute Tox. 3"
7817,H301,88-85-7,"Acute Tox. 3"
7818,H319,88-85-7,"Eye Irrit. 2"
7819,H400,88-85-7,"Aquatic Acute 1"
7820,H410,88-85-7,"Aquatic Chronic 1"
7821,H302,63919-26-6,"Acute Tox. 4"
7822,H400,63919-26-6,"Aquatic Acute 1"
7823,H410,63919-26-6,"Aquatic Chronic 1"
7824,H331,131-89-5,"Acute Tox. 3"
7825,H311,131-89-5,"Acute Tox. 3"
7826,H301,131-89-5,"Acute Tox. 3"
7827,H400,131-89-5,"Aquatic Acute 1"
7828,H410,131-89-5,"Aquatic Chronic 1"
7829,H360D,1420-07-1,"Repr. 1B"
7830,H300,1420-07-1,"Acute Tox. 2"
7831,H311,1420-07-1,"Acute Tox. 3"
7832,H400,1420-07-1,"Aquatic Acute 1"
7833,H410,1420-07-1,"Aquatic Chronic 1"
7834,H302,13181-17-4,"Acute Tox. 4"
7835,H400,13181-17-4,"Aquatic Acute 1"
7836,H410,13181-17-4,"Aquatic Chronic 1"
7837,H331,4097-36-3,"Acute Tox. 3"
7838,H311,4097-36-3,"Acute Tox. 3"
7839,H301,4097-36-3,"Acute Tox. 3"
7840,H400,4097-36-3,"Aquatic Acute 1"
7841,H410,4097-36-3,"Aquatic Chronic 1"
7842,H226,79-24-3,"Flam. Liq. 3"
7843,H332,79-24-3,"Acute Tox. 4"
7844,H302,79-24-3,"Acute Tox. 4"
7845,H226,75-52-5,"Flam. Liq. 3"
7846,H302,75-52-5,"Acute Tox. 4"
7847,H350,602-87-9,"Carc. 1B"
7848,H350,581-89-5,"Carc. 1B"
7849,H411,581-89-5,"Aquatic Chronic 2"
7850,H350,92-93-3,"Carc. 1B"
7851,H411,92-93-3,"Aquatic Chronic 2"
7852,H350,1836-75-5,"Carc. 1B"
7853,H360D,1836-75-5,"Repr. 1B"
7854,H302,1836-75-5,"Acute Tox. 4"
7855,H400,1836-75-5,"Aquatic Acute 1"
7856,H410,1836-75-5,"Aquatic Chronic 1"
7857,H331,51-28-5,"Acute Tox. 3"
7858,H311,51-28-5,"Acute Tox. 3"
7859,H301,51-28-5,"Acute Tox. 3"
7860,H373,51-28-5,"STOT RE 2"
7861,H400,51-28-5,"Aquatic Acute 1"
7862,H317,40487-42-1,"Skin Sens. 1"
7863,H400,40487-42-1,"Aquatic Acute 1"
7864,H410,40487-42-1,"Aquatic Chronic 1"
7865,H317,82-68-8,"Skin Sens. 1"
7866,H400,82-68-8,"Aquatic Acute 1"
7867,H410,82-68-8,"Aquatic Chronic 1"
7868,H302,117-18-0,"Acute Tox. 4"
7869,H317,117-18-0,"Skin Sens. 1"
7870,H400,117-18-0,"Aquatic Acute 1"
7871,H410,117-18-0,"Aquatic Chronic 1"
7872,H302,8069-76-9,"Acute Tox. 4"
7873,H400,8069-76-9,"Aquatic Acute 1"
7874,H410,8069-76-9,"Aquatic Chronic 1"
7875,H351,1582-09-8,"Carc. 2"
7876,H317,1582-09-8,"Skin Sens. 1"
7877,H400,1582-09-8,"Aquatic Acute 1"
7878,H410,1582-09-8,"Aquatic Chronic 1"
7879,H350,91-23-6,"Carc. 1B"
7880,H302,91-23-6,"Acute Tox. 4"
7881,H319,127-68-4,"Eye Irrit. 2"
7882,H317,127-68-4,"Skin Sens. 1"
7883,H350,606-20-2,"Carc. 1B"
7884,H341,606-20-2,"Muta. 2"
7885,H361f,606-20-2,"Repr. 2"
7886,H331,606-20-2,"Acute Tox. 3"
7887,H311,606-20-2,"Acute Tox. 3"
7888,H301,606-20-2,"Acute Tox. 3"
7889,H373,606-20-2,"STOT RE 2"
7890,H412,606-20-2,"Aquatic Chronic 3"
7891,H350,602-01-7,"Carc. 1B"
7892,H341,602-01-7,"Muta. 2"
7893,H361f,602-01-7,"Repr. 2"
7894,H331,602-01-7,"Acute Tox. 3"
7895,H311,602-01-7,"Acute Tox. 3"
7896,H301,602-01-7,"Acute Tox. 3"
7897,H373,602-01-7,"STOT RE 2"
7898,H400,602-01-7,"Aquatic Acute 1"
7899,H410,602-01-7,"Aquatic Chronic 1"
7900,H350,610-39-9,"Carc. 1B"
7901,H341,610-39-9,"Muta. 2"
7902,H361f,610-39-9,"Repr. 2"
7903,H331,610-39-9,"Acute Tox. 3"
7904,H311,610-39-9,"Acute Tox. 3"
7905,H301,610-39-9,"Acute Tox. 3"
7906,H373,610-39-9,"STOT RE 2"
7907,H411,610-39-9,"Aquatic Chronic 2"
7908,H350,618-85-9,"Carc. 1B"
7909,H341,618-85-9,"Muta. 2"
7910,H361f,618-85-9,"Repr. 2"
7911,H331,618-85-9,"Acute Tox. 3"
7912,H311,618-85-9,"Acute Tox. 3"
7913,H301,618-85-9,"Acute Tox. 3"
7914,H373,618-85-9,"STOT RE 2"
7915,H412,618-85-9,"Aquatic Chronic 3"
7916,H331,66-56-8,"Acute Tox. 3"
7917,H311,66-56-8,"Acute Tox. 3"
7918,H301,66-56-8,"Acute Tox. 3"
7919,H373,66-56-8,"STOT RE 2"
7920,H411,66-56-8,"Aquatic Chronic 2"
7921,H331,329-71-5,"Acute Tox. 3"
7922,H311,329-71-5,"Acute Tox. 3"
7923,H301,329-71-5,"Acute Tox. 3"
7924,H373,329-71-5,"STOT RE 2"
7925,H411,329-71-5,"Aquatic Chronic 2"
7926,H331,573-56-8,"Acute Tox. 3"
7927,H311,573-56-8,"Acute Tox. 3"
7928,H301,573-56-8,"Acute Tox. 3"
7929,H373,573-56-8,"STOT RE 2"
7930,H411,573-56-8,"Aquatic Chronic 2"
7931,H331,577-71-9,"Acute Tox. 3"
7932,H311,577-71-9,"Acute Tox. 3"
7933,H301,577-71-9,"Acute Tox. 3"
7934,H373,577-71-9,"STOT RE 2"
7935,H411,577-71-9,"Aquatic Chronic 2"
7936,H350,619-15-8,"Carc. 1B"
7937,H341,619-15-8,"Muta. 2"
7938,H361f,619-15-8,"Repr. 2"
7939,H331,619-15-8,"Acute Tox. 3"
7940,H311,619-15-8,"Acute Tox. 3"
7941,H301,619-15-8,"Acute Tox. 3"
7942,H373,619-15-8,"STOT RE 2"
7943,H411,619-15-8,"Aquatic Chronic 2"
7944,H201,69094-18-4,"Expl. 1.1"
7945,H351,69094-18-4,"Carc. 2"
7946,H302,69094-18-4,"Acute Tox. 4"
7947,H373,69094-18-4,"STOT RE 2"
7948,H314,69094-18-4,"Skin Corr. 1A"
7949,H317,69094-18-4,"Skin Sens. 1"
7950,H400,69094-18-4,"Aquatic Acute 1"
7951,H410,69094-18-4,"Aquatic Chronic 1"
7952,H302,3847-58-3,"Acute Tox. 4"
7953,H314,3847-58-3,"Skin Corr. 1B"
7954,H317,3847-58-3,"Skin Sens. 1"
7955,H400,3847-58-3,"Aquatic Acute 1"
7956,H410,3847-58-3,"Aquatic Chronic 1"
7957,H312,5428-02-4,"Acute Tox. 4"
7958,H302,5428-02-4,"Acute Tox. 4"
7959,H372,5428-02-4,"STOT RE 1"
7960,H317,5428-02-4,"Skin Sens. 1"
7961,H411,5428-02-4,"Aquatic Chronic 2"
7962,H302,131657-78-8,"Acute Tox. 4"
7963,H317,131657-78-8,"Skin Sens. 1"
7964,H411,131657-78-8,"Aquatic Chronic 2"
7965,H315,92952-81-3,"Skin Irrit. 2"
7966,H411,92952-81-3,"Aquatic Chronic 2"
7967,H317,94097-88-8,"Skin Sens. 1"
7968,H400,94097-88-8,"Aquatic Acute 1"
7969,H410,94097-88-8,"Aquatic Chronic 1"
7970,H311,24403-04-1,"Acute Tox. 3"
7971,H302,24403-04-1,"Acute Tox. 4"
7972,H373,24403-04-1,"STOT RE 2"
7973,H314,24403-04-1,"Skin Corr. 1B"
7974,H317,24403-04-1,"Skin Sens. 1"
7975,H400,24403-04-1,"Aquatic Acute 1"
7976,H410,24403-04-1,"Aquatic Chronic 1"
7977,H302,59320-13-7,"Acute Tox. 4"
7978,H411,59320-13-7,"Aquatic Chronic 2"
7979,H400,104206-82-8,"Aquatic Acute 1"
7980,H410,104206-82-8,"Aquatic Chronic 1"
7981,H350,88-72-2,"Carc. 1B"
7982,H340,88-72-2,"Muta. 1B"
7983,H361f,88-72-2,"Repr. 2"
7984,H302,88-72-2,"Acute Tox. 4"
7985,H411,88-72-2,"Aquatic Chronic 2"
7986,H317,156769-97-0,"Skin Sens. 1"
7987,H201,81-15-2,"Expl. 1.1"
7988,H351,81-15-2,"Carc. 2"
7989,H400,81-15-2,"Aquatic Acute 1"
7990,H410,81-15-2,"Aquatic Chronic 1"
7991,H351,81-14-1,"Carc. 2"
7992,H400,81-14-1,"Aquatic Acute 1"
7993,H410,81-14-1,"Aquatic Chronic 1"
7994,H302,130841-23-5,"Acute Tox. 4"
7995,H317,130841-23-5,"Skin Sens. 1"
7996,H400,130841-23-5,"Aquatic Acute 1"
7997,H410,130841-23-5,"Aquatic Chronic 1"
7998,H317,156137-33-6,"Skin Sens. 1"
7999,H361f,1671-49-4,"Repr. 2"
8000,H302,1671-49-4,"Acute Tox. 4"
8001,H317,1671-49-4,"Skin Sens. 1"
8002,H412,1671-49-4,"Aquatic Chronic 3"
8003,H330,76-06-2,"Acute Tox. 2"
8004,H302,76-06-2,"Acute Tox. 4"
8005,H335,76-06-2,"STOT SE 3"
8006,H315,76-06-2,"Skin Irrit. 2"
8007,H319,76-06-2,"Eye Irrit. 2"
8008,H331,594-72-9,"Acute Tox. 3"
8009,H311,594-72-9,"Acute Tox. 3"
8010,H301,594-72-9,"Acute Tox. 3"
8011,H201,88-88-0,"Expl. 1.1"
8012,H310,88-88-0,"Acute Tox. 1"
8013,H330,88-88-0,"Acute Tox. 2"
8014,H300,88-88-0,"Acute Tox. 2"
8015,H400,88-88-0,"Aquatic Acute 1"
8016,H410,88-88-0,"Aquatic Chronic 1"
8017,H351,100-00-5,"Carc. 2"
8018,H341,100-00-5,"Muta. 2"
8019,H331,100-00-5,"Acute Tox. 3"
8020,H311,100-00-5,"Acute Tox. 3"
8021,H301,100-00-5,"Acute Tox. 3"
8022,H373,100-00-5,"STOT RE 2"
8023,H411,100-00-5,"Aquatic Chronic 2"
8024,H332,600-25-9,"Acute Tox. 4"
8025,H302,600-25-9,"Acute Tox. 4"
8026,H301,17742-69-7,"Acute Tox. 3"
8027,H411,17742-69-7,"Aquatic Chronic 2"
8028,H302,121-87-9,"Acute Tox. 4"
8029,H411,121-87-9,"Aquatic Chronic 2"
8030,H302,35950-52-8,"Acute Tox. 4"
8031,H373,35950-52-8,"STOT RE 2"
8032,H314,35950-52-8,"Skin Corr. 1B"
8033,H317,35950-52-8,"Skin Sens. 1"
8034,H400,35950-52-8,"Aquatic Acute 1"
8035,H410,35950-52-8,"Aquatic Chronic 1"
8036,H350,103-33-3,"Carc. 1B"
8037,H341,103-33-3,"Muta. 2"
8038,H332,103-33-3,"Acute Tox. 4"
8039,H302,103-33-3,"Acute Tox. 4"
8040,H373,103-33-3,"STOT RE 2"
8041,H400,103-33-3,"Aquatic Acute 1"
8042,H410,103-33-3,"Aquatic Chronic 1"
8043,H332,495-48-7,"Acute Tox. 4"
8044,H302,495-48-7,"Acute Tox. 4"
8045,H301,140-56-7,"Acute Tox. 3"
8046,H312,140-56-7,"Acute Tox. 4"
8047,H412,140-56-7,"Aquatic Chronic 3"
8048,H350,592-62-1,"Carc. 1B"
8049,H360D,592-62-1,"Repr. 1B"
8050,H350,16071-86-6,"Carc. 1B"
8051,H350,97-56-3,"Carc. 1B"
8052,H317,97-56-3,"Skin Sens. 1"
8053,H302,41814-78-2,"Acute Tox. 4"
8054,H350,60-09-3,"Carc. 1B"
8055,H400,60-09-3,"Aquatic Acute 1"
8056,H410,60-09-3,"Aquatic Chronic 1"
8057,H317,106359-94-8,"Skin Sens. 1"
8058,H412,106359-94-8,"Aquatic Chronic 3"
8059,H317,114565-65-0,"Skin Sens. 1"
8060,H203,117409-78-6,"Expl. 1.3"
8061,H411,117409-78-6,"Aquatic Chronic 2"
8062,H317,115099-55-3,"Skin Sens. 1"
8063,H317,116889-78-2,"Skin Sens. 1"
8064,H317,106028-58-4,"Skin Sens. 1"
8065,H301,116340-05-7,"Acute Tox. 3"
8066,H317,116340-05-7,"Skin Sens. 1"
8067,H412,116340-05-7,"Aquatic Chronic 3"
8068,H350,1937-37-7,"Carc. 1B"
8069,H361d,1937-37-7,"Repr. 2"
8070,H350,2602-46-2,"Carc. 1B"
8071,H361d,2602-46-2,"Repr. 2"
8072,H350,573-58-0,"Carc. 1B"
8073,H361d,573-58-0,"Repr. 2"
8074,H334,123-77-3,"Resp. Sens. 1"
8075,H350,569-61-9,"Carc. 1B"
8076,H350,2475-45-8,"Carc. 1B"
8077,H315,2475-45-8,"Skin Irrit. 2"
8078,H318,2475-45-8,"Eye Dam. 1"
8079,H317,2475-45-8,"Skin Sens. 1"
8080,H411,82027-60-9,"Aquatic Chronic 2"
8081,H411,107246-80-0,"Aquatic Chronic 2"
8082,H302,124584-00-5,"Acute Tox. 4"
8083,H318,124584-00-5,"Eye Dam. 1"
8084,H317,124584-00-5,"Skin Sens. 1"
8085,H411,124584-00-5,"Aquatic Chronic 2"
8086,H317,117715-57-8,"Skin Sens. 1"
8087,H400,115099-58-6,"Aquatic Acute 1"
8088,H410,115099-58-6,"Aquatic Chronic 1"
8089,H318,98809-11-1,"Eye Dam. 1"
8090,H317,98809-11-1,"Skin Sens. 1"
8091,H411,98809-11-1,"Aquatic Chronic 2"
8092,H411,117527-94-3,"Aquatic Chronic 2"
8093,H301,43151-99-1,"Acute Tox. 3"
8094,H373,43151-99-1,"STOT RE 2"
8095,H317,43151-99-1,"Skin Sens. 1"
8096,H400,43151-99-1,"Aquatic Acute 1"
8097,H410,43151-99-1,"Aquatic Chronic 1"
8098,H373,118658-98-3,"STOT RE 2"
8099,H317,118658-98-3,"Skin Sens. 1"
8100,H412,118658-98-3,"Aquatic Chronic 3"
8101,H400,136213-74-6,"Aquatic Acute 1"
8102,H410,136213-74-6,"Aquatic Chronic 1"
8103,H302,2997-92-4,"Acute Tox. 4"
8104,H317,2997-92-4,"Skin Sens. 1"
8105,H351,2832-40-8,"Carc. 2"
8106,H317,2832-40-8,"Skin Sens. 1"
8107,H351,842-07-9,"Carc. 2"
8108,H341,842-07-9,"Muta. 2"
8109,H317,842-07-9,"Skin Sens. 1"
8110,H413,842-07-9,"Aquatic Chronic 4"
8111,H350,85136-74-9,"Carc. 1B"
8112,H413,85136-74-9,"Aquatic Chronic 4"
8113,H350,108225-03-2,"Carc. 1B"
8114,H318,108225-03-2,"Eye Dam. 1"
8115,H411,108225-03-2,"Aquatic Chronic 2"
8116,H318,148878-21-1,"Eye Dam. 1"
8117,H317,148878-21-1,"Skin Sens. 1"
8118,H412,148878-21-1,"Aquatic Chronic 3"
8119,H318,187285-15-0,"Eye Dam. 1"
8120,H350,164058-22-4,"Carc. 1B"
8121,H373,124719-26-2,"STOT RE 2"
8122,H315,124719-26-2,"Skin Irrit. 2"
8123,H400,124719-26-2,"Aquatic Acute 1"
8124,H410,124719-26-2,"Aquatic Chronic 1"
8125,H373,111850-24-9,"STOT RE 2"
8126,H315,111850-24-9,"Skin Irrit. 2"
8127,H319,111850-24-9,"Eye Irrit. 2"
8128,H317,111850-24-9,"Skin Sens. 1"
8129,H400,111850-24-9,"Aquatic Acute 1"
8130,H410,111850-24-9,"Aquatic Chronic 1"
8131,H318,130201-57-9,"Eye Dam. 1"
8132,H317,130201-57-9,"Skin Sens. 1"
8133,H411,130201-57-9,"Aquatic Chronic 2"
8134,H411,85665-98-1,"Aquatic Chronic 2"
8135,H301,131013-81-5,"Acute Tox. 3"
8136,H412,131013-81-5,"Aquatic Chronic 3"
8137,H302,118208-02-9,"Acute Tox. 4"
8138,H318,118208-02-9,"Eye Dam. 1"
8139,H411,118208-02-9,"Aquatic Chronic 2"
8140,H400,117584-16-4,"Aquatic Acute 1"
8141,H410,117584-16-4,"Aquatic Chronic 1"
8142,H302,126637-70-5,"Acute Tox. 4"
8143,H317,126637-70-5,"Skin Sens. 1"
8144,H317,159604-94-1,"Skin Sens. 1"
8145,H411,159604-94-1,"Aquatic Chronic 2"
8146,H318,147703-64-8,"Eye Dam. 1"
8147,H317,147703-65-9,"Skin Sens. 1"
8148,H317,141048-13-7,"Skin Sens. 1"
8149,H412,141048-13-7,"Aquatic Chronic 3"
8150,H373,136213-73-5,"STOT RE 2"
8151,H317,136213-73-5,"Skin Sens. 1"
8152,H400,136213-73-5,"Aquatic Acute 1"
8153,H410,136213-73-5,"Aquatic Chronic 1"
8154,H242,93672-52-7,"Self-react. C"
8155,H302,93672-52-7,"Acute Tox. 4"
8156,H318,93672-52-7,"Eye Dam. 1"
8157,H317,93672-52-7,"Skin Sens. 1"
8158,H412,93672-52-7,"Aquatic Chronic 3"
8159,H317,134595-59-8,"Skin Sens. 1"
8160,H317,146177-84-6,"Skin Sens. 1"
8161,H411,89797-03-5,"Aquatic Chronic 2"
8162,H317,149850-30-6,"Skin Sens. 1"
8163,H301,131013-83-7,"Acute Tox. 3"
8164,H412,131013-83-7,"Aquatic Chronic 3"
8165,H350,118658-99-4,"Carc. 1B"
8166,H411,118658-99-4,"Aquatic Chronic 2"
8167,H318,140876-13-7,"Eye Dam. 1"
8168,H317,104366-25-8,"Skin Sens. 1"
8169,H317,136213-75-7,"Skin Sens. 1"
8170,H411,136213-75-7,"Aquatic Chronic 2"
8171,H318,157627-99-1,"Eye Dam. 1"
8172,H317,124605-82-9,"Skin Sens. 1"
8173,H411,124605-82-9,"Aquatic Chronic 2"
8174,H411,149626-00-6,"Aquatic Chronic 2"
8175,H302,149564-66-9,"Acute Tox. 4"
8176,H318,149564-66-9,"Eye Dam. 1"
8177,H412,149564-66-9,"Aquatic Chronic 3"
8178,H302,149564-65-8,"Acute Tox. 4"
8179,H412,149564-65-8,"Aquatic Chronic 3"
8180,H317,149850-29-3,"Skin Sens. 1"
8181,H318,148878-22-2,"Eye Dam. 1"
8182,H317,148878-22-2,"Skin Sens. 1"
8183,H318,157707-94-3,"Eye Dam. 1"
8184,H412,157707-94-3,"Aquatic Chronic 3"
8185,H318,30785-74-1,"Eye Dam. 1"
8186,H400,30785-74-1,"Aquatic Acute 1"
8187,H410,30785-74-1,"Aquatic Chronic 1"
8188,H318,151436-99-6,"Eye Dam. 1"
8189,H317,151436-99-6,"Skin Sens. 1"
8190,H318,178452-66-9,"Eye Dam. 1"
8191,H318,174514-06-8,"Eye Dam. 1"
8192,H400,174514-06-8,"Aquatic Acute 1"
8193,H410,174514-06-8,"Aquatic Chronic 1"
8194,H318,171599-85-2,"Eye Dam. 1"
8195,H317,171599-85-2,"Skin Sens. 1"
8196,H203,163879-69-4,"Expl. 1.3"
8197,H361f,163879-69-4,"Repr. 2"
8198,H373,163879-69-4,"STOT RE 2"
8199,H317,163879-69-4,"Skin Sens. 1"
8200,H411,163879-69-4,"Aquatic Chronic 2"
8201,H319,183130-96-3,"Eye Irrit. 2"
8202,H412,183130-96-3,"Aquatic Chronic 3"
8203,H360D,151798-26-4,"Repr. 1B"
8204,H413,151798-26-4,"Aquatic Chronic 4"
8205,H318,178452-71-6,"Eye Dam. 1"
8206,H412,178452-71-6,"Aquatic Chronic 3"
8207,H317,152828-25-6,"Skin Sens. 1"
8208,H411,152828-25-6,"Aquatic Chronic 2"
8209,H360Df,68049-83-2,"Repr. 1B"
8210,H373,68049-83-2,"STOT RE 2"
8211,H400,68049-83-2,"Aquatic Acute 1"
8212,H410,68049-83-2,"Aquatic Chronic 1"
8213,H318,214362-06-8,"Eye Dam. 1"
8214,H318,205764-96-1,"Eye Dam. 1"
8215,H317,205764-96-1,"Skin Sens. 1"
8216,H411,193486-83-8,"Aquatic Chronic 2"
8217,H341,495-54-5,"Muta. 2"
8218,H302,495-54-5,"Acute Tox. 4"
8219,H315,495-54-5,"Skin Irrit. 2"
8220,H400,495-54-5,"Aquatic Acute 1"
8221,H410,495-54-5,"Aquatic Chronic 1"
8222,H341,532-82-1,"Muta. 2"
8223,H302,532-82-1,"Acute Tox. 4"
8224,H315,532-82-1,"Skin Irrit. 2"
8225,H318,532-82-1,"Eye Dam. 1"
8226,H400,532-82-1,"Aquatic Acute 1"
8227,H410,532-82-1,"Aquatic Chronic 1"
8228,H341,75660-25-2,"Muta. 2"
8229,H302,75660-25-2,"Acute Tox. 4"
8230,H315,75660-25-2,"Skin Irrit. 2"
8231,H318,75660-25-2,"Eye Dam. 1"
8232,H400,75660-25-2,"Aquatic Acute 1"
8233,H410,75660-25-2,"Aquatic Chronic 1"
8234,H341,79234-33-6,"Muta. 2"
8235,H302,79234-33-6,"Acute Tox. 4"
8236,H315,79234-33-6,"Skin Irrit. 2"
8237,H318,79234-33-6,"Eye Dam. 1"
8238,H400,79234-33-6,"Aquatic Acute 1"
8239,H410,79234-33-6,"Aquatic Chronic 1"
8240,H341,63681-54-9,"Muta. 2"
8241,H302,63681-54-9,"Acute Tox. 4"
8242,H315,63681-54-9,"Skin Irrit. 2"
8243,H318,63681-54-9,"Eye Dam. 1"
8244,H400,63681-54-9,"Aquatic Acute 1"
8245,H410,63681-54-9,"Aquatic Chronic 1"
8246,H341,83968-67-6,"Muta. 2"
8247,H302,83968-67-6,"Acute Tox. 4"
8248,H315,83968-67-6,"Skin Irrit. 2"
8249,H318,83968-67-6,"Eye Dam. 1"
8250,H400,83968-67-6,"Aquatic Acute 1"
8251,H410,83968-67-6,"Aquatic Chronic 1"
8252,H341,84196-22-5,"Muta. 2"
8253,H302,84196-22-5,"Acute Tox. 4"
8254,H315,84196-22-5,"Skin Irrit. 2"
8255,H318,84196-22-5,"Eye Dam. 1"
8256,H400,84196-22-5,"Aquatic Acute 1"
8257,H410,84196-22-5,"Aquatic Chronic 1"
8258,H341,85407-90-5,"Muta. 2"
8259,H302,85407-90-5,"Acute Tox. 4"
8260,H315,85407-90-5,"Skin Irrit. 2"
8261,H318,85407-90-5,"Eye Dam. 1"
8262,H341,94247-67-3,"Muta. 2"
8263,H302,94247-67-3,"Acute Tox. 4"
8264,H315,94247-67-3,"Skin Irrit. 2"
8265,H318,94247-67-3,"Eye Dam. 1"
8266,H412,92408-46-3,"Aquatic Chronic 3"
8267,H201,7456-68-0,"Expl. 1.1"
8268,H373,7456-68-0,"STOT RE 2"
8269,H400,7456-68-0,"Aquatic Acute 1"
8270,H410,7456-68-0,"Aquatic Chronic 1"
8271,H361f,221354-37-6,"Repr. 2"
8272,H373,221354-37-6,"STOT RE 2"
8273,H411,221354-37-6,"Aquatic Chronic 2"
8274,H319,243869-48-9,"Eye Irrit. 2"
8275,H412,243869-48-9,"Aquatic Chronic 3"
8276,H318,457624-86-1,"Eye Dam. 1"
8277,H318,508202-43-5,"Eye Dam. 1"
8278,H317,508202-43-5,"Skin Sens. 1"
8279,H412,508202-43-5,"Aquatic Chronic 3"
8280,H220,74-89-5,"Flam. Gas 1"
8281,H332,74-89-5,"Press. Gas"
8282,H335,74-89-5,"Acute Tox. 4"
8283,H315,74-89-5,"STOT SE 3"
8284,H318,74-89-5,"Skin Irrit. 2"
8285,H220,124-40-3,"Flam. Gas 1"
8286,H332,124-40-3,"Press. Gas"
8287,H335,124-40-3,"Acute Tox. 4"
8288,H315,124-40-3,"STOT SE 3"
8289,H318,124-40-3,"Skin Irrit. 2"
8290,H220,75-50-3,"Flam. Gas 1"
8291,H332,75-50-3,"Press. Gas"
8292,H335,75-50-3,"Acute Tox. 4"
8293,H315,75-50-3,"STOT SE 3"
8294,H318,75-50-3,"Skin Irrit. 2"
8295,H220,75-04-7,"Flam. Gas 1"
8296,H335,75-04-7,"Press. Gas"
8297,H319,75-04-7,"STOT SE 3"
8298,H225,109-89-7,"Flam. Liq. 2"
8299,H332,109-89-7,"Acute Tox. 4"
8300,H312,109-89-7,"Acute Tox. 4"
8301,H302,109-89-7,"Acute Tox. 4"
8302,H314,109-89-7,"Skin Corr. 1A"
8303,H225,121-44-8,"Flam. Liq. 2"
8304,H332,121-44-8,"Acute Tox. 4"
8305,H312,121-44-8,"Acute Tox. 4"
8306,H302,121-44-8,"Acute Tox. 4"
8307,H314,121-44-8,"Skin Corr. 1A"
8308,H225,109-73-9,"Flam. Liq. 2"
8309,H332,109-73-9,"Acute Tox. 4"
8310,H312,109-73-9,"Acute Tox. 4"
8311,H302,109-73-9,"Acute Tox. 4"
8312,H314,109-73-9,"Skin Corr. 1A"
8313,H226,107-15-3,"Flam. Liq. 3"
8314,H312,107-15-3,"Acute Tox. 4"
8315,H302,107-15-3,"Acute Tox. 4"
8316,H314,107-15-3,"Skin Corr. 1B"
8317,H334,107-15-3,"Resp. Sens. 1"
8318,H317,107-15-3,"Skin Sens. 1"
8319,H224,75-31-0,"Flam. Liq. 1"
8320,H335,75-31-0,"STOT SE 3"
8321,H315,75-31-0,"Skin Irrit. 2"
8322,H319,75-31-0,"Eye Irrit. 2"
8323,H351,62-53-3,"Carc. 2"
8324,H341,62-53-3,"Muta. 2"
8325,H331,62-53-3,"Acute Tox. 3"
8326,H311,62-53-3,"Acute Tox. 3"
8327,H301,62-53-3,"Acute Tox. 3"
8328,H372,62-53-3,"STOT RE 1"
8329,H318,62-53-3,"Eye Dam. 1"
8330,H317,62-53-3,"Skin Sens. 1"
8331,H400,62-53-3,"Aquatic Acute 1"
8332,H332,659-49-4,"Acute Tox. 4"
8333,H312,659-49-4,"Acute Tox. 4"
8334,H302,659-49-4,"Acute Tox. 4"
8335,H331,88-74-4,"Acute Tox. 3"
8336,H311,88-74-4,"Acute Tox. 3"
8337,H301,88-74-4,"Acute Tox. 3"
8338,H373,88-74-4,"STOT RE 2"
8339,H412,88-74-4,"Aquatic Chronic 3"
8340,H331,99-09-2,"Acute Tox. 3"
8341,H311,99-09-2,"Acute Tox. 3"
8342,H301,99-09-2,"Acute Tox. 3"
8343,H373,99-09-2,"STOT RE 2"
8344,H412,99-09-2,"Aquatic Chronic 3"
8345,H331,100-01-6,"Acute Tox. 3"
8346,H311,100-01-6,"Acute Tox. 3"
8347,H301,100-01-6,"Acute Tox. 3"
8348,H373,100-01-6,"STOT RE 2"
8349,H412,100-01-6,"Aquatic Chronic 3"
8350,H332,121-47-1,"Acute Tox. 4"
8351,H312,121-47-1,"Acute Tox. 4"
8352,H302,121-47-1,"Acute Tox. 4"
8353,H315,121-57-3,"Skin Irrit. 2"
8354,H319,121-57-3,"Eye Irrit. 2"
8355,H317,121-57-3,"Skin Sens. 1"
8356,H331,100-61-8,"Acute Tox. 3"
8357,H311,100-61-8,"Acute Tox. 3"
8358,H301,100-61-8,"Acute Tox. 3"
8359,H373,100-61-8,"STOT RE 2"
8360,H400,100-61-8,"Aquatic Acute 1"
8361,H410,100-61-8,"Aquatic Chronic 1"
8362,H351,121-69-7,"Carc. 2"
8363,H331,121-69-7,"Acute Tox. 3"
8364,H311,121-69-7,"Acute Tox. 3"
8365,H301,121-69-7,"Acute Tox. 3"
8366,H411,121-69-7,"Aquatic Chronic 2"
8367,H201,479-45-8,"Expl. 1.1"
8368,H331,479-45-8,"Acute Tox. 3"
8369,H311,479-45-8,"Acute Tox. 3"
8370,H301,479-45-8,"Acute Tox. 3"
8371,H373,479-45-8,"STOT RE 2"
8372,H201,131-73-7,"Expl. 1.1"
8373,H310,131-73-7,"Acute Tox. 1"
8374,H330,131-73-7,"Acute Tox. 2"
8375,H300,131-73-7,"Acute Tox. 2"
8376,H373,131-73-7,"STOT RE 2"
8377,H411,131-73-7,"Aquatic Chronic 2"
8378,H201,2844-92-0,"Expl. 1.1"
8379,H310,2844-92-0,"Acute Tox. 1"
8380,H330,2844-92-0,"Acute Tox. 2"
8381,H300,2844-92-0,"Acute Tox. 2"
8382,H373,2844-92-0,"STOT RE 2"
8383,H411,2844-92-0,"Aquatic Chronic 2"
8384,H302,134-32-7,"Acute Tox. 4"
8385,H411,134-32-7,"Aquatic Chronic 2"
8386,H350,91-59-8,"Carc. 1A"
8387,H302,91-59-8,"Acute Tox. 4"
8388,H411,91-59-8,"Aquatic Chronic 2"
8389,H350,100-63-0,"Carc. 1B"
8390,H341,100-63-0,"Muta. 2"
8391,H331,100-63-0,"Acute Tox. 3"
8392,H311,100-63-0,"Acute Tox. 3"
8393,H301,100-63-0,"Acute Tox. 3"
8394,H372,100-63-0,"STOT RE 1"
8395,H315,100-63-0,"Skin Irrit. 2"
8396,H319,100-63-0,"Eye Irrit. 2"
8397,H317,100-63-0,"Skin Sens. 1"
8398,H400,100-63-0,"Aquatic Acute 1"
8399,H350,59-88-1,"Carc. 1B"
8400,H341,59-88-1,"Muta. 2"
8401,H331,59-88-1,"Acute Tox. 3"
8402,H311,59-88-1,"Acute Tox. 3"
8403,H301,59-88-1,"Acute Tox. 3"
8404,H372,59-88-1,"STOT RE 1"
8405,H315,59-88-1,"Skin Irrit. 2"
8406,H319,59-88-1,"Eye Irrit. 2"
8407,H317,59-88-1,"Skin Sens. 1"
8408,H400,59-88-1,"Aquatic Acute 1"
8409,H350,27140-08-5,"Carc. 1B"
8410,H341,27140-08-5,"Muta. 2"
8411,H331,27140-08-5,"Acute Tox. 3"
8412,H311,27140-08-5,"Acute Tox. 3"
8413,H301,27140-08-5,"Acute Tox. 3"
8414,H372,27140-08-5,"STOT RE 1"
8415,H315,27140-08-5,"Skin Irrit. 2"
8416,H319,27140-08-5,"Eye Irrit. 2"
8417,H317,27140-08-5,"Skin Sens. 1"
8418,H400,27140-08-5,"Aquatic Acute 1"
8419,H350,52033-74-6,"Carc. 1B"
8420,H341,52033-74-6,"Muta. 2"
8421,H331,52033-74-6,"Acute Tox. 3"
8422,H311,52033-74-6,"Acute Tox. 3"
8423,H301,52033-74-6,"Acute Tox. 3"
8424,H372,52033-74-6,"STOT RE 1"
8425,H315,52033-74-6,"Skin Irrit. 2"
8426,H319,52033-74-6,"Eye Irrit. 2"
8427,H317,52033-74-6,"Skin Sens. 1"
8428,H400,52033-74-6,"Aquatic Acute 1"
8429,H331,108-44-1,"Acute Tox. 3"
8430,H311,108-44-1,"Acute Tox. 3"
8431,H301,108-44-1,"Acute Tox. 3"
8432,H373,108-44-1,"STOT RE 2"
8433,H400,108-44-1,"Aquatic Acute 1"
8434,H331,122-39-4,"Acute Tox. 3"
8435,H311,122-39-4,"Acute Tox. 3"
8436,H301,122-39-4,"Acute Tox. 3"
8437,H373,122-39-4,"STOT RE 2"
8438,H400,122-39-4,"Aquatic Acute 1"
8439,H410,122-39-4,"Aquatic Chronic 1"
8440,H331,106-50-3,"Acute Tox. 3"
8441,H311,106-50-3,"Acute Tox. 3"
8442,H301,106-50-3,"Acute Tox. 3"
8443,H319,106-50-3,"Eye Irrit. 2"
8444,H317,106-50-3,"Skin Sens. 1"
8445,H400,106-50-3,"Aquatic Acute 1"
8446,H410,106-50-3,"Aquatic Chronic 1"
8447,H331,624-18-0,"Acute Tox. 3"
8448,H311,624-18-0,"Acute Tox. 3"
8449,H301,624-18-0,"Acute Tox. 3"
8450,H319,624-18-0,"Eye Irrit. 2"
8451,H317,624-18-0,"Skin Sens. 1"
8452,H400,624-18-0,"Aquatic Acute 1"
8453,H410,624-18-0,"Aquatic Chronic 1"
8454,H301,615-50-9,"Acute Tox. 3"
8455,H332,615-50-9,"Acute Tox. 4"
8456,H312,615-50-9,"Acute Tox. 4"
8457,H317,615-50-9,"Skin Sens. 1"
8458,H411,615-50-9,"Aquatic Chronic 2"
8459,H301,6369-59-1,"Acute Tox. 3"
8460,H332,6369-59-1,"Acute Tox. 4"
8461,H312,6369-59-1,"Acute Tox. 4"
8462,H317,6369-59-1,"Skin Sens. 1"
8463,H411,6369-59-1,"Aquatic Chronic 2"
8464,H331,2836-04-6,"Acute Tox. 3"
8465,H311,2836-04-6,"Acute Tox. 3"
8466,H301,2836-04-6,"Acute Tox. 3"
8467,H331,99-98-9,"Acute Tox. 3"
8468,H311,99-98-9,"Acute Tox. 3"
8469,H301,99-98-9,"Acute Tox. 3"
8470,H332,100-22-1,"Acute Tox. 4"
8471,H312,100-22-1,"Acute Tox. 4"
8472,H302,100-22-1,"Acute Tox. 4"
8473,H341,95-55-6,"Muta. 2"
8474,H332,95-55-6,"Acute Tox. 4"
8475,H302,95-55-6,"Acute Tox. 4"
8476,H201,96-91-3,"Expl. 1.1"
8477,H332,96-91-3,"Acute Tox. 4"
8478,H312,96-91-3,"Acute Tox. 4"
8479,H302,96-91-3,"Acute Tox. 4"
8480,H412,96-91-3,"Aquatic Chronic 3"
8481,H350,90-04-0,"Carc. 1B"
8482,H341,90-04-0,"Muta. 2"
8483,H331,90-04-0,"Acute Tox. 3"
8484,H311,90-04-0,"Acute Tox. 3"
8485,H301,90-04-0,"Acute Tox. 3"
8486,H350,119-90-4,"Carc. 1B"
8487,H302,119-90-4,"Acute Tox. 4"
8488,H310,96-96-8,"Acute Tox. 1"
8489,H330,96-96-8,"Acute Tox. 2"
8490,H300,96-96-8,"Acute Tox. 2"
8491,H373,96-96-8,"STOT RE 2"
8492,H412,96-96-8,"Aquatic Chronic 3"
8493,H331,94-70-2,"Acute Tox. 3"
8494,H311,94-70-2,"Acute Tox. 3"
8495,H301,94-70-2,"Acute Tox. 3"
8496,H373,94-70-2,"STOT RE 2"
8497,H310,97-02-9,"Acute Tox. 1"
8498,H330,97-02-9,"Acute Tox. 2"
8499,H300,97-02-9,"Acute Tox. 2"
8500,H373,97-02-9,"STOT RE 2"
8501,H411,97-02-9,"Aquatic Chronic 2"
8502,H350,119-93-7,"Carc. 1B"
8503,H302,119-93-7,"Acute Tox. 4"
8504,H411,119-93-7,"Aquatic Chronic 2"
8505,H350,92-87-5,"Carc. 1A"
8506,H302,92-87-5,"Acute Tox. 4"
8507,H400,92-87-5,"Aquatic Acute 1"
8508,H410,92-87-5,"Aquatic Chronic 1"
8509,H332,2810-74-4,"Acute Tox. 4"
8510,H312,2810-74-4,"Acute Tox. 4"
8511,H302,2810-74-4,"Acute Tox. 4"
8512,H350,613-35-4,"Carc. 1B"
8513,H341,613-35-4,"Muta. 2"
8514,H332,613-35-4,"Acute Tox. 4"
8515,H312,613-35-4,"Acute Tox. 4"
8516,H302,613-35-4,"Acute Tox. 4"
8517,H225,107-11-9,"Flam. Liq. 2"
8518,H331,107-11-9,"Acute Tox. 3"
8519,H311,107-11-9,"Acute Tox. 3"
8520,H301,107-11-9,"Acute Tox. 3"
8521,H411,107-11-9,"Aquatic Chronic 2"
8522,H312,100-46-9,"Acute Tox. 4"
8523,H302,100-46-9,"Acute Tox. 4"
8524,H314,100-46-9,"Skin Corr. 1B"
8525,H225,142-84-7,"Flam. Liq. 2"
8526,H332,142-84-7,"Acute Tox. 4"
8527,H312,142-84-7,"Acute Tox. 4"
8528,H302,142-84-7,"Acute Tox. 4"
8529,H314,142-84-7,"Skin Corr. 1A"
8530,H226,111-92-2,"Flam. Liq. 3"
8531,H332,111-92-2,"Acute Tox. 4"
8532,H312,111-92-2,"Acute Tox. 4"
8533,H302,111-92-2,"Acute Tox. 4"
8534,H226,626-23-3,"Flam. Liq. 3"
8535,H332,626-23-3,"Acute Tox. 4"
8536,H312,626-23-3,"Acute Tox. 4"
8537,H302,626-23-3,"Acute Tox. 4"
8538,H226,108-91-8,"Flam. Liq. 3"
8539,H361f,108-91-8,"Repr. 2"
8540,H312,108-91-8,"Acute Tox. 4"
8541,H302,108-91-8,"Acute Tox. 4"
8542,H314,108-91-8,"Skin Corr. 1B"
8543,H350,101-77-9,"Carc. 1B"
8544,H341,101-77-9,"Muta. 2"
8545,H370,101-77-9,"STOT SE 1"
8546,H373,101-77-9,"STOT RE 2"
8547,H317,101-77-9,"Skin Sens. 1"
8548,H411,101-77-9,"Aquatic Chronic 2"
8549,H225,513-49-5,"Flam. Liq. 2"
8550,H332,513-49-5,"Acute Tox. 4"
8551,H302,513-49-5,"Acute Tox. 4"
8552,H314,513-49-5,"Skin Corr. 1A"
8553,H400,513-49-5,"Aquatic Acute 1"
8554,H225,13250-12-9,"Flam. Liq. 2"
8555,H332,13250-12-9,"Acute Tox. 4"
8556,H302,13250-12-9,"Acute Tox. 4"
8557,H314,13250-12-9,"Skin Corr. 1A"
8558,H400,13250-12-9,"Aquatic Acute 1"
8559,H225,13952-84-6,"Flam. Liq. 2"
8560,H332,13952-84-6,"Acute Tox. 4"
8561,H302,13952-84-6,"Acute Tox. 4"
8562,H314,13952-84-6,"Skin Corr. 1A"
8563,H400,13952-84-6,"Aquatic Acute 1"
8564,H331,103-69-5,"Acute Tox. 3"
8565,H311,103-69-5,"Acute Tox. 3"
8566,H301,103-69-5,"Acute Tox. 3"
8567,H373,103-69-5,"STOT RE 2"
8568,H331,91-66-7,"Acute Tox. 3"
8569,H311,91-66-7,"Acute Tox. 3"
8570,H301,91-66-7,"Acute Tox. 3"
8571,H373,91-66-7,"STOT RE 2"
8572,H411,91-66-7,"Aquatic Chronic 2"
8573,H331,611-21-2,"Acute Tox. 3"
8574,H311,611-21-2,"Acute Tox. 3"
8575,H301,611-21-2,"Acute Tox. 3"
8576,H373,611-21-2,"STOT RE 2"
8577,H412,611-21-2,"Aquatic Chronic 3"
8578,H331,696-44-6,"Acute Tox. 3"
8579,H311,696-44-6,"Acute Tox. 3"
8580,H301,696-44-6,"Acute Tox. 3"
8581,H373,696-44-6,"STOT RE 2"
8582,H412,696-44-6,"Aquatic Chronic 3"
8583,H331,623-08-5,"Acute Tox. 3"
8584,H311,623-08-5,"Acute Tox. 3"
8585,H301,623-08-5,"Acute Tox. 3"
8586,H373,623-08-5,"STOT RE 2"
8587,H412,623-08-5,"Aquatic Chronic 3"
8588,H331,99-97-8,"Acute Tox. 3"
8589,H311,99-97-8,"Acute Tox. 3"
8590,H301,99-97-8,"Acute Tox. 3"
8591,H373,99-97-8,"STOT RE 2"
8592,H412,99-97-8,"Aquatic Chronic 3"
8593,H331,121-72-2,"Acute Tox. 3"
8594,H311,121-72-2,"Acute Tox. 3"
8595,H301,121-72-2,"Acute Tox. 3"
8596,H373,121-72-2,"STOT RE 2"
8597,H412,121-72-2,"Aquatic Chronic 3"
8598,H331,609-72-3,"Acute Tox. 3"
8599,H311,609-72-3,"Acute Tox. 3"
8600,H301,609-72-3,"Acute Tox. 3"
8601,H373,609-72-3,"STOT RE 2"
8602,H412,609-72-3,"Aquatic Chronic 3"
8603,H361fd,110-85-0,"Repr. 2"
8604,H314,110-85-0,"Skin Corr. 1B"
8605,H334,110-85-0,"Resp. Sens. 1"
8606,H317,110-85-0,"Skin Sens. 1"
8607,H312,111-40-0,"Acute Tox. 4"
8608,H302,111-40-0,"Acute Tox. 4"
8609,H314,111-40-0,"Skin Corr. 1B"
8610,H317,111-40-0,"Skin Sens. 1"
8611,H312,112-24-3,"Acute Tox. 4"
8612,H314,112-24-3,"Skin Corr. 1B"
8613,H317,112-24-3,"Skin Sens. 1"
8614,H412,112-24-3,"Aquatic Chronic 3"
8615,H312,112-57-2,"Acute Tox. 4"
8616,H302,112-57-2,"Acute Tox. 4"
8617,H314,112-57-2,"Skin Corr. 1B"
8618,H317,112-57-2,"Skin Sens. 1"
8619,H411,112-57-2,"Aquatic Chronic 2"
8620,H226,109-55-7,"Flam. Liq. 3"
8621,H302,109-55-7,"Acute Tox. 4"
8622,H314,109-55-7,"Skin Corr. 1B"
8623,H317,109-55-7,"Skin Sens. 1"
8624,H226,104-78-9,"Flam. Liq. 3"
8625,H312,104-78-9,"Acute Tox. 4"
8626,H302,104-78-9,"Acute Tox. 4"
8627,H314,104-78-9,"Skin Corr. 1B"
8628,H317,104-78-9,"Skin Sens. 1"
8629,H330,56-18-8,"Acute Tox. 2"
8630,H311,56-18-8,"Acute Tox. 3"
8631,H302,56-18-8,"Acute Tox. 4"
8632,H314,56-18-8,"Skin Corr. 1A"
8633,H317,56-18-8,"Skin Sens. 1"
8634,H314,4067-16-7,"Skin Corr. 1B"
8635,H317,4067-16-7,"Skin Sens. 1"
8636,H400,4067-16-7,"Aquatic Acute 1"
8637,H410,4067-16-7,"Aquatic Chronic 1"
8638,H302,101-83-7,"Acute Tox. 4"
8639,H314,101-83-7,"Skin Corr. 1B"
8640,H400,101-83-7,"Aquatic Acute 1"
8641,H410,101-83-7,"Aquatic Chronic 1"
8642,H312,2855-13-2,"Acute Tox. 4"
8643,H302,2855-13-2,"Acute Tox. 4"
8644,H314,2855-13-2,"Skin Corr. 1B"
8645,H317,2855-13-2,"Skin Sens. 1"
8646,H412,2855-13-2,"Aquatic Chronic 3"
8647,H350,91-94-1,"Carc. 1B"
8648,H312,91-94-1,"Acute Tox. 4"
8649,H317,91-94-1,"Skin Sens. 1"
8650,H400,91-94-1,"Aquatic Acute 1"
8651,H410,91-94-1,"Aquatic Chronic 1"
8652,H350,531-85-1,"Carc. 1A"
8653,H302,531-85-1,"Acute Tox. 4"
8654,H400,531-85-1,"Aquatic Acute 1"
8655,H410,531-85-1,"Aquatic Chronic 1"
8656,H350,531-86-2,"Carc. 1A"
8657,H302,531-86-2,"Acute Tox. 4"
8658,H400,531-86-2,"Aquatic Acute 1"
8659,H410,531-86-2,"Aquatic Chronic 1"
8660,H350,21136-70-9,"Carc. 1A"
8661,H302,21136-70-9,"Acute Tox. 4"
8662,H400,21136-70-9,"Aquatic Acute 1"
8663,H410,21136-70-9,"Aquatic Chronic 1"
8664,H350,36341-27-2,"Carc. 1A"
8665,H302,36341-27-2,"Acute Tox. 4"
8666,H400,36341-27-2,"Aquatic Acute 1"
8667,H410,36341-27-2,"Aquatic Chronic 1"
8668,H350,553-00-4,"Carc. 1A"
8669,H302,553-00-4,"Acute Tox. 4"
8670,H411,553-00-4,"Aquatic Chronic 2"
8671,H350,612-52-2,"Carc. 1A"
8672,H302,612-52-2,"Acute Tox. 4"
8673,H411,612-52-2,"Aquatic Chronic 2"
8674,H350,92-67-1,"Carc. 1A"
8675,H302,92-67-1,"Acute Tox. 4"
8676,H226,103-83-3,"Flam. Liq. 3"
8677,H332,103-83-3,"Acute Tox. 4"
8678,H312,103-83-3,"Acute Tox. 4"
8679,H302,103-83-3,"Acute Tox. 4"
8680,H314,103-83-3,"Skin Corr. 1B"
8681,H412,103-83-3,"Aquatic Chronic 3"
8682,H225,108-00-9,"Flam. Liq. 2"
8683,H312,108-00-9,"Acute Tox. 4"
8684,H302,108-00-9,"Acute Tox. 4"
8685,H314,108-00-9,"Skin Corr. 1A"
8686,H225,598-56-1,"Flam. Liq. 2"
8687,H332,598-56-1,"Acute Tox. 4"
8688,H302,598-56-1,"Acute Tox. 4"
8689,H314,598-56-1,"Skin Corr. 1B"
8690,H350,62-75-9,"Carc. 1B"
8691,H330,62-75-9,"Acute Tox. 2"
8692,H301,62-75-9,"Acute Tox. 3"
8693,H372,62-75-9,"STOT RE 1"
8694,H411,62-75-9,"Aquatic Chronic 2"
8695,H350,101-14-4,"Carc. 1B"
8696,H302,101-14-4,"Acute Tox. 4"
8697,H400,101-14-4,"Aquatic Acute 1"
8698,H410,101-14-4,"Aquatic Chronic 1"
8699,H301,93-05-0,"Acute Tox. 3"
8700,H314,93-05-0,"Skin Corr. 1B"
8701,H350,612-82-8,"Carc. 1B"
8702,H302,612-82-8,"Acute Tox. 4"
8703,H411,612-82-8,"Aquatic Chronic 2"
8704,H350,64969-36-4,"Carc. 1B"
8705,H302,64969-36-4,"Acute Tox. 4"
8706,H411,64969-36-4,"Aquatic Chronic 2"
8707,H350,74753-18-7,"Carc. 1B"
8708,H302,74753-18-7,"Acute Tox. 4"
8709,H411,74753-18-7,"Aquatic Chronic 2"
8710,H351,62-56-6,"Carc. 2"
8711,H361d,62-56-6,"Repr. 2"
8712,H302,62-56-6,"Acute Tox. 4"
8713,H411,62-56-6,"Aquatic Chronic 2"
8714,H350,70-25-7,"Carc. 1B"
8715,H332,70-25-7,"Acute Tox. 4"
8716,H315,70-25-7,"Skin Irrit. 2"
8717,H319,70-25-7,"Eye Irrit. 2"
8718,H411,70-25-7,"Aquatic Chronic 2"
8719,H302,80-08-0,"Acute Tox. 4"
8720,H350,838-88-0,"Carc. 1B"
8721,H302,838-88-0,"Acute Tox. 4"
8722,H317,838-88-0,"Skin Sens. 1"
8723,H400,838-88-0,"Aquatic Acute 1"
8724,H410,838-88-0,"Aquatic Chronic 1"
8725,H302,33089-61-1,"Acute Tox. 4"
8726,H373,33089-61-1,"STOT RE 2"
8727,H317,33089-61-1,"Skin Sens. 1"
8728,H400,33089-61-1,"Aquatic Acute 1"
8729,H410,33089-61-1,"Aquatic Chronic 1"
8730,H330,108173-90-6,"Acute Tox. 2"
8731,H312,108173-90-6,"Acute Tox. 4"
8732,H302,108173-90-6,"Acute Tox. 4"
8733,H335,108173-90-6,"STOT SE 3"
8734,H315,108173-90-6,"Skin Irrit. 2"
8735,H318,108173-90-6,"Eye Dam. 1"
8736,H400,108173-90-6,"Aquatic Acute 1"
8737,H410,108173-90-6,"Aquatic Chronic 1"
8738,H351,122-34-9,"Carc. 2"
8739,H400,122-34-9,"Aquatic Acute 1"
8740,H410,122-34-9,"Aquatic Chronic 1"
8741,H351,2243-62-1,"Carc. 2"
8742,H400,2243-62-1,"Aquatic Acute 1"
8743,H410,2243-62-1,"Aquatic Chronic 1"
8744,H350,1116-54-7,"Carc. 1B"
8745,H350,95-53-4,"Carc. 1B"
8746,H331,95-53-4,"Acute Tox. 3"
8747,H301,95-53-4,"Acute Tox. 3"
8748,H319,95-53-4,"Eye Irrit. 2"
8749,H400,95-53-4,"Aquatic Acute 1"
8750,H315,1000-78-8,"Skin Irrit. 2"
8751,H317,1000-78-8,"Skin Sens. 1"
8752,H302,104147-32-2,"Acute Tox. 4"
8753,H400,104147-32-2,"Aquatic Acute 1"
8754,H410,104147-32-2,"Aquatic Chronic 1"
8755,H302,113674-95-6,"Acute Tox. 4"
8756,H372,113674-95-6,"STOT RE 1"
8757,H373,113674-95-6,"STOT RE 2"
8758,H318,113674-95-6,"Eye Dam. 1"
8759,H317,113674-95-6,"Skin Sens. 1"
8760,H400,113674-95-6,"Aquatic Acute 1"
8761,H410,113674-95-6,"Aquatic Chronic 1"
8762,H302,113694-52-3,"Acute Tox. 4"
8763,H314,113694-52-3,"Skin Corr. 1B"
8764,H400,113694-52-3,"Aquatic Acute 1"
8765,H410,113694-52-3,"Aquatic Chronic 1"
8766,H351,492-80-8,"Carc. 2"
8767,H302,492-80-8,"Acute Tox. 4"
8768,H319,492-80-8,"Eye Irrit. 2"
8769,H411,492-80-8,"Aquatic Chronic 2"
8770,H350,621-64-7,"Carc. 1B"
8771,H302,621-64-7,"Acute Tox. 4"
8772,H411,621-64-7,"Aquatic Chronic 2"
8773,H350,95-80-7,"Carc. 1B"
8774,H341,95-80-7,"Muta. 2"
8775,H361f,95-80-7,"Repr. 2"
8776,H301,95-80-7,"Acute Tox. 3"
8777,H312,95-80-7,"Acute Tox. 4"
8778,H373,95-80-7,"STOT RE 2"
8779,H317,95-80-7,"Skin Sens. 1"
8780,H411,95-80-7,"Aquatic Chronic 2"
8781,H226,78-90-0,"Flam. Liq. 3"
8782,H312,78-90-0,"Acute Tox. 4"
8783,H302,78-90-0,"Acute Tox. 4"
8784,H314,78-90-0,"Skin Corr. 1A"
8785,H228,100-97-0,"Flam. Sol. 2"
8786,H317,100-97-0,"Skin Sens. 1"
8787,H331,105-83-9,"Acute Tox. 3"
8788,H311,105-83-9,"Acute Tox. 3"
8789,H302,105-83-9,"Acute Tox. 4"
8790,H314,105-83-9,"Skin Corr. 1B"
8791,H225,110-18-9,"Flam. Liq. 2"
8792,H332,110-18-9,"Acute Tox. 4"
8793,H302,110-18-9,"Acute Tox. 4"
8794,H314,110-18-9,"Skin Corr. 1B"
8795,H312,124-09-4,"Acute Tox. 4"
8796,H302,124-09-4,"Acute Tox. 4"
8797,H335,124-09-4,"STOT SE 3"
8798,H314,124-09-4,"Skin Corr. 1B"
8799,H312,140-31-8,"Acute Tox. 4"
8800,H302,140-31-8,"Acute Tox. 4"
8801,H314,140-31-8,"Skin Corr. 1B"
8802,H317,140-31-8,"Skin Sens. 1"
8803,H412,140-31-8,"Aquatic Chronic 3"
8804,H312,98-84-0,"Acute Tox. 4"
8805,H302,98-84-0,"Acute Tox. 4"
8806,H314,98-84-0,"Skin Corr. 1B"
8807,H312,618-36-0,"Acute Tox. 4"
8808,H302,618-36-0,"Acute Tox. 4"
8809,H314,618-36-0,"Skin Corr. 1B"
8810,H302,919-30-2,"Acute Tox. 4"
8811,H314,919-30-2,"Skin Corr. 1B"
8812,H311,3030-47-5,"Acute Tox. 3"
8813,H302,3030-47-5,"Acute Tox. 4"
8814,H314,3030-47-5,"Skin Corr. 1B"
8815,H331,6864-37-5,"Acute Tox. 3"
8816,H311,6864-37-5,"Acute Tox. 3"
8817,H302,6864-37-5,"Acute Tox. 4"
8818,H314,6864-37-5,"Skin Corr. 1A"
8819,H411,6864-37-5,"Aquatic Chronic 2"
8820,H341,823-40-5,"Muta. 2"
8821,H312,823-40-5,"Acute Tox. 4"
8822,H302,823-40-5,"Acute Tox. 4"
8823,H317,823-40-5,"Skin Sens. 1"
8824,H411,823-40-5,"Aquatic Chronic 2"
8825,H310,104-94-9,"Acute Tox. 1"
8826,H330,104-94-9,"Acute Tox. 2"
8827,H300,104-94-9,"Acute Tox. 2"
8828,H373,104-94-9,"STOT RE 2"
8829,H400,104-94-9,"Aquatic Acute 1"
8830,H302,106264-79-3,"Acute Tox. 4"
8831,H317,106264-79-3,"Skin Sens. 1"
8832,H400,106264-79-3,"Aquatic Acute 1"
8833,H410,106264-79-3,"Aquatic Chronic 1"
8834,H319,123312-54-9,"Eye Irrit. 2"
8835,H413,123312-54-9,"Aquatic Chronic 4"
8836,H331,68132-19-4,"Acute Tox. 3"
8837,H314,68132-19-4,"Skin Corr. 1B"
8838,H317,68132-19-4,"Skin Sens. 1"
8839,H400,68132-19-4,"Aquatic Acute 1"
8840,H410,68132-19-4,"Aquatic Chronic 1"
8841,H302,119415-07-5,"Acute Tox. 4"
8842,H314,119415-07-5,"Skin Corr. 1B"
8843,H411,119415-07-5,"Aquatic Chronic 2"
8844,H351,74070-46-5,"Carc. 2"
8845,H317,74070-46-5,"Skin Sens. 1A"
8846,H400,74070-46-5,"Aquatic Acute 1"
8847,H410,74070-46-5,"Aquatic Chronic 1"
8848,H312,68131-73-7,"Acute Tox. 4"
8849,H302,68131-73-7,"Acute Tox. 4"
8850,H314,68131-73-7,"Skin Corr. 1B"
8851,H317,68131-73-7,"Skin Sens. 1"
8852,H400,68131-73-7,"Aquatic Acute 1"
8853,H410,68131-73-7,"Aquatic Chronic 1"
8854,H200,7803-49-8,"Unst. Expl."
8855,H290,7803-49-8,"Met. Corr. 1"
8856,H351,7803-49-8,"Carc. 2"
8857,H312,7803-49-8,"Acute Tox. 4"
8858,H302,7803-49-8,"Acute Tox. 4"
8859,H335,7803-49-8,"STOT SE 3"
8860,H373,7803-49-8,"STOT RE 2"
8861,H315,7803-49-8,"Skin Irrit. 2"
8862,H318,7803-49-8,"Eye Dam. 1"
8863,H317,7803-49-8,"Skin Sens. 1"
8864,H400,7803-49-8,"Aquatic Acute 1"
8865,H290,5470-11-1,"Met. Corr. 1"
8866,H351,5470-11-1,"Carc. 2"
8867,H312,5470-11-1,"Acute Tox. 4"
8868,H302,5470-11-1,"Acute Tox. 4"
8869,H373,5470-11-1,"STOT RE 2"
8870,H315,5470-11-1,"Skin Irrit. 2"
8871,H319,5470-11-1,"Eye Irrit. 2"
8872,H317,5470-11-1,"Skin Sens. 1"
8873,H400,5470-11-1,"Aquatic Acute 1"
8874,H290,10039-54-0,"Met. Corr. 1"
8875,H351,10039-54-0,"Carc. 2"
8876,H312,10039-54-0,"Acute Tox. 4"
8877,H302,10039-54-0,"Acute Tox. 4"
8878,H373,10039-54-0,"STOT RE 2"
8879,H315,10039-54-0,"Skin Irrit. 2"
8880,H319,10039-54-0,"Eye Irrit. 2"
8881,H317,10039-54-0,"Skin Sens. 1"
8882,H400,10039-54-0,"Aquatic Acute 1"
8883,H311,138-24-9,"Acute Tox. 3"
8884,H301,138-24-9,"Acute Tox. 3"
8885,H301,95-70-5,"Acute Tox. 3"
8886,H332,95-70-5,"Acute Tox. 4"
8887,H312,95-70-5,"Acute Tox. 4"
8888,H317,95-70-5,"Skin Sens. 1"
8889,H411,95-70-5,"Aquatic Chronic 2"
8890,H350,65321-67-7,"Carc. 1B"
8891,H301,65321-67-7,"Acute Tox. 3"
8892,H312,65321-67-7,"Acute Tox. 4"
8893,H319,65321-67-7,"Eye Irrit. 2"
8894,H317,65321-67-7,"Skin Sens. 1"
8895,H411,65321-67-7,"Aquatic Chronic 2"
8896,H332,591-27-5,"Acute Tox. 4"
8897,H302,591-27-5,"Acute Tox. 4"
8898,H411,591-27-5,"Aquatic Chronic 2"
8899,H341,123-30-8,"Muta. 2"
8900,H332,123-30-8,"Acute Tox. 4"
8901,H302,123-30-8,"Acute Tox. 4"
8902,H400,123-30-8,"Aquatic Acute 1"
8903,H410,123-30-8,"Aquatic Chronic 1"
8904,H225,108-18-9,"Flam. Liq. 2"
8905,H332,108-18-9,"Acute Tox. 4"
8906,H302,108-18-9,"Acute Tox. 4"
8907,H314,108-18-9,"Skin Corr. 1B"
8908,H312,2095-01-4,"Acute Tox. 4"
8909,H302,2095-01-4,"Acute Tox. 4"
8910,H373,2095-01-4,"STOT RE 2"
8911,H319,2095-01-4,"Eye Irrit. 2"
8912,H400,2095-01-4,"Aquatic Acute 1"
8913,H410,2095-01-4,"Aquatic Chronic 1"
8914,H312,2095-02-5,"Acute Tox. 4"
8915,H302,2095-02-5,"Acute Tox. 4"
8916,H373,2095-02-5,"STOT RE 2"
8917,H319,2095-02-5,"Eye Irrit. 2"
8918,H400,2095-02-5,"Aquatic Acute 1"
8919,H410,2095-02-5,"Aquatic Chronic 1"
8920,H312,68479-98-1,"Acute Tox. 4"
8921,H302,68479-98-1,"Acute Tox. 4"
8922,H373,68479-98-1,"STOT RE 2"
8923,H319,68479-98-1,"Eye Irrit. 2"
8924,H400,68479-98-1,"Aquatic Acute 1"
8925,H410,68479-98-1,"Aquatic Chronic 1"
8926,H302,7173-51-5,"Acute Tox. 4"
8927,H314,7173-51-5,"Skin Corr. 1B"
8928,H317,74-31-7,"Skin Sens. 1"
8929,H412,74-31-7,"Aquatic Chronic 3"
8930,H301,25646-77-9,"Acute Tox. 3"
8931,H373,25646-77-9,"STOT RE 2"
8932,H317,25646-77-9,"Skin Sens. 1"
8933,H400,25646-77-9,"Aquatic Acute 1"
8934,H410,25646-77-9,"Aquatic Chronic 1"
8935,H302,25646-71-3,"Acute Tox. 4"
8936,H317,25646-71-3,"Skin Sens. 1"
8937,H400,25646-71-3,"Aquatic Acute 1"
8938,H410,25646-71-3,"Aquatic Chronic 1"
8939,H351,135-88-6,"Carc. 2"
8940,H315,135-88-6,"Skin Irrit. 2"
8941,H319,135-88-6,"Eye Irrit. 2"
8942,H317,135-88-6,"Skin Sens. 1"
8943,H411,135-88-6,"Aquatic Chronic 2"
8944,H302,101-72-4,"Acute Tox. 4"
8945,H317,101-72-4,"Skin Sens. 1"
8946,H400,101-72-4,"Aquatic Acute 1"
8947,H410,101-72-4,"Aquatic Chronic 1"
8948,H350,106-47-8,"Carc. 1B"
8949,H331,106-47-8,"Acute Tox. 3"
8950,H311,106-47-8,"Acute Tox. 3"
8951,H301,106-47-8,"Acute Tox. 3"
8952,H317,106-47-8,"Skin Sens. 1"
8953,H400,106-47-8,"Aquatic Acute 1"
8954,H410,106-47-8,"Aquatic Chronic 1"
8955,H302,57646-30-7,"Acute Tox. 4"
8956,H412,57646-30-7,"Aquatic Chronic 3"
8957,H411,73250-68-7,"Aquatic Chronic 2"
8958,H312,63449-41-2,"Acute Tox. 4"
8959,H302,63449-41-2,"Acute Tox. 4"
8960,H314,63449-41-2,"Skin Corr. 1B"
8961,H400,63449-41-2,"Aquatic Acute 1"
8962,H351,19900-65-3,"Carc. 2"
8963,H302,19900-65-3,"Acute Tox. 4"
8964,H400,19900-65-3,"Aquatic Acute 1"
8965,H410,19900-65-3,"Aquatic Chronic 1"
8966,H351,90-41-5,"Carc. 2"
8967,H302,90-41-5,"Acute Tox. 4"
8968,H412,90-41-5,"Aquatic Chronic 3"
8969,H301,2051-79-8,"Acute Tox. 3"
8970,H319,2051-79-8,"Eye Irrit. 2"
8971,H317,2051-79-8,"Skin Sens. 1"
8972,H400,2051-79-8,"Aquatic Acute 1"
8973,H410,2051-79-8,"Aquatic Chronic 1"
8974,H315,62924-70-3,"Skin Irrit. 2"
8975,H319,62924-70-3,"Eye Irrit. 2"
8976,H317,62924-70-3,"Skin Sens. 1"
8977,H400,62924-70-3,"Aquatic Acute 1"
8978,H410,62924-70-3,"Aquatic Chronic 1"
8979,H351,95-54-5,"Carc. 2"
8980,H341,95-54-5,"Muta. 2"
8981,H301,95-54-5,"Acute Tox. 3"
8982,H332,95-54-5,"Acute Tox. 4"
8983,H312,95-54-5,"Acute Tox. 4"
8984,H319,95-54-5,"Eye Irrit. 2"
8985,H317,95-54-5,"Skin Sens. 1"
8986,H400,95-54-5,"Aquatic Acute 1"
8987,H410,95-54-5,"Aquatic Chronic 1"
8988,H351,615-28-1,"Carc. 2"
8989,H341,615-28-1,"Muta. 2"
8990,H301,615-28-1,"Acute Tox. 3"
8991,H332,615-28-1,"Acute Tox. 4"
8992,H312,615-28-1,"Acute Tox. 4"
8993,H319,615-28-1,"Eye Irrit. 2"
8994,H317,615-28-1,"Skin Sens. 1"
8995,H400,615-28-1,"Aquatic Acute 1"
8996,H410,615-28-1,"Aquatic Chronic 1"
8997,H341,108-45-2,"Muta. 2"
8998,H331,108-45-2,"Acute Tox. 3"
8999,H311,108-45-2,"Acute Tox. 3"
9000,H301,108-45-2,"Acute Tox. 3"
9001,H319,108-45-2,"Eye Irrit. 2"
9002,H317,108-45-2,"Skin Sens. 1"
9003,H400,108-45-2,"Aquatic Acute 1"
9004,H410,108-45-2,"Aquatic Chronic 1"
9005,H341,541-69-5,"Muta. 2"
9006,H331,541-69-5,"Acute Tox. 3"
9007,H311,541-69-5,"Acute Tox. 3"
9008,H301,541-69-5,"Acute Tox. 3"
9009,H319,541-69-5,"Eye Irrit. 2"
9010,H317,541-69-5,"Skin Sens. 1"
9011,H400,541-69-5,"Aquatic Acute 1"
9012,H410,541-69-5,"Aquatic Chronic 1"
9013,H361f,102-06-7,"Repr. 2"
9014,H302,102-06-7,"Acute Tox. 4"
9015,H335,102-06-7,"STOT SE 3"
9016,H315,102-06-7,"Skin Irrit. 2"
9017,H319,102-06-7,"Eye Irrit. 2"
9018,H411,102-06-7,"Aquatic Chronic 2"
9019,H361d,118134-30-8,"Repr. 2"
9020,H332,118134-30-8,"Acute Tox. 4"
9021,H312,118134-30-8,"Acute Tox. 4"
9022,H302,118134-30-8,"Acute Tox. 4"
9023,H373,118134-30-8,"STOT RE 2"
9024,H315,118134-30-8,"Skin Irrit. 2"
9025,H317,118134-30-8,"Skin Sens. 1"
9026,H400,118134-30-8,"Aquatic Acute 1"
9027,H410,118134-30-8,"Aquatic Chronic 1"
9028,H226,62478-82-4,"Flam. Liq. 3"
9029,H332,62478-82-4,"Acute Tox. 4"
9030,H302,62478-82-4,"Acute Tox. 4"
9031,H373,62478-82-4,"STOT RE 2"
9032,H314,62478-82-4,"Skin Corr. 1A"
9033,H412,62478-82-4,"Aquatic Chronic 3"
9034,H302,132885-85-9,"Acute Tox. 4"
9035,H317,132885-85-9,"Skin Sens. 1"
9036,H412,132885-85-9,"Aquatic Chronic 3"
9037,H351,106-49-0,"Carc. 2"
9038,H331,106-49-0,"Acute Tox. 3"
9039,H311,106-49-0,"Acute Tox. 3"
9040,H301,106-49-0,"Acute Tox. 3"
9041,H319,106-49-0,"Eye Irrit. 2"
9042,H317,106-49-0,"Skin Sens. 1"
9043,H400,106-49-0,"Aquatic Acute 1"
9044,H351,540-23-8,"Carc. 2"
9045,H331,540-23-8,"Acute Tox. 3"
9046,H311,540-23-8,"Acute Tox. 3"
9047,H301,540-23-8,"Acute Tox. 3"
9048,H319,540-23-8,"Eye Irrit. 2"
9049,H317,540-23-8,"Skin Sens. 1"
9050,H400,540-23-8,"Aquatic Acute 1"
9051,H351,540-25-0,"Carc. 2"
9052,H331,540-25-0,"Acute Tox. 3"
9053,H311,540-25-0,"Acute Tox. 3"
9054,H301,540-25-0,"Acute Tox. 3"
9055,H319,540-25-0,"Eye Irrit. 2"
9056,H317,540-25-0,"Skin Sens. 1"
9057,H400,540-25-0,"Aquatic Acute 1"
9058,H351,87-62-7,"Carc. 2"
9059,H332,87-62-7,"Acute Tox. 4"
9060,H312,87-62-7,"Acute Tox. 4"
9061,H302,87-62-7,"Acute Tox. 4"
9062,H335,87-62-7,"STOT SE 3"
9063,H315,87-62-7,"Skin Irrit. 2"
9064,H411,87-62-7,"Aquatic Chronic 2"
9065,H318,107-64-2,"Eye Dam. 1"
9066,H400,107-64-2,"Aquatic Acute 1"
9067,H410,107-64-2,"Aquatic Chronic 1"
9068,H302,70630-17-0,"Acute Tox. 4"
9069,H318,70630-17-0,"Eye Dam. 1"
9070,H312,137605-95-9,"Acute Tox. 4"
9071,H302,137605-95-9,"Acute Tox. 4"
9072,H373,137605-95-9,"STOT RE 2"
9073,H314,137605-95-9,"Skin Corr. 1B"
9074,H317,137605-95-9,"Skin Sens. 1"
9075,H412,137605-95-9,"Aquatic Chronic 3"
9076,H411,65181-78-4,"Aquatic Chronic 2"
9077,H318,114765-88-7,"Eye Dam. 1"
9078,H317,114765-88-7,"Skin Sens. 1"
9079,H412,114765-88-7,"Aquatic Chronic 3"
9080,H312,2840-00-8,"Acute Tox. 4"
9081,H302,2840-00-8,"Acute Tox. 4"
9082,H411,2840-00-8,"Aquatic Chronic 2"
9083,H225,618-26-8,"Flam. Liq. 2"
9084,H302,618-26-8,"Acute Tox. 4"
9085,H372,618-26-8,"STOT RE 1"
9086,H318,618-26-8,"Eye Dam. 1"
9087,H317,618-26-8,"Skin Sens. 1"
9088,H400,618-26-8,"Aquatic Acute 1"
9089,H410,618-26-8,"Aquatic Chronic 1"
9090,H341,130728-76-6,"Muta. 2"
9091,H317,130728-76-6,"Skin Sens. 1"
9092,H411,130728-76-6,"Aquatic Chronic 2"
9093,H302,13474-64-1,"Acute Tox. 4"
9094,H373,13474-64-1,"STOT RE 2"
9095,H314,13474-64-1,"Skin Corr. 1A"
9096,H412,13474-64-1,"Aquatic Chronic 3"
9097,H318,125328-86-1,"Eye Dam. 1"
9098,H317,125328-86-1,"Skin Sens. 1"
9099,H411,125328-86-1,"Aquatic Chronic 2"
9100,H302,19060-15-2,"Acute Tox. 4"
9101,H314,19060-15-2,"Skin Corr. 1B"
9102,H317,19060-15-2,"Skin Sens. 1"
9103,H412,19060-15-2,"Aquatic Chronic 3"
9104,H317,37866-45-8,"Skin Sens. 1"
9105,H412,37866-45-8,"Aquatic Chronic 3"
9106,H400,143747-73-3,"Aquatic Acute 1"
9107,H410,143747-73-3,"Aquatic Chronic 1"
9108,H373,104295-55-8,"STOT RE 2"
9109,H317,104295-55-8,"Skin Sens. 1"
9110,H411,104295-55-8,"Aquatic Chronic 2"
9111,H302,112193-77-8,"Acute Tox. 4"
9112,H335,112193-77-8,"STOT SE 3"
9113,H318,112193-77-8,"Eye Dam. 1"
9114,H412,112193-77-8,"Aquatic Chronic 3"
9115,H302,25965-81-5,"Acute Tox. 4"
9116,H317,25965-81-5,"Skin Sens. 1"
9117,H302,4403-70-7,"Acute Tox. 4"
9118,H314,4403-70-7,"Skin Corr. 1B"
9119,H411,4403-70-7,"Aquatic Chronic 2"
9120,H317,1134-94-7,"Skin Sens. 1"
9121,H411,1134-94-7,"Aquatic Chronic 2"
9122,H341,65756-41-4,"Muta. 2"
9123,H341,69227-51-6,"Muta. 2"
9124,H318,59493-72-0,"Eye Dam. 1"
9125,H400,59493-72-0,"Aquatic Acute 1"
9126,H410,59493-72-0,"Aquatic Chronic 1"
9127,H373,149057-64-7,"STOT RE 2"
9128,H318,149057-64-7,"Eye Dam. 1"
9129,H317,149057-64-7,"Skin Sens. 1"
9130,H400,149057-64-7,"Aquatic Acute 1"
9131,H410,149057-64-7,"Aquatic Chronic 1"
9132,H312,3862-73-5,"Acute Tox. 4"
9133,H302,3862-73-5,"Acute Tox. 4"
9134,H373,3862-73-5,"STOT RE 2"
9135,H315,3862-73-5,"Skin Irrit. 2"
9136,H318,3862-73-5,"Eye Dam. 1"
9137,H411,3862-73-5,"Aquatic Chronic 2"
9138,H411,107934-68-9,"Aquatic Chronic 2"
9139,H302,135043-64-0,"Acute Tox. 4"
9140,H317,135043-64-0,"Skin Sens. 1"
9141,H400,135043-64-0,"Aquatic Acute 1"
9142,H410,135043-64-0,"Aquatic Chronic 1"
9143,H373,16298-38-7,"STOT RE 2"
9144,H411,16298-38-7,"Aquatic Chronic 2"
9145,H302,71550-12-4,"Acute Tox. 4"
9146,H317,71550-12-4,"Skin Sens. 1"
9147,H312,154212-60-9,"Acute Tox. 4"
9148,H302,154212-60-9,"Acute Tox. 4"
9149,H315,154212-60-9,"Skin Irrit. 2"
9150,H318,154212-60-9,"Eye Dam. 1"
9151,H411,154212-60-9,"Aquatic Chronic 2"
9152,H312,18759-96-1,"Acute Tox. 4"
9153,H302,18759-96-1,"Acute Tox. 4"
9154,H314,18759-96-1,"Skin Corr. 1B"
9155,H317,18759-96-1,"Skin Sens. 1"
9156,H400,18759-96-1,"Aquatic Acute 1"
9157,H410,18759-96-1,"Aquatic Chronic 1"
9158,H302,141890-30-4,"Acute Tox. 4"
9159,H318,141890-30-4,"Eye Dam. 1"
9160,H400,141890-30-4,"Aquatic Acute 1"
9161,H410,141890-30-4,"Aquatic Chronic 1"
9162,H332,160236-81-7,"Acute Tox. 4"
9163,H302,160236-81-7,"Acute Tox. 4"
9164,H318,160236-81-7,"Eye Dam. 1"
9165,H400,160236-81-7,"Aquatic Acute 1"
9166,H410,160236-81-7,"Aquatic Chronic 1"
9167,H350,95-69-2,"Carc. 1B"
9168,H341,95-69-2,"Muta. 2"
9169,H331,95-69-2,"Acute Tox. 3"
9170,H311,95-69-2,"Acute Tox. 3"
9171,H301,95-69-2,"Acute Tox. 3"
9172,H400,95-69-2,"Aquatic Acute 1"
9173,H410,95-69-2,"Aquatic Chronic 1"
9174,H350,3165-93-3,"Carc. 1B"
9175,H341,3165-93-3,"Muta. 2"
9176,H331,3165-93-3,"Acute Tox. 3"
9177,H311,3165-93-3,"Acute Tox. 3"
9178,H301,3165-93-3,"Acute Tox. 3"
9179,H400,3165-93-3,"Aquatic Acute 1"
9180,H410,3165-93-3,"Aquatic Chronic 1"
9181,H350,137-17-7,"Carc. 1B"
9182,H331,137-17-7,"Acute Tox. 3"
9183,H311,137-17-7,"Acute Tox. 3"
9184,H301,137-17-7,"Acute Tox. 3"
9185,H411,137-17-7,"Aquatic Chronic 2"
9186,H350,21436-97-5,"Carc. 1B"
9187,H331,21436-97-5,"Acute Tox. 3"
9188,H311,21436-97-5,"Acute Tox. 3"
9189,H301,21436-97-5,"Acute Tox. 3"
9190,H411,21436-97-5,"Aquatic Chronic 2"
9191,H350,139-65-1,"Carc. 1B"
9192,H302,139-65-1,"Acute Tox. 4"
9193,H411,139-65-1,"Aquatic Chronic 2"
9194,H350,101-80-4,"Carc. 1B"
9195,H340,101-80-4,"Muta. 1B"
9196,H361f,101-80-4,"Repr. 2"
9197,H331,101-80-4,"Acute Tox. 3"
9198,H311,101-80-4,"Acute Tox. 3"
9199,H301,101-80-4,"Acute Tox. 3"
9200,H411,101-80-4,"Aquatic Chronic 2"
9201,H350,615-05-4,"Carc. 1B"
9202,H341,615-05-4,"Muta. 2"
9203,H302,615-05-4,"Acute Tox. 4"
9204,H411,615-05-4,"Aquatic Chronic 2"
9205,H350,39156-41-7,"Carc. 1B"
9206,H341,39156-41-7,"Muta. 2"
9207,H302,39156-41-7,"Acute Tox. 4"
9208,H411,39156-41-7,"Aquatic Chronic 2"
9209,H350,101-61-1,"Carc. 1B"
9210,H400,101-61-1,"Aquatic Acute 1"
9211,H410,101-61-1,"Aquatic Chronic 1"
9212,H331,95-76-1,"Acute Tox. 3"
9213,H311,95-76-1,"Acute Tox. 3"
9214,H301,95-76-1,"Acute Tox. 3"
9215,H318,95-76-1,"Eye Dam. 1"
9216,H317,95-76-1,"Skin Sens. 1"
9217,H400,95-76-1,"Aquatic Acute 1"
9218,H410,95-76-1,"Aquatic Chronic 1"
9219,H351,548-62-9,"Carc. 2"
9220,H302,548-62-9,"Acute Tox. 4"
9221,H318,548-62-9,"Eye Dam. 1"
9222,H400,548-62-9,"Aquatic Acute 1"
9223,H410,548-62-9,"Aquatic Chronic 1"
9224,H373,131807-57-3,"STOT RE 2"
9225,H400,131807-57-3,"Aquatic Acute 1"
9226,H410,131807-57-3,"Aquatic Chronic 1"
9227,H341,156-43-4,"Muta. 2"
9228,H332,156-43-4,"Acute Tox. 4"
9229,H312,156-43-4,"Acute Tox. 4"
9230,H302,156-43-4,"Acute Tox. 4"
9231,H319,156-43-4,"Eye Irrit. 2"
9232,H317,156-43-4,"Skin Sens. 1"
9233,H350,120-71-8,"Carc. 1B"
9234,H302,120-71-8,"Acute Tox. 4"
9235,H351,99-55-8,"Carc. 2"
9236,H331,99-55-8,"Acute Tox. 3"
9237,H311,99-55-8,"Acute Tox. 3"
9238,H301,99-55-8,"Acute Tox. 3"
9239,H412,99-55-8,"Aquatic Chronic 3"
9240,H351,51085-52-0,"Carc. 2"
9241,H331,51085-52-0,"Acute Tox. 3"
9242,H311,51085-52-0,"Acute Tox. 3"
9243,H301,51085-52-0,"Acute Tox. 3"
9244,H412,51085-52-0,"Aquatic Chronic 3"
9245,H319,170292-97-4,"Eye Irrit. 2"
9246,H411,170292-97-4,"Aquatic Chronic 2"
9247,H332,24279-39-8,"Acute Tox. 4"
9248,H302,24279-39-8,"Acute Tox. 4"
9249,H315,24279-39-8,"Skin Irrit. 2"
9250,H317,24279-39-8,"Skin Sens. 1"
9251,H400,24279-39-8,"Aquatic Acute 1"
9252,H410,24279-39-8,"Aquatic Chronic 1"
9253,H314,148348-13-4,"Skin Corr. 1B"
9254,H412,148348-13-4,"Aquatic Chronic 3"
9255,H315,179104-32-6,"Skin Irrit. 2"
9256,H411,179104-32-6,"Aquatic Chronic 2"
9257,H317,19450-38-5,"Skin Sens. 1"
9258,H412,19450-38-5,"Aquatic Chronic 3"
9259,H225,37143-54-7,"Flam. Liq. 2"
9260,H302,37143-54-7,"Acute Tox. 4"
9261,H314,37143-54-7,"Skin Corr. 1B"
9262,H412,37143-54-7,"Aquatic Chronic 3"
9263,H302,153719-38-1,"Acute Tox. 4"
9264,H317,153719-38-1,"Skin Sens. 1"
9265,H412,153719-38-1,"Aquatic Chronic 3"
9266,H332,4274-38-8,"Acute Tox. 4"
9267,H312,4274-38-8,"Acute Tox. 4"
9268,H302,4274-38-8,"Acute Tox. 4"
9269,H373,4274-38-8,"STOT RE 2"
9270,H314,4274-38-8,"Skin Corr. 1B"
9271,H317,4274-38-8,"Skin Sens. 1"
9272,H400,4274-38-8,"Aquatic Acute 1"
9273,H312,104860-26-6,"Acute Tox. 4"
9274,H302,104860-26-6,"Acute Tox. 4"
9275,H373,104860-26-6,"STOT RE 2"
9276,H318,104860-26-6,"Eye Dam. 1"
9277,H400,104860-26-6,"Aquatic Acute 1"
9278,H410,104860-26-6,"Aquatic Chronic 1"
9279,H317,186450-73-7,"Skin Sens. 1"
9280,H413,186450-73-7,"Aquatic Chronic 4"
9281,H317,121246-28-4,"Skin Sens. 1"
9282,H400,121246-28-4,"Aquatic Acute 1"
9283,H410,121246-28-4,"Aquatic Chronic 1"
9284,H312,294-90-6,"Acute Tox. 4"
9285,H302,294-90-6,"Acute Tox. 4"
9286,H314,294-90-6,"Skin Corr. 1B"
9287,H400,294-90-6,"Aquatic Acute 1"
9288,H410,294-90-6,"Aquatic Chronic 1"
9289,H302,6903-18-0,"Acute Tox. 4"
9290,H315,6903-18-0,"Skin Irrit. 2"
9291,H318,6903-18-0,"Eye Dam. 1"
9292,H412,6903-18-0,"Aquatic Chronic 3"
9293,H302,120606-08-8,"Acute Tox. 4"
9294,H318,120606-08-8,"Eye Dam. 1"
9295,H400,120606-08-8,"Aquatic Acute 1"
9296,H410,120606-08-8,"Aquatic Chronic 1"
9297,H351,110235-47-7,"Carc. 2"
9298,H400,110235-47-7,"Aquatic Acute 1"
9299,H410,110235-47-7,"Aquatic Chronic 1"
9300,H318,164288-56-6,"Eye Dam. 1"
9301,H400,164288-56-6,"Aquatic Acute 1"
9302,H410,164288-56-6,"Aquatic Chronic 1"
9303,H412,186148-38-9,"Aquatic Chronic 3"
9304,H201,10046-00-1,"Expl. 1.1"
9305,H351,10046-00-1,"Carc. 2"
9306,H312,10046-00-1,"Acute Tox. 4"
9307,H302,10046-00-1,"Acute Tox. 4"
9308,H373,10046-00-1,"STOT RE 2"
9309,H315,10046-00-1,"Skin Irrit. 2"
9310,H319,10046-00-1,"Eye Irrit. 2"
9311,H317,10046-00-1,"Skin Sens. 1"
9312,H400,10046-00-1,"Aquatic Acute 1"
9313,H201,20845-01-6,"Expl. 1.1"
9314,H351,20845-01-6,"Carc. 2"
9315,H312,20845-01-6,"Acute Tox. 4"
9316,H302,20845-01-6,"Acute Tox. 4"
9317,H373,20845-01-6,"STOT RE 2"
9318,H315,20845-01-6,"Skin Irrit. 2"
9319,H319,20845-01-6,"Eye Irrit. 2"
9320,H317,20845-01-6,"Skin Sens. 1"
9321,H400,20845-01-6,"Aquatic Acute 1"
9322,H201,19098-16-9,"Expl. 1.1"
9323,H351,19098-16-9,"Carc. 2"
9324,H312,19098-16-9,"Acute Tox. 4"
9325,H302,19098-16-9,"Acute Tox. 4"
9326,H373,19098-16-9,"STOT RE 2"
9327,H315,19098-16-9,"Skin Irrit. 2"
9328,H319,19098-16-9,"Eye Irrit. 2"
9329,H317,19098-16-9,"Skin Sens. 1"
9330,H400,19098-16-9,"Aquatic Acute 1"
9331,H201,53933-48-5,"Expl. 1.1"
9332,H351,53933-48-5,"Carc. 2"
9333,H312,53933-48-5,"Acute Tox. 4"
9334,H302,53933-48-5,"Acute Tox. 4"
9335,H373,53933-48-5,"STOT RE 2"
9336,H315,53933-48-5,"Skin Irrit. 2"
9337,H319,53933-48-5,"Eye Irrit. 2"
9338,H317,53933-48-5,"Skin Sens. 1"
9339,H400,53933-48-5,"Aquatic Acute 1"
9340,H351,3327-22-8,"Carc. 2"
9341,H412,3327-22-8,"Aquatic Chronic 3"
9342,H350,91-95-2,"Carc. 1B"
9343,H341,91-95-2,"Muta. 2"
9344,H411,53112-28-0,"Aquatic Chronic 2"
9345,H361fd,6094-40-2,"Repr. 2"
9346,H315,6094-40-2,"Skin Irrit. 2"
9347,H319,6094-40-2,"Eye Irrit. 2"
9348,H334,6094-40-2,"Resp. Sens. 1"
9349,H317,6094-40-2,"Skin Sens. 1"
9350,H412,6094-40-2,"Aquatic Chronic 3"
9351,H361fd,142-64-3,"Repr. 2"
9352,H315,142-64-3,"Skin Irrit. 2"
9353,H319,142-64-3,"Eye Irrit. 2"
9354,H334,142-64-3,"Resp. Sens. 1"
9355,H317,142-64-3,"Skin Sens. 1"
9356,H412,142-64-3,"Aquatic Chronic 3"
9357,H361fd,1951-97-9,"Repr. 2"
9358,H315,1951-97-9,"Skin Irrit. 2"
9359,H319,1951-97-9,"Eye Irrit. 2"
9360,H334,1951-97-9,"Resp. Sens. 1"
9361,H317,1951-97-9,"Skin Sens. 1"
9362,H412,1951-97-9,"Aquatic Chronic 3"
9363,H317,121552-61-2,"Skin Sens. 1"
9364,H400,121552-61-2,"Aquatic Acute 1"
9365,H410,121552-61-2,"Aquatic Chronic 1"
9366,H318,79617-97-3,"Eye Dam. 1"
9367,H400,79617-97-3,"Aquatic Acute 1"
9368,H410,79617-97-3,"Aquatic Chronic 1"
9369,H361f,87691-88-1,"Repr. 2"
9370,H302,87691-88-1,"Acute Tox. 4"
9371,H319,87691-88-1,"Eye Irrit. 2"
9372,H317,87691-88-1,"Skin Sens. 1"
9373,H400,87691-88-1,"Aquatic Acute 1"
9374,H410,87691-88-1,"Aquatic Chronic 1"
9375,H351,19398-06-2,"Carc. 2"
9376,H302,19398-06-2,"Acute Tox. 4"
9377,H372,19398-06-2,"STOT RE 1"
9378,H318,19398-06-2,"Eye Dam. 1"
9379,H317,19398-06-2,"Skin Sens. 1"
9380,H400,19398-06-2,"Aquatic Acute 1"
9381,H410,19398-06-2,"Aquatic Chronic 1"
9382,H350,40722-80-3,"Carc. 1B"
9383,H340,40722-80-3,"Muta. 1B"
9384,H373,40722-80-3,"STOT RE 2"
9385,H317,40722-80-3,"Skin Sens. 1"
9386,H412,40722-80-3,"Aquatic Chronic 3"
9387,H302,152828-23-4,"Acute Tox. 4"
9388,H372,152828-23-4,"STOT RE 1"
9389,H412,152828-23-4,"Aquatic Chronic 3"
9390,H361f,159939-85-2,"Repr. 2"
9391,H302,159939-85-2,"Acute Tox. 4"
9392,H314,159939-85-2,"Skin Corr. 1B"
9393,H317,159939-85-2,"Skin Sens. 1"
9394,H411,159939-85-2,"Aquatic Chronic 2"
9395,H360D,3724-43-4,"Repr. 1B"
9396,H302,3724-43-4,"Acute Tox. 4"
9397,H314,3724-43-4,"Skin Corr. 1A"
9398,H228,51229-78-8,"Flam. Sol. 2"
9399,H361d,51229-78-8,"Repr. 2"
9400,H302,51229-78-8,"Acute Tox. 4"
9401,H315,51229-78-8,"Skin Irrit. 2"
9402,H317,51229-78-8,"Skin Sens. 1"
9403,H411,51229-78-8,"Aquatic Chronic 2"
9404,H302,138261-41-3,"Acute Tox. 4"
9405,H400,138261-41-3,"Aquatic Acute 1"
9406,H410,138261-41-3,"Aquatic Chronic 1"
9407,H412,199327-61-2,"Aquatic Chronic 3"
9408,H351,220444-73-5,"Carc. 2"
9409,H302,220444-73-5,"Acute Tox. 4"
9410,H314,220444-73-5,"Skin Corr. 1B"
9411,H317,220444-73-5,"Skin Sens. 1"
9412,H411,220444-73-5,"Aquatic Chronic 2"
9413,H312,179474-79-4,"Acute Tox. 4"
9414,H302,179474-79-4,"Acute Tox. 4"
9415,H314,179474-79-4,"Skin Corr. 1B"
9416,H412,179474-79-4,"Aquatic Chronic 3"
9417,H302,137864-22-3,"Acute Tox. 4"
9418,H317,137864-22-3,"Skin Sens. 1"
9419,H302,35687-90-2,"Acute Tox. 4"
9420,H318,227085-51-0,"Eye Dam. 1"
9421,H302,121451-05-6,"Acute Tox. 4"
9422,H317,121451-05-6,"Skin Sens. 1"
9423,H400,121451-05-6,"Aquatic Acute 1"
9424,H410,121451-05-6,"Aquatic Chronic 1"
9425,H412,191617-13-7,"Aquatic Chronic 3"
9426,H341,202197-26-0,"Muta. 2"
9427,H302,202197-26-0,"Acute Tox. 4"
9428,H373,202197-26-0,"STOT RE 2"
9429,H400,202197-26-0,"Aquatic Acute 1"
9430,H410,202197-26-0,"Aquatic Chronic 1"
9431,H413,160987-57-5,"Aquatic Chronic 4"
9432,H315,206565-89-1,"Skin Irrit. 2"
9433,H318,206565-89-1,"Eye Dam. 1"
9434,H317,206565-89-1,"Skin Sens. 1"
9435,H400,206565-89-1,"Aquatic Acute 1"
9436,H410,206565-89-1,"Aquatic Chronic 1"
9437,H318,500717-36-2,"Eye Dam. 1"
9438,H317,500717-36-2,"Skin Sens. 1"
9439,H412,500717-36-2,"Aquatic Chronic 3"
9440,H318,586372-44-3,"Eye Dam. 1"
9441,H341,1239-45-8,"Muta. 2"
9442,H330,1239-45-8,"Acute Tox. 2"
9443,H302,1239-45-8,"Acute Tox. 4"
9444,H361f,144177-62-8,"Repr. 2"
9445,H373,144177-62-8,"STOT RE 2"
9446,H315,144177-62-8,"Skin Irrit. 2"
9447,H319,144177-62-8,"Eye Irrit. 2"
9448,H317,144177-62-8,"Skin Sens. 1"
9449,H350,132-32-1,"Carc. 1B"
9450,H351,129-73-7,"Carc. 2"
9451,H341,129-73-7,"Muta. 2"
9452,H304,124-30-1,"Asp. Tox. 1"
9453,H373,124-30-1,"STOT RE 2"
9454,H315,124-30-1,"Skin Irrit. 2"
9455,H318,124-30-1,"Eye Dam. 1"
9456,H400,124-30-1,"Aquatic Acute 1"
9457,H410,124-30-1,"Aquatic Chronic 1"
9458,H302,112-90-3,"Acute Tox. 4"
9459,H304,112-90-3,"Asp. Tox. 1"
9460,H335,112-90-3,"STOT SE 3"
9461,H373,112-90-3,"STOT RE 2"
9462,H314,112-90-3,"Skin Corr. 1B"
9463,H400,112-90-3,"Aquatic Acute 1"
9464,H410,112-90-3,"Aquatic Chronic 1"
9465,H304,61788-45-2,"Asp. Tox. 1"
9466,H373,61788-45-2,"STOT RE 2"
9467,H315,61788-45-2,"Skin Irrit. 2"
9468,H318,61788-45-2,"Eye Dam. 1"
9469,H400,61788-45-2,"Aquatic Acute 1"
9470,H410,61788-45-2,"Aquatic Chronic 1"
9471,H302,61788-46-3,"Acute Tox. 4"
9472,H304,61788-46-3,"Asp. Tox. 1"
9473,H335,61788-46-3,"STOT SE 3"
9474,H373,61788-46-3,"STOT RE 2"
9475,H314,61788-46-3,"Skin Corr. 1B"
9476,H400,61788-46-3,"Aquatic Acute 1"
9477,H410,61788-46-3,"Aquatic Chronic 1"
9478,H302,61790-33-8,"Acute Tox. 4"
9479,H304,61790-33-8,"Asp. Tox. 1"
9480,H373,61790-33-8,"STOT RE 2"
9481,H314,61790-33-8,"Skin Corr. 1B"
9482,H400,61790-33-8,"Aquatic Acute 1"
9483,H410,61790-33-8,"Aquatic Chronic 1"
9484,H361d,79622-59-6,"Repr. 2"
9485,H332,79622-59-6,"Acute Tox. 4"
9486,H318,79622-59-6,"Eye Dam. 1"
9487,H317,79622-59-6,"Skin Sens. 1A"
9488,H400,79622-59-6,"Aquatic Acute 1"
9489,H410,79622-59-6,"Aquatic Chronic 1"
9490,H351,41483-43-6,"Carc. 2"
9491,H317,41483-43-6,"Skin Sens. 1B"
9492,H410,41483-43-6,"Aquatic Chronic 1"
9493,H360D,68694-11-1,"Repr. 1B"
9494,H302,68694-11-1,"Acute Tox. 4"
9495,H373,68694-11-1,"STOT RE 2"
9496,H317,68694-11-1,"Skin Sens. 1"
9497,H400,68694-11-1,"Aquatic Acute 1"
9498,H410,68694-11-1,"Aquatic Chronic 1"
9499,H350,60-34-4,"Carc. 1B"
9500,H225,151-56-4,"Flam. Liq. 2"
9501,H350,151-56-4,"Carc. 1B"
9502,H340,151-56-4,"Muta. 1B"
9503,H310,151-56-4,"Acute Tox. 1"
9504,H330,151-56-4,"Acute Tox. 2"
9505,H300,151-56-4,"Acute Tox. 2"
9506,H314,151-56-4,"Skin Corr. 1B"
9507,H411,151-56-4,"Aquatic Chronic 2"
9508,H225,110-86-1,"Flam. Liq. 2"
9509,H332,110-86-1,"Acute Tox. 4"
9510,H312,110-86-1,"Acute Tox. 4"
9511,H302,110-86-1,"Acute Tox. 4"
9512,H201,6202-15-9,"Expl. 1.1"
9513,H332,6202-15-9,"Acute Tox. 4"
9514,H312,6202-15-9,"Acute Tox. 4"
9515,H302,6202-15-9,"Acute Tox. 4"
9516,H300,535-89-7,"Acute Tox. 2"
9517,H312,1014-69-3,"Acute Tox. 4"
9518,H302,1014-69-3,"Acute Tox. 4"
9519,H400,1014-69-3,"Aquatic Acute 1"
9520,H410,1014-69-3,"Aquatic Chronic 1"
9521,H302,533-74-4,"Acute Tox. 4"
9522,H319,533-74-4,"Eye Irrit. 2"
9523,H400,533-74-4,"Aquatic Acute 1"
9524,H410,533-74-4,"Aquatic Chronic 1"
9525,H330,108-77-0,"Acute Tox. 2"
9526,H302,108-77-0,"Acute Tox. 4"
9527,H314,108-77-0,"Skin Corr. 1B"
9528,H317,108-77-0,"Skin Sens. 1"
9529,H302,834-12-8,"Acute Tox. 4"
9530,H400,834-12-8,"Aquatic Acute 1"
9531,H410,834-12-8,"Aquatic Chronic 1"
9532,H361d,61-82-5,"Repr. 2"
9533,H373,61-82-5,"STOT RE 2"
9534,H411,61-82-5,"Aquatic Chronic 2"
9535,H302,25057-89-0,"Acute Tox. 4"
9536,H319,25057-89-0,"Eye Irrit. 2"
9537,H317,25057-89-0,"Skin Sens. 1"
9538,H412,25057-89-0,"Aquatic Chronic 3"
9539,H302,21725-46-2,"Acute Tox. 4"
9540,H400,21725-46-2,"Aquatic Acute 1"
9541,H410,21725-46-2,"Aquatic Chronic 1"
9542,H302,91-53-2,"Acute Tox. 4"
9543,H312,14255-88-0,"Acute Tox. 4"
9544,H302,14255-88-0,"Acute Tox. 4"
9545,H400,14255-88-0,"Aquatic Acute 1"
9546,H410,14255-88-0,"Aquatic Chronic 1"
9547,H351,3878-19-1,"Carc. 2"
9548,H302,3878-19-1,"Acute Tox. 4"
9549,H373,3878-19-1,"STOT RE 2"
9550,H317,3878-19-1,"Skin Sens. 1"
9551,H400,3878-19-1,"Aquatic Acute 1"
9552,H410,3878-19-1,"Aquatic Chronic 1"
9553,H302,134-31-6,"Acute Tox. 4"
9554,H302,7411-47-4,"Acute Tox. 4"
9555,H335,7411-47-4,"STOT SE 3"
9556,H315,7411-47-4,"Skin Irrit. 2"
9557,H319,7411-47-4,"Eye Irrit. 2"
9558,H412,7411-47-4,"Aquatic Chronic 3"
9559,H302,93-75-4,"Acute Tox. 4"
9560,H360D,24602-86-6,"Repr. 1B"
9561,H332,24602-86-6,"Acute Tox. 4"
9562,H302,24602-86-6,"Acute Tox. 4"
9563,H315,24602-86-6,"Skin Irrit. 2"
9564,H400,24602-86-6,"Aquatic Acute 1"
9565,H410,24602-86-6,"Aquatic Chronic 1"
9566,H302,3347-22-6,"Acute Tox. 4"
9567,H400,3347-22-6,"Aquatic Acute 1"
9568,H410,3347-22-6,"Aquatic Chronic 1"
9569,H332,121-21-1,"Acute Tox. 4"
9570,H312,121-21-1,"Acute Tox. 4"
9571,H302,121-21-1,"Acute Tox. 4"
9572,H400,121-21-1,"Aquatic Acute 1"
9573,H410,121-21-1,"Aquatic Chronic 1"
9574,H332,121-29-9,"Acute Tox. 4"
9575,H312,121-29-9,"Acute Tox. 4"
9576,H302,121-29-9,"Acute Tox. 4"
9577,H400,121-29-9,"Aquatic Acute 1"
9578,H410,121-29-9,"Aquatic Chronic 1"
9579,H302,25402-06-6,"Acute Tox. 4"
9580,H400,25402-06-6,"Aquatic Acute 1"
9581,H410,25402-06-6,"Aquatic Chronic 1"
9582,H302,121-20-0,"Acute Tox. 4"
9583,H400,121-20-0,"Aquatic Acute 1"
9584,H410,121-20-0,"Aquatic Chronic 1"
9585,H225,110-89-4,"Flam. Liq. 2"
9586,H331,110-89-4,"Acute Tox. 3"
9587,H311,110-89-4,"Acute Tox. 3"
9588,H314,110-89-4,"Skin Corr. 1B"
9589,H226,110-91-8,"Flam. Liq. 3"
9590,H332,110-91-8,"Acute Tox. 4"
9591,H312,110-91-8,"Acute Tox. 4"
9592,H302,110-91-8,"Acute Tox. 4"
9593,H314,110-91-8,"Skin Corr. 1B"
9594,H272,2782-57-2,"Ox. Sol. 2"
9595,H302,2782-57-2,"Acute Tox. 4"
9596,H335,2782-57-2,"STOT SE 3"
9597,H319,2782-57-2,"Eye Irrit. 2"
9598,H400,2782-57-2,"Aquatic Acute 1"
9599,H410,2782-57-2,"Aquatic Chronic 1"
9600,H272,2244-21-5,"Ox. Sol. 2"
9601,H302,2244-21-5,"Acute Tox. 4"
9602,H335,2244-21-5,"STOT SE 3"
9603,H319,2244-21-5,"Eye Irrit. 2"
9604,H400,2244-21-5,"Aquatic Acute 1"
9605,H410,2244-21-5,"Aquatic Chronic 1"
9606,H272,2893-78-9,"Ox. Sol. 2"
9607,H302,2893-78-9,"Acute Tox. 4"
9608,H335,2893-78-9,"STOT SE 3"
9609,H319,2893-78-9,"Eye Irrit. 2"
9610,H400,2893-78-9,"Aquatic Acute 1"
9611,H410,2893-78-9,"Aquatic Chronic 1"
9612,H302,51580-86-0,"Acute Tox. 4"
9613,H335,51580-86-0,"STOT SE 3"
9614,H319,51580-86-0,"Eye Irrit. 2"
9615,H400,51580-86-0,"Aquatic Acute 1"
9616,H410,51580-86-0,"Aquatic Chronic 1"
9617,H272,87-90-1,"Ox. Sol. 2"
9618,H302,87-90-1,"Acute Tox. 4"
9619,H335,87-90-1,"STOT SE 3"
9620,H319,87-90-1,"Eye Irrit. 2"
9621,H400,87-90-1,"Aquatic Acute 1"
9622,H410,87-90-1,"Aquatic Chronic 1"
9623,H312,13108-52-6,"Acute Tox. 4"
9624,H302,13108-52-6,"Acute Tox. 4"
9625,H319,13108-52-6,"Eye Irrit. 2"
9626,H317,13108-52-6,"Skin Sens. 1"
9627,H225,75-55-8,"Flam. Liq. 2"
9628,H350,75-55-8,"Carc. 1B"
9629,H310,75-55-8,"Acute Tox. 1"
9630,H330,75-55-8,"Acute Tox. 2"
9631,H300,75-55-8,"Acute Tox. 2"
9632,H318,75-55-8,"Eye Dam. 1"
9633,H411,75-55-8,"Aquatic Chronic 2"
9634,H302,1739-84-0,"Acute Tox. 4"
9635,H315,1739-84-0,"Skin Irrit. 2"
9636,H318,1739-84-0,"Eye Dam. 1"
9637,H312,616-47-7,"Acute Tox. 4"
9638,H302,616-47-7,"Acute Tox. 4"
9639,H314,616-47-7,"Skin Corr. 1B"
9640,H226,109-06-8,"Flam. Liq. 3"
9641,H332,109-06-8,"Acute Tox. 4"
9642,H312,109-06-8,"Acute Tox. 4"
9643,H302,109-06-8,"Acute Tox. 4"
9644,H335,109-06-8,"STOT SE 3"
9645,H319,109-06-8,"Eye Irrit. 2"
9646,H226,108-89-4,"Flam. Liq. 3"
9647,H311,108-89-4,"Acute Tox. 3"
9648,H332,108-89-4,"Acute Tox. 4"
9649,H302,108-89-4,"Acute Tox. 4"
9650,H335,108-89-4,"STOT SE 3"
9651,H315,108-89-4,"Skin Irrit. 2"
9652,H319,108-89-4,"Eye Irrit. 2"
9653,H302,91-76-9,"Acute Tox. 4"
9654,H412,91-76-9,"Aquatic Chronic 3"
9655,H360D,96-45-7,"Repr. 1B"
9656,H302,96-45-7,"Acute Tox. 4"
9657,H302,60207-31-0,"Acute Tox. 4"
9658,H351,15159-40-7,"Carc. 2"
9659,H315,15159-40-7,"Skin Irrit. 2"
9660,H319,15159-40-7,"Eye Irrit. 2"
9661,H351,35554-44-0,"Carc. 2"
9662,H301,35554-44-0,"Acute Tox. 3"
9663,H332,35554-44-0,"Acute Tox. 4"
9664,H318,35554-44-0,"Eye Dam. 1"
9665,H410,35554-44-0,"Aquatic Chronic 1"
9666,H302,58594-72-2,"Acute Tox. 4"
9667,H317,58594-72-2,"Skin Sens. 1"
9668,H400,58594-72-2,"Aquatic Acute 1"
9669,H410,58594-72-2,"Aquatic Chronic 1"
9670,H302,83918-57-4,"Acute Tox. 4"
9671,H317,83918-57-4,"Skin Sens. 1"
9672,H400,83918-57-4,"Aquatic Acute 1"
9673,H410,83918-57-4,"Aquatic Chronic 1"
9674,H351,133-06-2,"Carc. 2"
9675,H331,133-06-2,"Acute Tox. 3"
9676,H318,133-06-2,"Eye Dam. 1"
9677,H317,133-06-2,"Skin Sens. 1"
9678,H400,133-06-2,"Aquatic Acute 1"
9679,H351,133-07-3,"Carc. 2"
9680,H332,133-07-3,"Acute Tox. 4"
9681,H319,133-07-3,"Eye Irrit. 2"
9682,H317,133-07-3,"Skin Sens. 1"
9683,H400,133-07-3,"Aquatic Acute 1"
9684,H350,2425-06-1,"Carc. 1B"
9685,H317,2425-06-1,"Skin Sens. 1"
9686,H400,2425-06-1,"Aquatic Acute 1"
9687,H410,2425-06-1,"Aquatic Chronic 1"
9688,H301,644-64-4,"Acute Tox. 3"
9689,H312,644-64-4,"Acute Tox. 4"
9690,H400,644-64-4,"Aquatic Acute 1"
9691,H410,644-64-4,"Aquatic Chronic 1"
9692,H340,10605-21-7,"Muta. 1B"
9693,H360FD,10605-21-7,"Repr. 1B"
9694,H400,10605-21-7,"Aquatic Acute 1"
9695,H410,10605-21-7,"Aquatic Chronic 1"
9696,H340,17804-35-2,"Muta. 1B"
9697,H360FD,17804-35-2,"Repr. 1B"
9698,H335,17804-35-2,"STOT SE 3"
9699,H315,17804-35-2,"Skin Irrit. 2"
9700,H317,17804-35-2,"Skin Sens. 1"
9701,H400,17804-35-2,"Aquatic Acute 1"
9702,H410,17804-35-2,"Aquatic Chronic 1"
9703,H228,6804-07-5,"Flam. Sol. 1"
9704,H350,6804-07-5,"Carc. 1B"
9705,H302,6804-07-5,"Acute Tox. 4"
9706,H351,2212-67-1,"Carc. 2"
9707,H361f,2212-67-1,"Repr. 2"
9708,H332,2212-67-1,"Acute Tox. 4"
9709,H302,2212-67-1,"Acute Tox. 4"
9710,H373,2212-67-1,"STOT RE 2"
9711,H317,2212-67-1,"Skin Sens. 1"
9712,H400,2212-67-1,"Aquatic Acute 1"
9713,H410,2212-67-1,"Aquatic Chronic 1"
9714,H302,1420-06-0,"Acute Tox. 4"
9715,H400,1420-06-0,"Aquatic Acute 1"
9716,H410,1420-06-0,"Aquatic Chronic 1"
9717,H315,101-05-3,"Skin Irrit. 2"
9718,H319,101-05-3,"Eye Irrit. 2"
9719,H400,101-05-3,"Aquatic Acute 1"
9720,H410,101-05-3,"Aquatic Chronic 1"
9721,H400,148-79-8,"Aquatic Acute 1"
9722,H410,148-79-8,"Aquatic Chronic 1"
9723,H302,43222-48-6,"Acute Tox. 4"
9724,H400,43222-48-6,"Aquatic Acute 1"
9725,H410,43222-48-6,"Aquatic Chronic 1"
9726,H361d,1593-77-7,"Repr. 2"
9727,H373,1593-77-7,"STOT RE 2"
9728,H314,1593-77-7,"Skin Corr. 1C"
9729,H317,1593-77-7,"Skin Sens. 1A"
9730,H400,1593-77-7,"Aquatic Acute 1"
9731,H410,1593-77-7,"Aquatic Chronic 1"
9732,H332,52645-53-1,"Acute Tox. 4"
9733,H302,52645-53-1,"Acute Tox. 4"
9734,H317,52645-53-1,"Skin Sens. 1"
9735,H400,52645-53-1,"Aquatic Acute 1"
9736,H410,52645-53-1,"Aquatic Chronic 1"
9737,H319,26399-36-0,"Eye Irrit. 2"
9738,H400,26399-36-0,"Aquatic Acute 1"
9739,H410,26399-36-0,"Aquatic Chronic 1"
9740,H302,10453-86-8,"Acute Tox. 4"
9741,H400,10453-86-8,"Aquatic Acute 1"
9742,H410,10453-86-8,"Aquatic Chronic 1"
9743,H312,15662-33-6,"Acute Tox. 4"
9744,H302,15662-33-6,"Acute Tox. 4"
9745,H400,15662-33-6,"Aquatic Acute 1"
9746,H410,15662-33-6,"Aquatic Chronic 1"
9747,H335,8051-02-3,"STOT SE 3"
9748,H315,8051-02-3,"Skin Irrit. 2"
9749,H319,8051-02-3,"Eye Irrit. 2"
9750,H302,26259-45-0,"Acute Tox. 4"
9751,H319,26259-45-0,"Eye Irrit. 2"
9752,H400,26259-45-0,"Aquatic Acute 1"
9753,H410,26259-45-0,"Aquatic Chronic 1"
9754,H302,51-14-9,"Acute Tox. 4"
9755,H302,1014-70-6,"Acute Tox. 4"
9756,H400,1014-70-6,"Aquatic Acute 1"
9757,H410,1014-70-6,"Aquatic Chronic 1"
9758,H302,33693-04-8,"Acute Tox. 4"
9759,H400,33693-04-8,"Aquatic Acute 1"
9760,H410,33693-04-8,"Aquatic Chronic 1"
9761,H351,139-40-2,"Carc. 2"
9762,H400,139-40-2,"Aquatic Acute 1"
9763,H410,139-40-2,"Aquatic Chronic 1"
9764,H373,1912-24-9,"STOT RE 2"
9765,H317,1912-24-9,"Skin Sens. 1"
9766,H400,1912-24-9,"Aquatic Acute 1"
9767,H410,1912-24-9,"Aquatic Chronic 1"
9768,H332,105-60-2,"Acute Tox. 4"
9769,H302,105-60-2,"Acute Tox. 4"
9770,H335,105-60-2,"STOT SE 3"
9771,H315,105-60-2,"Skin Irrit. 2"
9772,H319,105-60-2,"Eye Irrit. 2"
9773,H361d,2122-19-2,"Repr. 2"
9774,H302,2122-19-2,"Acute Tox. 4"
9775,H412,2122-19-2,"Aquatic Chronic 3"
9776,H226,69045-82-5,"Flam. Liq. 3"
9777,H317,69045-82-5,"Skin Sens. 1"
9778,H412,69045-82-5,"Aquatic Chronic 3"
9779,H314,91273-04-0,"Skin Corr. 1B"
9780,H317,91273-04-0,"Skin Sens. 1"
9781,H411,91273-04-0,"Aquatic Chronic 2"
9782,H373,10357-99-0,"STOT RE 2"
9783,H317,10357-99-0,"Skin Sens. 1"
9784,H411,10357-99-0,"Aquatic Chronic 2"
9785,H331,82560-06-3,"Acute Tox. 3"
9786,H301,82560-06-3,"Acute Tox. 3"
9787,H318,82560-06-3,"Eye Dam. 1"
9788,H412,82560-06-3,"Aquatic Chronic 3"
9789,H271,89415-87-2,"Ox. Sol. 1"
9790,H331,89415-87-2,"Acute Tox. 3"
9791,H302,89415-87-2,"Acute Tox. 4"
9792,H314,89415-87-2,"Skin Corr. 1B"
9793,H317,89415-87-2,"Skin Sens. 1"
9794,H400,89415-87-2,"Aquatic Acute 1"
9795,H302,79456-26-1,"Acute Tox. 4"
9796,H412,79456-26-1,"Aquatic Chronic 3"
9797,H317,106990-43-6,"Skin Sens. 1"
9798,H411,106990-43-6,"Aquatic Chronic 2"
9799,H314,105254-85-1,"Skin Corr. 1B"
9800,H317,105254-85-1,"Skin Sens. 1"
9801,H400,105254-85-1,"Aquatic Acute 1"
9802,H410,105254-85-1,"Aquatic Chronic 1"
9803,H302,26576-84-1,"Acute Tox. 4"
9804,H412,26576-84-1,"Aquatic Chronic 3"
9805,H319,106359-93-7,"Eye Irrit. 2"
9806,H400,106359-93-7,"Aquatic Acute 1"
9807,H410,106359-93-7,"Aquatic Chronic 1"
9808,H302,58-08-2,"Acute Tox. 4"
9809,H225,110-01-0,"Flam. Liq. 2"
9810,H332,110-01-0,"Acute Tox. 4"
9811,H312,110-01-0,"Acute Tox. 4"
9812,H302,110-01-0,"Acute Tox. 4"
9813,H315,110-01-0,"Skin Irrit. 2"
9814,H319,110-01-0,"Eye Irrit. 2"
9815,H412,110-01-0,"Aquatic Chronic 3"
9816,H302,2634-33-5,"Acute Tox. 4"
9817,H315,2634-33-5,"Skin Irrit. 2"
9818,H318,2634-33-5,"Eye Dam. 1"
9819,H317,2634-33-5,"Skin Sens. 1"
9820,H400,2634-33-5,"Aquatic Acute 1"
9821,H330,85-00-7,"Acute Tox. 2"
9822,H302,85-00-7,"Acute Tox. 4"
9823,H335,85-00-7,"STOT SE 3"
9824,H372,85-00-7,"STOT RE 1"
9825,H315,85-00-7,"Skin Irrit. 2"
9826,H319,85-00-7,"Eye Irrit. 2"
9827,H317,85-00-7,"Skin Sens. 1"
9828,H400,85-00-7,"Aquatic Acute 1"
9829,H410,85-00-7,"Aquatic Chronic 1"
9830,H330,4032-26-2,"Acute Tox. 2"
9831,H302,4032-26-2,"Acute Tox. 4"
9832,H335,4032-26-2,"STOT SE 3"
9833,H372,4032-26-2,"STOT RE 1"
9834,H315,4032-26-2,"Skin Irrit. 2"
9835,H319,4032-26-2,"Eye Irrit. 2"
9836,H317,4032-26-2,"Skin Sens. 1"
9837,H400,4032-26-2,"Aquatic Acute 1"
9838,H410,4032-26-2,"Aquatic Chronic 1"
9839,H330,94021-76-8,"Acute Tox. 2"
9840,H302,94021-76-8,"Acute Tox. 4"
9841,H335,94021-76-8,"STOT SE 3"
9842,H372,94021-76-8,"STOT RE 1"
9843,H315,94021-76-8,"Skin Irrit. 2"
9844,H319,94021-76-8,"Eye Irrit. 2"
9845,H317,94021-76-8,"Skin Sens. 1"
9846,H400,94021-76-8,"Aquatic Acute 1"
9847,H410,94021-76-8,"Aquatic Chronic 1"
9848,H330,1910-42-5,"Acute Tox. 2"
9849,H311,1910-42-5,"Acute Tox. 3"
9850,H301,1910-42-5,"Acute Tox. 3"
9851,H335,1910-42-5,"STOT SE 3"
9852,H372,1910-42-5,"STOT RE 1"
9853,H315,1910-42-5,"Skin Irrit. 2"
9854,H319,1910-42-5,"Eye Irrit. 2"
9855,H400,1910-42-5,"Aquatic Acute 1"
9856,H410,1910-42-5,"Aquatic Chronic 1"
9857,H330,2074-50-2,"Acute Tox. 2"
9858,H311,2074-50-2,"Acute Tox. 3"
9859,H301,2074-50-2,"Acute Tox. 3"
9860,H335,2074-50-2,"STOT SE 3"
9861,H372,2074-50-2,"STOT RE 1"
9862,H315,2074-50-2,"Skin Irrit. 2"
9863,H319,2074-50-2,"Eye Irrit. 2"
9864,H400,2074-50-2,"Aquatic Acute 1"
9865,H410,2074-50-2,"Aquatic Chronic 1"
9866,H302,4636-83-3,"Acute Tox. 4"
9867,H335,4636-83-3,"STOT SE 3"
9868,H315,4636-83-3,"Skin Irrit. 2"
9869,H319,4636-83-3,"Eye Irrit. 2"
9870,H412,4636-83-3,"Aquatic Chronic 3"
9871,H302,29873-36-7,"Acute Tox. 4"
9872,H335,29873-36-7,"STOT SE 3"
9873,H315,29873-36-7,"Skin Irrit. 2"
9874,H319,29873-36-7,"Eye Irrit. 2"
9875,H412,29873-36-7,"Aquatic Chronic 3"
9876,H301,66-71-7,"Acute Tox. 3"
9877,H400,66-71-7,"Aquatic Acute 1"
9878,H410,66-71-7,"Aquatic Chronic 1"
9879,H334,85153-92-0,"Resp. Sens. 1"
9880,H317,85153-92-0,"Skin Sens. 1"
9881,H302,5248-39-5,"Acute Tox. 4"
9882,H373,5248-39-5,"STOT RE 2"
9883,H318,92484-48-5,"Eye Dam. 1"
9884,H302,62096-63-3,"Acute Tox. 4"
9885,H334,111298-82-9,"Resp. Sens. 1"
9886,H317,111298-82-9,"Skin Sens. 1"
9887,H412,111298-82-9,"Aquatic Chronic 3"
9888,H314,2687-94-7,"Skin Corr. 1B"
9889,H411,2687-94-7,"Aquatic Chronic 2"
9890,H314,2687-96-9,"Skin Corr. 1B"
9891,H317,2687-96-9,"Skin Sens. 1"
9892,H400,2687-96-9,"Aquatic Acute 1"
9893,H410,2687-96-9,"Aquatic Chronic 1"
9894,H317,110799-28-5,"Skin Sens. 1"
9895,H412,110799-28-5,"Aquatic Chronic 3"
9896,H411,110488-70-5,"Aquatic Chronic 2"
9897,H302,118685-34-0,"Acute Tox. 4"
9898,H314,118685-34-0,"Skin Corr. 1B"
9899,H317,118685-34-0,"Skin Sens. 1"
9900,H411,118685-34-0,"Aquatic Chronic 2"
9901,H301,124537-30-0,"Acute Tox. 3"
9902,H317,124537-30-0,"Skin Sens. 1"
9903,H412,124537-30-0,"Aquatic Chronic 3"
9904,H319,76508-02-6,"Eye Irrit. 2"
9905,H317,149-30-4,"Skin Sens. 1"
9906,H400,149-30-4,"Aquatic Acute 1"
9907,H410,149-30-4,"Aquatic Chronic 1"
9908,H335,94-37-1,"STOT SE 3"
9909,H315,94-37-1,"Skin Irrit. 2"
9910,H319,94-37-1,"Eye Irrit. 2"
9911,H317,94-37-1,"Skin Sens. 1"
9912,H302,61432-55-1,"Acute Tox. 4"
9913,H411,61432-55-1,"Aquatic Chronic 2"
9914,H361d,288-88-0,"Repr. 2"
9915,H302,288-88-0,"Acute Tox. 4"
9916,H319,288-88-0,"Eye Irrit. 2"
9917,H331,26530-20-1,"Acute Tox. 3"
9918,H311,26530-20-1,"Acute Tox. 3"
9919,H302,26530-20-1,"Acute Tox. 4"
9920,H314,26530-20-1,"Skin Corr. 1B"
9921,H317,26530-20-1,"Skin Sens. 1"
9922,H400,26530-20-1,"Aquatic Acute 1"
9923,H410,26530-20-1,"Aquatic Chronic 1"
9924,H315,102-77-2,"Skin Irrit. 2"
9925,H319,102-77-2,"Eye Irrit. 2"
9926,H317,102-77-2,"Skin Sens. 1"
9927,H411,102-77-2,"Aquatic Chronic 2"
9928,H302,4719-04-4,"Acute Tox. 4"
9929,H317,4719-04-4,"Skin Sens. 1"
9930,H302,10004-44-1,"Acute Tox. 4"
9931,H318,10004-44-1,"Eye Dam. 1"
9932,H412,10004-44-1,"Aquatic Chronic 3"
9933,H330,731-27-1,"Acute Tox. 2"
9934,H335,731-27-1,"STOT SE 3"
9935,H372,731-27-1,"STOT RE 1"
9936,H315,731-27-1,"Skin Irrit. 2"
9937,H319,731-27-1,"Eye Irrit. 2"
9938,H317,731-27-1,"Skin Sens. 1"
9939,H400,731-27-1,"Aquatic Acute 1"
9940,H302,76714-88-0,"Acute Tox. 4"
9941,H400,76714-88-0,"Aquatic Acute 1"
9942,H410,76714-88-0,"Aquatic Chronic 1"
9943,H319,37893-02-0,"Eye Irrit. 2"
9944,H400,37893-02-0,"Aquatic Acute 1"
9945,H410,37893-02-0,"Aquatic Chronic 1"
9946,H330,21564-17-0,"Acute Tox. 2"
9947,H302,21564-17-0,"Acute Tox. 4"
9948,H315,21564-17-0,"Skin Irrit. 2"
9949,H319,21564-17-0,"Eye Irrit. 2"
9950,H317,21564-17-0,"Skin Sens. 1"
9951,H400,21564-17-0,"Aquatic Acute 1"
9952,H410,21564-17-0,"Aquatic Chronic 1"
9953,H400,28434-01-7,"Aquatic Acute 1"
9954,H410,28434-01-7,"Aquatic Chronic 1"
9955,H400,64902-72-3,"Aquatic Acute 1"
9956,H410,64902-72-3,"Aquatic Chronic 1"
9957,H319,75736-33-3,"Eye Irrit. 2"
9958,H411,75736-33-3,"Aquatic Chronic 2"
9959,H302,33813-20-6,"Acute Tox. 4"
9960,H400,33813-20-6,"Aquatic Acute 1"
9961,H410,33813-20-6,"Aquatic Chronic 1"
9962,H361d,67564-91-4,"Repr. 2"
9963,H302,67564-91-4,"Acute Tox. 4"
9964,H315,67564-91-4,"Skin Irrit. 2"
9965,H411,67564-91-4,"Aquatic Chronic 2"
9966,H400,78587-05-0,"Aquatic Acute 1"
9967,H410,78587-05-0,"Aquatic Chronic 1"
9968,H319,81334-34-1,"Eye Irrit. 2"
9969,H412,81334-34-1,"Aquatic Chronic 3"
9970,H302,24307-26-4,"Acute Tox. 4"
9971,H412,24307-26-4,"Aquatic Chronic 3"
9972,H302,67747-09-5,"Acute Tox. 4"
9973,H400,67747-09-5,"Aquatic Acute 1"
9974,H410,67747-09-5,"Aquatic Chronic 1"
9975,H302,41394-05-2,"Acute Tox. 4"
9976,H400,41394-05-2,"Aquatic Acute 1"
9977,H302,57369-32-1,"Acute Tox. 4"
9978,H412,57369-32-1,"Aquatic Chronic 3"
9979,H302,51235-04-2,"Acute Tox. 4"
9980,H319,51235-04-2,"Eye Irrit. 2"
9981,H400,51235-04-2,"Aquatic Acute 1"
9982,H410,51235-04-2,"Aquatic Chronic 1"
9983,H351,2593-15-9,"Carc. 2"
9984,H302,2593-15-9,"Acute Tox. 4"
9985,H317,2593-15-9,"Skin Sens. 1"
9986,H400,2593-15-9,"Aquatic Acute 1"
9987,H410,2593-15-9,"Aquatic Chronic 1"
9988,H361d,88671-89-0,"Repr. 2"
9989,H302,88671-89-0,"Acute Tox. 4"
9990,H319,88671-89-0,"Eye Irrit. 2"
9991,H411,88671-89-0,"Aquatic Chronic 2"
9992,H317,120-78-5,"Skin Sens. 1"
9993,H400,120-78-5,"Aquatic Acute 1"
9994,H410,120-78-5,"Aquatic Chronic 1"
9995,H317,95-33-0,"Skin Sens. 1"
9996,H400,95-33-0,"Aquatic Acute 1"
9997,H410,95-33-0,"Aquatic Chronic 1"
9998,H400,18691-97-9,"Aquatic Acute 1"
9999,H410,18691-97-9,"Aquatic Chronic 1"
10000,H317,124495-18-7,"Skin Sens. 1"
10001,H400,124495-18-7,"Aquatic Acute 1"
10002,H410,124495-18-7,"Aquatic Chronic 1"
10003,H400,74223-64-6,"Aquatic Acute 1"
10004,H410,74223-64-6,"Aquatic Chronic 1"
10005,H341,66-81-9,"Muta. 2"
10006,H360D,66-81-9,"Repr. 1B"
10007,H300,66-81-9,"Acute Tox. 2"
10008,H411,66-81-9,"Aquatic Chronic 2"
10009,H302,10551-42-5,"Acute Tox. 4"
10010,H319,10551-42-5,"Eye Irrit. 2"
10011,H412,10551-42-5,"Aquatic Chronic 3"
10012,H411,77497-97-3,"Aquatic Chronic 2"
10013,H302,4186-71-4,"Acute Tox. 4"
10014,H411,4186-71-4,"Aquatic Chronic 2"
10015,H318,111681-72-2,"Eye Dam. 1"
10016,H317,143683-23-2,"Skin Sens. 1"
10017,H412,143683-23-2,"Aquatic Chronic 3"
10018,H331,96489-71-3,"Acute Tox. 3"
10019,H301,96489-71-3,"Acute Tox. 3"
10020,H400,96489-71-3,"Aquatic Acute 1"
10021,H410,96489-71-3,"Aquatic Chronic 1"
10022,H317,89392-03-0,"Skin Sens. 1"
10023,H411,89392-03-0,"Aquatic Chronic 2"
10024,H302,5734-64-5,"Acute Tox. 4"
10025,H226,89402-43-7,"Flam. Liq. 3"
10026,H302,89402-43-7,"Acute Tox. 4"
10027,H412,89402-43-7,"Aquatic Chronic 3"
10028,H317,83857-96-9,"Skin Sens. 1"
10029,H411,83857-96-9,"Aquatic Chronic 2"
10030,H302,54236-98-5,"Acute Tox. 4"
10031,H373,54236-98-5,"STOT RE 2"
10032,H319,54236-98-5,"Eye Irrit. 2"
10033,H332,69045-84-7,"Acute Tox. 4"
10034,H302,69045-84-7,"Acute Tox. 4"
10035,H318,69045-84-7,"Eye Dam. 1"
10036,H317,69045-84-7,"Skin Sens. 1"
10037,H411,69045-84-7,"Aquatic Chronic 2"
10038,H301,120928-09-8,"Acute Tox. 3"
10039,H332,120928-09-8,"Acute Tox. 4"
10040,H400,120928-09-8,"Aquatic Acute 1"
10041,H410,120928-09-8,"Aquatic Chronic 1"
10042,H317,125224-62-6,"Skin Sens. 1"
10043,H373,76145-91-0,"STOT RE 2"
10044,H317,76145-91-0,"Skin Sens. 1"
10045,H412,76145-91-0,"Aquatic Chronic 3"
10046,H341,100988-63-4,"Muta. 2"
10047,H317,100988-63-4,"Skin Sens. 1"
10048,H411,100988-63-4,"Aquatic Chronic 2"
10049,H400,120162-55-2,"Aquatic Acute 1"
10050,H410,120162-55-2,"Aquatic Chronic 1"
10051,H302,142459-58-3,"Acute Tox. 4"
10052,H373,142459-58-3,"STOT RE 2"
10053,H317,142459-58-3,"Skin Sens. 1"
10054,H400,142459-58-3,"Aquatic Acute 1"
10055,H410,142459-58-3,"Aquatic Chronic 1"
10056,H400,144740-54-5,"Aquatic Acute 1"
10057,H410,144740-54-5,"Aquatic Chronic 1"
10058,H360D,103361-09-7,"Repr. 1B"
10059,H400,103361-09-7,"Aquatic Acute 1"
10060,H410,103361-09-7,"Aquatic Chronic 1"
10061,H330,55965-84-9,"Acute Tox. 2"
10062,H301,55965-84-9,"Acute Tox. 2"
10063,H314,55965-84-9,"Acute Tox. 3"
10064,H318,55965-84-9,"Skin Corr. 1C"
10065,H317,55965-84-9,"Eye Dam. 1"
10066,H400,55965-84-9,"Skin Sens. 1A"
10067,H410,55965-84-9,"Aquatic Acute 1"
10068,H351,88-12-0,"Carc. 2"
10069,H332,88-12-0,"Acute Tox. 4"
10070,H312,88-12-0,"Acute Tox. 4"
10071,H302,88-12-0,"Acute Tox. 4"
10072,H335,88-12-0,"STOT SE 3"
10073,H373,88-12-0,"STOT RE 2"
10074,H318,88-12-0,"Eye Dam. 1"
10075,H341,1484-13-5,"Muta. 2"
10076,H312,1484-13-5,"Acute Tox. 4"
10077,H302,1484-13-5,"Acute Tox. 4"
10078,H315,1484-13-5,"Skin Irrit. 2"
10079,H317,1484-13-5,"Skin Sens. 1"
10080,H400,1484-13-5,"Aquatic Acute 1"
10081,H410,1484-13-5,"Aquatic Chronic 1"
10082,H302,694-64-4,"Acute Tox. 4"
10083,H318,694-64-4,"Eye Dam. 1"
10084,H317,694-64-4,"Skin Sens. 1"
10085,H411,694-64-4,"Aquatic Chronic 2"
10086,H302,79983-71-4,"Acute Tox. 4"
10087,H317,79983-71-4,"Skin Sens. 1"
10088,H411,79983-71-4,"Aquatic Chronic 2"
10089,H361f,17630-75-0,"Repr. 2"
10090,H302,17630-75-0,"Acute Tox. 4"
10091,H317,17630-75-0,"Skin Sens. 1"
10092,H412,17630-75-0,"Aquatic Chronic 3"
10093,H331,136426-54-5,"Acute Tox. 3"
10094,H301,136426-54-5,"Acute Tox. 3"
10095,H312,136426-54-5,"Acute Tox. 4"
10096,H372,136426-54-5,"STOT RE 1"
10097,H315,136426-54-5,"Skin Irrit. 2"
10098,H400,136426-54-5,"Aquatic Acute 1"
10099,H410,136426-54-5,"Aquatic Chronic 1"
10100,H332,112281-77-3,"Acute Tox. 4"
10101,H302,112281-77-3,"Acute Tox. 4"
10102,H411,112281-77-3,"Aquatic Chronic 2"
10103,H351,133855-98-8,"Carc. 2"
10104,H360Df,133855-98-8,"Repr. 1B"
10105,H411,133855-98-8,"Aquatic Chronic 2"
10106,H226,4524-95-2,"Flam. Liq. 3"
10107,H312,4524-95-2,"Acute Tox. 4"
10108,H302,4524-95-2,"Acute Tox. 4"
10109,H373,4524-95-2,"STOT RE 2"
10110,H314,4524-95-2,"Skin Corr. 1B"
10111,H312,5470-82-6,"Acute Tox. 4"
10112,H302,5470-82-6,"Acute Tox. 4"
10113,H317,5470-82-6,"Skin Sens. 1"
10114,H411,5470-82-6,"Aquatic Chronic 2"
10115,H314,137796-06-6,"Skin Corr. 1B"
10116,H317,137796-06-6,"Skin Sens. 1"
10117,H302,111337-53-2,"Acute Tox. 4"
10118,H314,111337-53-2,"Skin Corr. 1B"
10119,H317,111337-53-2,"Skin Sens. 1"
10120,H411,111337-53-2,"Aquatic Chronic 2"
10121,H400,3741-80-8,"Aquatic Acute 1"
10122,H410,3741-80-8,"Aquatic Chronic 1"
10123,H302,67485-29-4,"Acute Tox. 4"
10124,H372,67485-29-4,"STOT RE 1"
10125,H319,67485-29-4,"Eye Irrit. 2"
10126,H400,67485-29-4,"Aquatic Acute 1"
10127,H410,67485-29-4,"Aquatic Chronic 1"
10128,H351,65322-65-8,"Carc. 2"
10129,H341,65322-65-8,"Muta. 2"
10130,H302,65322-65-8,"Acute Tox. 4"
10131,H315,65322-65-8,"Skin Irrit. 2"
10132,H318,65322-65-8,"Eye Dam. 1"
10133,H412,65322-65-8,"Aquatic Chronic 3"
10134,H301,82633-79-2,"Acute Tox. 3"
10135,H318,82633-79-2,"Eye Dam. 1"
10136,H317,82633-79-2,"Skin Sens. 1"
10137,H400,82633-79-2,"Aquatic Acute 1"
10138,H410,82633-79-2,"Aquatic Chronic 1"
10139,H319,76855-69-1,"Eye Irrit. 2"
10140,H317,76855-69-1,"Skin Sens. 1"
10141,H411,76855-69-1,"Aquatic Chronic 2"
10142,H302,116256-11-2,"Acute Tox. 4"
10143,H318,116256-11-2,"Eye Dam. 1"
10144,H317,116256-11-2,"Skin Sens. 1"
10145,H411,116256-11-2,"Aquatic Chronic 2"
10146,H317,52667-88-6,"Skin Sens. 1"
10147,H400,52667-88-6,"Aquatic Acute 1"
10148,H410,52667-88-6,"Aquatic Chronic 1"
10149,H302,149530-93-8,"Acute Tox. 4"
10150,H317,149530-93-8,"Skin Sens. 1"
10151,H360F,143860-04-2,"Repr. 1B"
10152,H314,143860-04-2,"Skin Corr. 1B"
10153,H400,143860-04-2,"Aquatic Acute 1"
10154,H410,143860-04-2,"Aquatic Chronic 1"
10155,H317,151860-15-0,"Skin Sens. 1"
10156,H412,151860-15-0,"Aquatic Chronic 3"
10157,H318,163062-28-0,"Eye Dam. 1"
10158,H317,18600-59-4,"Skin Sens. 1"
10159,H413,18600-59-4,"Aquatic Chronic 4"
10160,H318,168113-78-8,"Eye Dam. 1"
10161,H317,187547-46-2,"Skin Sens. 1"
10162,H411,187547-46-2,"Aquatic Chronic 2"
10163,H302,145963-84-4,"Acute Tox. 4"
10164,H373,145963-84-4,"STOT RE 2"
10165,H412,145963-84-4,"Aquatic Chronic 3"
10166,H361f,143322-57-0,"Repr. 2"
10167,H332,143322-57-0,"Acute Tox. 4"
10168,H302,143322-57-0,"Acute Tox. 4"
10169,H372,143322-57-0,"STOT RE 1"
10170,H317,143322-57-0,"Skin Sens. 1"
10171,H400,143322-57-0,"Aquatic Acute 1"
10172,H410,143322-57-0,"Aquatic Chronic 1"
10173,H351,123312-89-0,"Carc. 2"
10174,H412,123312-89-0,"Aquatic Chronic 3"
10175,H400,129630-19-9,"Aquatic Acute 1"
10176,H410,129630-19-9,"Aquatic Chronic 1"
10177,H400,129630-17-7,"Aquatic Acute 1"
10178,H410,129630-17-7,"Aquatic Chronic 1"
10179,H361d,39807-15-3,"Repr. 2"
10180,H373,39807-15-3,"STOT RE 2"
10181,H400,39807-15-3,"Aquatic Acute 1"
10182,H410,39807-15-3,"Aquatic Chronic 1"
10183,H360D,60207-90-1,"Repr. 1B"
10184,H302,60207-90-1,"Acute Tox. 4"
10185,H317,60207-90-1,"Skin Sens. 1"
10186,H400,60207-90-1,"Aquatic Acute 1"
10187,H410,60207-90-1,"Aquatic Chronic 1"
10188,H400,161326-34-7,"Aquatic Acute 1"
10189,H410,161326-34-7,"Aquatic Chronic 1"
10190,H400,114311-32-9,"Aquatic Acute 1"
10191,H410,114311-32-9,"Aquatic Chronic 1"
10192,H301,63645-17-0,"Acute Tox. 3"
10193,H373,63645-17-0,"STOT RE 2"
10194,H317,63645-17-0,"Skin Sens. 1"
10195,H411,63645-17-0,"Aquatic Chronic 2"
10196,H373,88128-57-8,"STOT RE 2"
10197,H412,88128-57-8,"Aquatic Chronic 3"
10198,H317,74401-04-0,"Skin Sens. 1"
10199,H412,74401-04-0,"Aquatic Chronic 3"
10200,H302,133467-41-1,"Acute Tox. 4"
10201,H400,133467-41-1,"Aquatic Acute 1"
10202,H410,133467-41-1,"Aquatic Chronic 1"
10203,H312,72830-09-2,"Acute Tox. 4"
10204,H302,72830-09-2,"Acute Tox. 4"
10205,H373,72830-09-2,"STOT RE 2"
10206,H315,72830-09-2,"Skin Irrit. 2"
10207,H318,72830-09-2,"Eye Dam. 1"
10208,H317,72830-09-2,"Skin Sens. 1"
10209,H411,72830-09-2,"Aquatic Chronic 2"
10210,H400,162208-01-7,"Aquatic Acute 1"
10211,H410,162208-01-7,"Aquatic Chronic 1"
10212,H302,2380-86-1,"Acute Tox. 4"
10213,H318,2380-86-1,"Eye Dam. 1"
10214,H317,2380-86-1,"Skin Sens. 1"
10215,H411,2380-86-1,"Aquatic Chronic 2"
10216,H315,79185-77-6,"Skin Irrit. 2"
10217,H411,79185-77-6,"Aquatic Chronic 2"
10218,H302,147086-81-5,"Acute Tox. 4"
10219,H312,18368-64-4,"Acute Tox. 4"
10220,H302,18368-64-4,"Acute Tox. 4"
10221,H315,18368-64-4,"Skin Irrit. 2"
10222,H412,18368-64-4,"Aquatic Chronic 3"
10223,H302,5117-12-4,"Acute Tox. 4"
10224,H373,5117-12-4,"STOT RE 2"
10225,H318,5117-12-4,"Eye Dam. 1"
10226,H317,5117-12-4,"Skin Sens. 1"
10227,H302,136122-15-1,"Acute Tox. 4"
10228,H314,136122-15-1,"Skin Corr. 1B"
10229,H317,136122-15-1,"Skin Sens. 1"
10230,H400,136122-15-1,"Aquatic Acute 1"
10231,H410,136122-15-1,"Aquatic Chronic 1"
10232,H318,163831-67-2,"Eye Dam. 1"
10233,H400,163831-67-2,"Aquatic Acute 1"
10234,H410,163831-67-2,"Aquatic Chronic 1"
10235,H317,99199-90-3,"Skin Sens. 1"
10236,H411,99199-90-3,"Aquatic Chronic 2"
10237,H411,793669-26-8,"Aquatic Chronic 2"
10238,H315,106917-31-1,"Skin Irrit. 2"
10239,H317,106917-31-1,"Skin Sens. 1"
10240,H400,106917-31-1,"Aquatic Acute 1"
10241,H410,106917-31-1,"Aquatic Chronic 1"
10242,H400,145701-23-1,"Aquatic Acute 1"
10243,H410,145701-23-1,"Aquatic Chronic 1"
10244,H302,28365-08-4,"Acute Tox. 4"
10245,H373,28365-08-4,"STOT RE 2"
10246,H411,28365-08-4,"Aquatic Chronic 2"
10247,H331,163269-30-5,"Acute Tox. 3"
10248,H373,163269-30-5,"STOT RE 2"
10249,H318,163269-30-5,"Eye Dam. 1"
10250,H400,163269-30-5,"Aquatic Acute 1"
10251,H410,163269-30-5,"Aquatic Chronic 1"
10252,H318,56552-15-9,"Eye Dam. 1"
10253,H302,18087-70-2,"Acute Tox. 4"
10254,H319,18087-70-2,"Eye Irrit. 2"
10255,H302,6364-17-6,"Acute Tox. 4"
10256,H373,6364-17-6,"STOT RE 2"
10257,H317,6364-17-6,"Skin Sens. 1"
10258,H400,6364-17-6,"Aquatic Acute 1"
10259,H410,6364-17-6,"Aquatic Chronic 1"
10260,H311,65753-47-1,"Acute Tox. 3"
10261,H301,65753-47-1,"Acute Tox. 3"
10262,H372,65753-47-1,"STOT RE 1"
10263,H314,65753-47-1,"Skin Corr. 1B"
10264,H412,65753-47-1,"Aquatic Chronic 3"
10265,H413,133949-92-5,"Aquatic Chronic 4"
10266,H317,81992-66-7,"Skin Sens. 1"
10267,H400,81992-66-7,"Aquatic Acute 1"
10268,H410,81992-66-7,"Aquatic Chronic 1"
10269,H318,64137-52-6,"Eye Dam. 1"
10270,H412,64137-52-6,"Aquatic Chronic 3"
10271,H318,3250-74-6,"Eye Dam. 1"
10272,H318,191877-09-5,"Eye Dam. 1"
10273,H411,182235-14-9,"Aquatic Chronic 2"
10274,H411,21873-52-9,"Aquatic Chronic 2"
10275,H226,94239-04-0,"Flam. Liq. 3"
10276,H332,94239-04-0,"Acute Tox. 4"
10277,H302,94239-04-0,"Acute Tox. 4"
10278,H412,94239-04-0,"Aquatic Chronic 3"
10279,H412,103577-66-8,"Aquatic Chronic 3"
10280,H413,107786-36-7,"Aquatic Chronic 4"
10281,H302,2820-37-3,"Acute Tox. 4"
10282,H318,2820-37-3,"Eye Dam. 1"
10283,H412,2820-37-3,"Aquatic Chronic 3"
10284,H318,155601-30-2,"Eye Dam. 1"
10285,H317,155601-30-2,"Skin Sens. 1"
10286,H411,155601-30-2,"Aquatic Chronic 2"
10287,H302,180637-89-2,"Acute Tox. 4"
10288,H373,180637-89-2,"STOT RE 2"
10289,H318,180637-89-2,"Eye Dam. 1"
10290,H317,180637-89-2,"Skin Sens. 1"
10291,H351,68157-60-8,"Carc. 2"
10292,H411,68157-60-8,"Aquatic Chronic 2"
10293,H412,38313-48-3,"Aquatic Chronic 3"
10294,H317,170222-39-6,"Skin Sens. 1"
10295,H413,170222-39-6,"Aquatic Chronic 4"
10296,H314,202420-04-0,"Skin Corr. 1B"
10297,H412,202420-04-0,"Aquatic Chronic 3"
10298,H302,72963-72-5,"Acute Tox. 4"
10299,H400,72963-72-5,"Aquatic Acute 1"
10300,H410,72963-72-5,"Aquatic Chronic 1"
10301,H302,4023-02-3,"Acute Tox. 4"
10302,H373,4023-02-3,"STOT RE 2"
10303,H318,4023-02-3,"Eye Dam. 1"
10304,H317,4023-02-3,"Skin Sens. 1"
10305,H412,4023-02-3,"Aquatic Chronic 3"
10306,H318,180850-95-7,"Eye Dam. 1"
10307,H311,105827-91-6,"Acute Tox. 3"
10308,H302,105827-91-6,"Acute Tox. 4"
10309,H314,105827-91-6,"Skin Corr. 1B"
10310,H317,105827-91-6,"Skin Sens. 1"
10311,H411,105827-91-6,"Aquatic Chronic 2"
10312,H302,153719-23-4,"Acute Tox. 4"
10313,H400,153719-23-4,"Aquatic Acute 1"
10314,H410,153719-23-4,"Aquatic Chronic 1"
10315,H332,151213-39-7,"Acute Tox. 4"
10316,H302,151213-39-7,"Acute Tox. 4"
10317,H373,151213-39-7,"STOT RE 2"
10318,H314,151213-39-7,"Skin Corr. 1B"
10319,H411,151213-39-7,"Aquatic Chronic 2"
10320,H302,26364-65-8,"Acute Tox. 4"
10321,H373,26364-65-8,"STOT RE 2"
10322,H412,26364-65-8,"Aquatic Chronic 3"
10323,H412,113171-13-4,"Aquatic Chronic 3"
10324,H317,142469-14-5,"Skin Sens. 1"
10325,H400,142469-14-5,"Aquatic Acute 1"
10326,H410,142469-14-5,"Aquatic Chronic 1"
10327,H411,192439-46-6,"Aquatic Chronic 2"
10328,H302,140623-89-8,"Acute Tox. 4"
10329,H314,140623-89-8,"Skin Corr. 1B"
10330,H317,140623-89-8,"Skin Sens. 1"
10331,H400,140623-89-8,"Aquatic Acute 1"
10332,H410,140623-89-8,"Aquatic Chronic 1"
10333,H301,93076-03-0,"Acute Tox. 3"
10334,H371,93076-03-0,"STOT SE 2"
10335,H373,93076-03-0,"STOT RE 2"
10336,H318,93076-03-0,"Eye Dam. 1"
10337,H317,93076-03-0,"Skin Sens. 1"
10338,H411,93076-03-0,"Aquatic Chronic 2"
10339,H317,98377-35-6,"Skin Sens. 1"
10340,H412,98377-35-6,"Aquatic Chronic 3"
10341,H373,79568-06-2,"STOT RE 2"
10342,H400,79568-06-2,"Aquatic Acute 1"
10343,H410,79568-06-2,"Aquatic Chronic 1"
10344,H302,43057-68-7,"Acute Tox. 4"
10345,H373,43057-68-7,"STOT RE 2"
10346,H400,43057-68-7,"Aquatic Acute 1"
10347,H410,43057-68-7,"Aquatic Chronic 1"
10348,H361f,7226-23-5,"Repr. 2"
10349,H302,7226-23-5,"Acute Tox. 4"
10350,H318,7226-23-5,"Eye Dam. 1"
10351,H350,91-22-5,"Carc. 1B"
10352,H341,91-22-5,"Muta. 2"
10353,H312,91-22-5,"Acute Tox. 4"
10354,H302,91-22-5,"Acute Tox. 4"
10355,H315,91-22-5,"Skin Irrit. 2"
10356,H319,91-22-5,"Eye Irrit. 2"
10357,H411,91-22-5,"Aquatic Chronic 2"
10358,H411,131983-72-7,"Aquatic Chronic 2"
10359,H360F,65277-42-1,"Repr. 1B"
10360,H301,65277-42-1,"Acute Tox. 3"
10361,H373,65277-42-1,"STOT RE 2"
10362,H400,65277-42-1,"Aquatic Acute 1"
10363,H410,65277-42-1,"Aquatic Chronic 1"
10364,H361d,125116-23-6,"Repr. 2"
10365,H302,125116-23-6,"Acute Tox. 4"
10366,H411,125116-23-6,"Aquatic Chronic 2"
10367,H203,2592-95-2,"Expl. 1.3"
10368,H203,123333-53-9,"Expl. 1.3"
10369,H317,183196-57-8,"Skin Sens. 1"
10370,H302,160194-26-3,"Acute Tox. 4"
10371,H317,160194-26-3,"Skin Sens. 1"
10372,H411,160194-26-3,"Aquatic Chronic 2"
10373,H302,135756-61-5,"Acute Tox. 4"
10374,H318,135756-61-5,"Eye Dam. 1"
10375,H412,135756-61-5,"Aquatic Chronic 3"
10376,H400,142623-48-1,"Aquatic Acute 1"
10377,H410,142623-48-1,"Aquatic Chronic 1"
10378,H318,189012-93-9,"Eye Dam. 1"
10379,H317,189012-93-9,"Skin Sens. 1"
10380,H400,189012-93-9,"Aquatic Acute 1"
10381,H410,189012-93-9,"Aquatic Chronic 1"
10382,H373,106461-41-0,"STOT RE 2"
10383,H400,106461-41-0,"Aquatic Acute 1"
10384,H410,106461-41-0,"Aquatic Chronic 1"
10385,H341,26157-73-3,"Muta. 2"
10386,H412,26157-73-3,"Aquatic Chronic 3"
10387,H413,444065-11-6,"Aquatic Chronic 4"
10388,H413,379268-96-9,"Aquatic Chronic 4"
10389,H302,363138-44-7,"Acute Tox. 4"
10390,H318,363138-44-7,"Eye Dam. 1"
10391,H412,363138-44-7,"Aquatic Chronic 3"
10392,H318,243858-60-8,"Eye Dam. 1"
10393,H400,95737-68-1,"Aquatic Acute 1"
10394,H410,95737-68-1,"Aquatic Chronic 1"
10395,H302,138937-28-7,"Acute Tox. 4"
10396,H318,138937-28-7,"Eye Dam. 1"
10397,H413,3147-77-1,"Aquatic Chronic 4"
10398,H302,82911-69-1,"Acute Tox. 4"
10399,H317,82911-69-1,"Skin Sens. 1"
10400,H411,82911-69-1,"Aquatic Chronic 2"
10401,H302,210880-92-5,"Acute Tox. 4"
10402,H400,210880-92-5,"Aquatic Acute 1"
10403,H410,210880-92-5,"Aquatic Chronic 1"
10404,H302,7305-71-7,"Acute Tox. 4"
10405,H373,7305-71-7,"STOT RE 2"
10406,H400,7305-71-7,"Aquatic Acute 1"
10407,H410,7305-71-7,"Aquatic Chronic 1"
10408,H312,5271-27-2,"Acute Tox. 4"
10409,H302,5271-27-2,"Acute Tox. 4"
10410,H315,5271-27-2,"Skin Irrit. 2"
10411,H318,5271-27-2,"Eye Dam. 1"
10412,H412,5271-27-2,"Aquatic Chronic 3"
10413,H302,105813-13-6,"Acute Tox. 4"
10414,H317,105813-13-6,"Skin Sens. 1"
10415,H400,105813-13-6,"Aquatic Acute 1"
10416,H410,105813-13-6,"Aquatic Chronic 1"
10417,H302,152460-07-6,"Acute Tox. 4"
10418,H319,152460-07-6,"Eye Irrit. 2"
10419,H317,152460-07-6,"Skin Sens. 1"
10420,H412,152460-07-6,"Aquatic Chronic 3"
10421,H412,173838-67-0,"Aquatic Chronic 3"
10422,H400,7693-82-5,"Aquatic Acute 1"
10423,H410,7693-82-5,"Aquatic Chronic 1"
10424,H341,52234-82-9,"Muta. 2"
10425,H318,52234-82-9,"Eye Dam. 1"
10426,H317,52234-82-9,"Skin Sens. 1"
10427,H361d,66246-88-6,"Repr. 2"
10428,H302,66246-88-6,"Acute Tox. 4"
10429,H400,66246-88-6,"Aquatic Acute 1"
10430,H410,66246-88-6,"Aquatic Chronic 1"
10431,H400,473798-59-3,"Aquatic Acute 1"
10432,H410,473798-59-3,"Aquatic Chronic 1"
10433,H360D,288-32-4,"Repr. 1B"
10434,H302,288-32-4,"Acute Tox. 4"
10435,H314,288-32-4,"Skin Corr. 1C"
10436,H351,2164-08-1,"Carc. 2"
10437,H400,2164-08-1,"Aquatic Acute 1"
10438,H410,2164-08-1,"Aquatic Chronic 1"
10439,H330,86347-14-0,"Acute Tox. 2"
10440,H300,86347-14-0,"Acute Tox. 2"
10441,H336,86347-14-0,"STOT SE 3"
10442,H370,86347-14-0,"STOT SE 1"
10443,H372,86347-14-0,"STOT RE 1"
10444,H400,86347-14-0,"Aquatic Acute 1"
10445,H410,86347-14-0,"Aquatic Chronic 1"
10446,H360,55219-65-3,"Repr. 1B"
10447,H362,55219-65-3,Lact.
10448,H302,55219-65-3,"Acute Tox. 4"
10449,H411,55219-65-3,"Aquatic Chronic 2"
10450,H302,5915-41-3,"Acute Tox. 4"
10451,H373,5915-41-3,"STOT RE 2"
10452,H400,5915-41-3,"Aquatic Acute 1"
10453,H410,5915-41-3,"Aquatic Chronic 1"
10454,H360D,148-24-3,"Repr. 1B"
10455,H301,148-24-3,"Acute Tox. 3"
10456,H318,148-24-3,"Eye Dam. 1"
10457,H317,148-24-3,"Skin Sens. 1"
10458,H400,148-24-3,"Aquatic Acute 1"
10459,H410,148-24-3,"Aquatic Chronic 1"
10460,H351,111988-49-9,"Carc. 2"
10461,H360FD,111988-49-9,"Repr. 1B"
10462,H301,111988-49-9,"Acute Tox. 3"
10463,H332,111988-49-9,"Acute Tox. 4"
10464,H336,111988-49-9,"STOT SE 3"
10465,H400,111988-49-9,"Aquatic Acute 1"
10466,H410,111988-49-9,"Aquatic Chronic 1"
10467,H330,2682-20-4,"Acute Tox. 2"
10468,H311,2682-20-4,"Acute Tox. 3"
10469,H301,2682-20-4,"Acute Tox. 3"
10470,H314,2682-20-4,"Skin Corr. 1B"
10471,H318,2682-20-4,"Eye Dam. 1"
10472,H317,2682-20-4,"Skin Sens. 1A"
10473,H400,2682-20-4,"Aquatic Acute 1"
10474,H410,2682-20-4,"Aquatic Chronic 1"
10475,H317,422556-08-9,"Skin Sens. 1"
10476,H400,422556-08-9,"Aquatic Acute 1"
10477,H410,422556-08-9,"Aquatic Chronic 1"
10478,H360D,1072-63-5,"Repr. 1B"
10479,H330,54-11-5,"Acute Tox. 2"
10480,H310,54-11-5,"Acute Tox. 2"
10481,H300,54-11-5,"Acute Tox. 2"
10482,H411,54-11-5,"Aquatic Chronic 2"
10483,H310,57-24-9,"Acute Tox. 1"
10484,H300,57-24-9,"Acute Tox. 2"
10485,H400,57-24-9,"Aquatic Acute 1"
10486,H410,57-24-9,"Aquatic Chronic 1"
10487,H340,64-86-8,"Muta. 1B"
10488,H300,64-86-8,"Acute Tox. 2"
10489,H330,357-57-3,"Acute Tox. 2"
10490,H300,357-57-3,"Acute Tox. 2"
10491,H412,357-57-3,"Aquatic Chronic 3"
10492,H330,4845-99-2,"Acute Tox. 2"
10493,H300,4845-99-2,"Acute Tox. 2"
10494,H412,4845-99-2,"Aquatic Chronic 3"
10495,H330,5786-97-0,"Acute Tox. 2"
10496,H300,5786-97-0,"Acute Tox. 2"
10497,H412,5786-97-0,"Aquatic Chronic 3"
10498,H330,68239-26-9,"Acute Tox. 2"
10499,H300,68239-26-9,"Acute Tox. 2"
10500,H412,68239-26-9,"Aquatic Chronic 3"
10501,H330,68310-42-9,"Acute Tox. 2"
10502,H300,68310-42-9,"Acute Tox. 2"
10503,H412,68310-42-9,"Aquatic Chronic 3"
10504,H330,302-27-2,"Acute Tox. 2"
10505,H300,302-27-2,"Acute Tox. 2"
10506,H330,51-55-8,"Acute Tox. 2"
10507,H300,51-55-8,"Acute Tox. 2"
10508,H330,101-31-5,"Acute Tox. 2"
10509,H300,101-31-5,"Acute Tox. 2"
10510,H310,51-34-3,"Acute Tox. 1"
10511,H330,51-34-3,"Acute Tox. 2"
10512,H300,51-34-3,"Acute Tox. 2"
10513,H330,92-13-7,"Acute Tox. 2"
10514,H300,92-13-7,"Acute Tox. 2"
10515,H302,58-74-2,"Acute Tox. 4"
10516,H330,57-47-6,"Acute Tox. 2"
10517,H300,57-47-6,"Acute Tox. 2"
10518,H331,71-63-6,"Acute Tox. 3"
10519,H301,71-63-6,"Acute Tox. 3"
10520,H373,71-63-6,"STOT RE 2"
10521,H302,299-42-3,"Acute Tox. 4"
10522,H331,630-60-4,"Acute Tox. 3"
10523,H301,630-60-4,"Acute Tox. 3"
10524,H373,630-60-4,"STOT RE 2"
10525,H331,11005-63-3,"Acute Tox. 3"
10526,H301,11005-63-3,"Acute Tox. 3"
10527,H373,11005-63-3,"STOT RE 2"
10528,H300,507-60-8,"Acute Tox. 2"
10529,H302,68784-14-5,"Acute Tox. 4"
10530,H225,624-83-9,"Flam. Liq. 2"
10531,H361d,624-83-9,"Repr. 2"
10532,H330,624-83-9,"Acute Tox. 2"
10533,H311,624-83-9,"Acute Tox. 3"
10534,H301,624-83-9,"Acute Tox. 3"
10535,H335,624-83-9,"STOT SE 3"
10536,H315,624-83-9,"Skin Irrit. 2"
10537,H318,624-83-9,"Eye Dam. 1"
10538,H334,624-83-9,"Resp. Sens. 1"
10539,H317,624-83-9,"Skin Sens. 1"
10540,H331,556-61-6,"Acute Tox. 3"
10541,H301,556-61-6,"Acute Tox. 3"
10542,H314,556-61-6,"Skin Corr. 1B"
10543,H317,556-61-6,"Skin Sens. 1"
10544,H400,556-61-6,"Aquatic Acute 1"
10545,H410,556-61-6,"Aquatic Chronic 1"
10546,H332,463-56-9,"Acute Tox. 4"
10547,H312,463-56-9,"Acute Tox. 4"
10548,H302,463-56-9,"Acute Tox. 4"
10549,H412,463-56-9,"Aquatic Chronic 3"
10550,H351,101-68-8,"Carc. 2"
10551,H332,101-68-8,"Acute Tox. 4"
10552,H335,101-68-8,"STOT SE 3"
10553,H373,101-68-8,"STOT RE 2"
10554,H315,101-68-8,"Skin Irrit. 2"
10555,H319,101-68-8,"Eye Irrit. 2"
10556,H334,101-68-8,"Resp. Sens. 1"
10557,H317,101-68-8,"Skin Sens. 1"
10558,H351,2536-05-2,"Carc. 2"
10559,H332,2536-05-2,"Acute Tox. 4"
10560,H335,2536-05-2,"STOT SE 3"
10561,H373,2536-05-2,"STOT RE 2"
10562,H315,2536-05-2,"Skin Irrit. 2"
10563,H319,2536-05-2,"Eye Irrit. 2"
10564,H334,2536-05-2,"Resp. Sens. 1"
10565,H317,2536-05-2,"Skin Sens. 1"
10566,H351,5873-54-1,"Carc. 2"
10567,H332,5873-54-1,"Acute Tox. 4"
10568,H335,5873-54-1,"STOT SE 3"
10569,H373,5873-54-1,"STOT RE 2"
10570,H315,5873-54-1,"Skin Irrit. 2"
10571,H319,5873-54-1,"Eye Irrit. 2"
10572,H334,5873-54-1,"Resp. Sens. 1"
10573,H317,5873-54-1,"Skin Sens. 1"
10574,H351,26447-40-5,"Carc. 2"
10575,H332,26447-40-5,"Acute Tox. 4"
10576,H335,26447-40-5,"STOT SE 3"
10577,H373,26447-40-5,"STOT RE 2"
10578,H315,26447-40-5,"Skin Irrit. 2"
10579,H319,26447-40-5,"Eye Irrit. 2"
10580,H334,26447-40-5,"Resp. Sens. 1"
10581,H317,26447-40-5,"Skin Sens. 1"
10582,H351,91-08-7,"Carc. 2"
10583,H330,91-08-7,"Acute Tox. 2"
10584,H335,91-08-7,"STOT SE 3"
10585,H315,91-08-7,"Skin Irrit. 2"
10586,H319,91-08-7,"Eye Irrit. 2"
10587,H334,91-08-7,"Resp. Sens. 1"
10588,H317,91-08-7,"Skin Sens. 1"
10589,H412,91-08-7,"Aquatic Chronic 3"
10590,H351,584-84-9,"Carc. 2"
10591,H330,584-84-9,"Acute Tox. 2"
10592,H335,584-84-9,"STOT SE 3"
10593,H315,584-84-9,"Skin Irrit. 2"
10594,H319,584-84-9,"Eye Irrit. 2"
10595,H334,584-84-9,"Resp. Sens. 1"
10596,H317,584-84-9,"Skin Sens. 1"
10597,H412,584-84-9,"Aquatic Chronic 3"
10598,H351,26471-62-5,"Carc. 2"
10599,H330,26471-62-5,"Acute Tox. 2"
10600,H335,26471-62-5,"STOT SE 3"
10601,H315,26471-62-5,"Skin Irrit. 2"
10602,H319,26471-62-5,"Eye Irrit. 2"
10603,H334,26471-62-5,"Resp. Sens. 1"
10604,H317,26471-62-5,"Skin Sens. 1"
10605,H412,26471-62-5,"Aquatic Chronic 3"
10606,H332,3173-72-6,"Acute Tox. 4"
10607,H335,3173-72-6,"STOT SE 3"
10608,H315,3173-72-6,"Skin Irrit. 2"
10609,H319,3173-72-6,"Eye Irrit. 2"
10610,H334,3173-72-6,"Resp. Sens. 1"
10611,H412,3173-72-6,"Aquatic Chronic 3"
10612,H331,4098-71-9,"Acute Tox. 3"
10613,H335,4098-71-9,"STOT SE 3"
10614,H315,4098-71-9,"Skin Irrit. 2"
10615,H319,4098-71-9,"Eye Irrit. 2"
10616,H334,4098-71-9,"Resp. Sens. 1"
10617,H317,4098-71-9,"Skin Sens. 1"
10618,H411,4098-71-9,"Aquatic Chronic 2"
10619,H331,5124-30-1,"Acute Tox. 3"
10620,H335,5124-30-1,"STOT SE 3"
10621,H315,5124-30-1,"Skin Irrit. 2"
10622,H319,5124-30-1,"Eye Irrit. 2"
10623,H334,5124-30-1,"Resp. Sens. 1"
10624,H317,5124-30-1,"Skin Sens. 1"
10625,H331,16938-22-0,"Acute Tox. 3"
10626,H335,16938-22-0,"STOT SE 3"
10627,H315,16938-22-0,"Skin Irrit. 2"
10628,H319,16938-22-0,"Eye Irrit. 2"
10629,H334,16938-22-0,"Resp. Sens. 1"
10630,H331,15646-96-5,"Acute Tox. 3"
10631,H335,15646-96-5,"STOT SE 3"
10632,H315,15646-96-5,"Skin Irrit. 2"
10633,H319,15646-96-5,"Eye Irrit. 2"
10634,H334,15646-96-5,"Resp. Sens. 1"
10635,H331,822-06-0,"Acute Tox. 3"
10636,H335,822-06-0,"STOT SE 3"
10637,H315,822-06-0,"Skin Irrit. 2"
10638,H319,822-06-0,"Eye Irrit. 2"
10639,H334,822-06-0,"Resp. Sens. 1"
10640,H317,822-06-0,"Skin Sens. 1"
10641,H335,4083-64-1,"STOT SE 3"
10642,H315,4083-64-1,"Skin Irrit. 2"
10643,H319,4083-64-1,"Eye Irrit. 2"
10644,H334,4083-64-1,"Resp. Sens. 1"
10645,H351,420-04-2,"Carc. 2"
10646,H361fd,420-04-2,"Repr. 2"
10647,H311,420-04-2,"Acute Tox. 3"
10648,H301,420-04-2,"Acute Tox. 3"
10649,H373,420-04-2,"STOT RE 2"
10650,H314,420-04-2,"Skin Corr. 1"
10651,H318,420-04-2,"Eye Dam. 1"
10652,H317,420-04-2,"Skin Sens. 1"
10653,H412,420-04-2,"Aquatic Chronic 3"
10654,H302,7276-58-6,"Acute Tox. 4"
10655,H302,115-31-1,"Acute Tox. 4"
10656,H400,115-31-1,"Aquatic Acute 1"
10657,H410,115-31-1,"Aquatic Chronic 1"
10658,H302,590-28-3,"Acute Tox. 4"
10659,H302,156-62-7,"Acute Tox. 4"
10660,H335,156-62-7,"STOT SE 3"
10661,H318,156-62-7,"Eye Dam. 1"
10662,H226,112-56-1,"Flam. Liq. 3"
10663,H311,112-56-1,"Acute Tox. 3"
10664,H301,112-56-1,"Acute Tox. 3"
10665,H311,538-75-0,"Acute Tox. 3"
10666,H302,538-75-0,"Acute Tox. 4"
10667,H318,538-75-0,"Eye Dam. 1"
10668,H317,538-75-0,"Skin Sens. 1"
10669,H330,6317-18-6,"Acute Tox. 2"
10670,H301,6317-18-6,"Acute Tox. 3"
10671,H314,6317-18-6,"Skin Corr. 1B"
10672,H317,6317-18-6,"Skin Sens. 1"
10673,H400,6317-18-6,"Aquatic Acute 1"
10674,H340,2451-62-9,"Muta. 1B"
10675,H331,2451-62-9,"Acute Tox. 3"
10676,H301,2451-62-9,"Acute Tox. 3"
10677,H373,2451-62-9,"STOT RE 2"
10678,H318,2451-62-9,"Eye Dam. 1"
10679,H317,2451-62-9,"Skin Sens. 1"
10680,H412,2451-62-9,"Aquatic Chronic 3"
10681,H373,79277-18-2,"STOT RE 2"
10682,H334,79277-18-2,"Resp. Sens. 1"
10683,H317,79277-18-2,"Skin Sens. 1"
10684,H226,83056-32-0,"Flam. Liq. 3"
10685,H341,83056-32-0,"Muta. 2"
10686,H332,83056-32-0,"Acute Tox. 4"
10687,H373,83056-32-0,"STOT RE 2"
10688,H318,83056-32-0,"Eye Dam. 1"
10689,H334,83056-32-0,"Resp. Sens. 1"
10690,H331,1943-82-4,"Acute Tox. 3"
10691,H302,1943-82-4,"Acute Tox. 4"
10692,H314,1943-82-4,"Skin Corr. 1A"
10693,H334,1943-82-4,"Resp. Sens. 1"
10694,H317,1943-82-4,"Skin Sens. 1"
10695,H411,1943-82-4,"Aquatic Chronic 2"
10696,H332,47073-92-7,"Acute Tox. 4"
10697,H302,47073-92-7,"Acute Tox. 4"
10698,H373,47073-92-7,"STOT RE 2"
10699,H318,47073-92-7,"Eye Dam. 1"
10700,H400,47073-92-7,"Aquatic Acute 1"
10701,H410,47073-92-7,"Aquatic Chronic 1"
10702,H317,101657-77-6,"Skin Sens. 1"
10703,H412,101657-77-6,"Aquatic Chronic 3"
10704,H302,77375-79-2,"Acute Tox. 4"
10705,H373,77375-79-2,"STOT RE 2"
10706,H318,77375-79-2,"Eye Dam. 1"
10707,H334,77375-79-2,"Resp. Sens. 1"
10708,H317,77375-79-2,"Skin Sens. 1"
10709,H330,3535-84-0,"Acute Tox. 2"
10710,H300,3535-84-0,"Acute Tox. 2"
10711,H312,3535-84-0,"Acute Tox. 4"
10712,H373,3535-84-0,"STOT RE 2"
10713,H411,3535-84-0,"Aquatic Chronic 2"
10714,H413,122886-55-9,"Aquatic Chronic 4"
10715,H330,104-12-1,"Acute Tox. 2"
10716,H302,104-12-1,"Acute Tox. 4"
10717,H335,104-12-1,"STOT SE 3"
10718,H315,104-12-1,"Skin Irrit. 2"
10719,H318,104-12-1,"Eye Dam. 1"
10720,H334,104-12-1,"Resp. Sens. 1"
10721,H400,104-12-1,"Aquatic Acute 1"
10722,H410,104-12-1,"Aquatic Chronic 1"
10723,H360D,68-12-2,"Repr. 1B"
10724,H332,68-12-2,"Acute Tox. 4"
10725,H312,68-12-2,"Acute Tox. 4"
10726,H319,68-12-2,"Eye Irrit. 2"
10727,H300,640-19-7,"Acute Tox. 2"
10728,H311,640-19-7,"Acute Tox. 3"
10729,H350,79-06-1,"Carc. 1B"
10730,H340,79-06-1,"Muta. 1B"
10731,H361f,79-06-1,"Repr. 2"
10732,H301,79-06-1,"Acute Tox. 3"
10733,H332,79-06-1,"Acute Tox. 4"
10734,H312,79-06-1,"Acute Tox. 4"
10735,H372,79-06-1,"STOT RE 1"
10736,H315,79-06-1,"Skin Irrit. 2"
10737,H319,79-06-1,"Eye Irrit. 2"
10738,H317,79-06-1,"Skin Sens. 1"
10739,H312,93-71-0,"Acute Tox. 4"
10740,H302,93-71-0,"Acute Tox. 4"
10741,H315,93-71-0,"Skin Irrit. 2"
10742,H319,93-71-0,"Eye Irrit. 2"
10743,H411,93-71-0,"Aquatic Chronic 2"
10744,H302,1918-13-4,"Acute Tox. 4"
10745,H332,1085-98-9,"Acute Tox. 4"
10746,H319,1085-98-9,"Eye Irrit. 2"
10747,H317,1085-98-9,"Skin Sens. 1"
10748,H400,1085-98-9,"Aquatic Acute 1"
10749,H302,957-51-7,"Acute Tox. 4"
10750,H412,957-51-7,"Aquatic Chronic 3"
10751,H302,1918-16-7,"Acute Tox. 4"
10752,H319,1918-16-7,"Eye Irrit. 2"
10753,H317,1918-16-7,"Skin Sens. 1"
10754,H400,1918-16-7,"Aquatic Acute 1"
10755,H410,1918-16-7,"Aquatic Chronic 1"
10756,H302,709-98-8,"Acute Tox. 4"
10757,H400,709-98-8,"Aquatic Acute 1"
10758,H302,127-65-1,"Acute Tox. 4"
10759,H314,127-65-1,"Skin Corr. 1B"
10760,H334,127-65-1,"Resp. Sens. 1"
10761,H360D,127-19-5,"Repr. 1B"
10762,H332,127-19-5,"Acute Tox. 4"
10763,H312,127-19-5,"Acute Tox. 4"
10764,H315,719-96-0,"Skin Irrit. 2"
10765,H311,110-69-0,"Acute Tox. 3"
10766,H302,110-69-0,"Acute Tox. 4"
10767,H319,110-69-0,"Eye Irrit. 2"
10768,H351,96-29-7,"Carc. 2"
10769,H312,96-29-7,"Acute Tox. 4"
10770,H318,96-29-7,"Eye Dam. 1"
10771,H317,96-29-7,"Skin Sens. 1"
10772,H351,15972-60-8,"Carc. 2"
10773,H302,15972-60-8,"Acute Tox. 4"
10774,H317,15972-60-8,"Skin Sens. 1"
10775,H400,15972-60-8,"Aquatic Acute 1"
10776,H410,15972-60-8,"Aquatic Chronic 1"
10777,H300,5836-73-7,"Acute Tox. 2"
10778,H312,15263-52-2,"Acute Tox. 4"
10779,H302,15263-52-2,"Acute Tox. 4"
10780,H400,15263-52-2,"Aquatic Acute 1"
10781,H410,15263-52-2,"Aquatic Chronic 1"
10782,H302,134-62-3,"Acute Tox. 4"
10783,H315,134-62-3,"Skin Irrit. 2"
10784,H319,134-62-3,"Eye Irrit. 2"
10785,H412,134-62-3,"Aquatic Chronic 3"
10786,H302,37924-13-3,"Acute Tox. 4"
10787,H319,37924-13-3,"Eye Irrit. 2"
10788,H302,34014-18-1,"Acute Tox. 4"
10789,H400,34014-18-1,"Aquatic Acute 1"
10790,H410,34014-18-1,"Aquatic Chronic 1"
10791,H302,25366-23-8,"Acute Tox. 4"
10792,H400,25366-23-8,"Aquatic Acute 1"
10793,H410,25366-23-8,"Aquatic Chronic 1"
10794,H351,60-35-5,"Carc. 2"
10795,H361f,20108-78-5,"Repr. 2"
10796,H319,20108-78-5,"Eye Irrit. 2"
10797,H317,20108-78-5,"Skin Sens. 1"
10798,H350,62-55-5,"Carc. 1B"
10799,H302,62-55-5,"Acute Tox. 4"
10800,H315,62-55-5,"Skin Irrit. 2"
10801,H319,62-55-5,"Eye Irrit. 2"
10802,H412,62-55-5,"Aquatic Chronic 3"
10803,H317,108673-51-4,"Skin Sens. 1"
10804,H413,108673-51-4,"Aquatic Chronic 4"
10805,H318,66710-66-5,"Eye Dam. 1"
10806,H317,66710-66-5,"Skin Sens. 1"
10807,H317,30043-49-3,"Skin Sens. 1"
10808,H400,30043-49-3,"Aquatic Acute 1"
10809,H410,30043-49-3,"Aquatic Chronic 1"
10810,H302,50563-36-5,"Acute Tox. 4"
10811,H317,50563-36-5,"Skin Sens. 1"
10812,H400,50563-36-5,"Aquatic Acute 1"
10813,H410,50563-36-5,"Aquatic Chronic 1"
10814,H301,69581-33-5,"Acute Tox. 3"
10815,H312,69581-33-5,"Acute Tox. 4"
10816,H400,69581-33-5,"Aquatic Acute 1"
10817,H410,69581-33-5,"Aquatic Chronic 1"
10818,H361fd,57966-95-7,"Repr. 2"
10819,H302,57966-95-7,"Acute Tox. 4"
10820,H373,57966-95-7,"STOT RE 2"
10821,H317,57966-95-7,"Skin Sens. 1"
10822,H400,57966-95-7,"Aquatic Acute 1"
10823,H410,57966-95-7,"Aquatic Chronic 1"
10824,H361f,79-07-2,"Repr. 2"
10825,H301,79-07-2,"Acute Tox. 3"
10826,H317,79-07-2,"Skin Sens. 1"
10827,H351,34256-82-1,"Carc. 2"
10828,H361f,34256-82-1,"Repr. 2"
10829,H332,34256-82-1,"Acute Tox. 4"
10830,H335,34256-82-1,"STOT SE 3"
10831,H373,34256-82-1,"STOT RE 2"
10832,H315,34256-82-1,"Skin Irrit. 2"
10833,H317,34256-82-1,"Skin Sens. 1"
10834,H400,34256-82-1,"Aquatic Acute 1"
10835,H410,34256-82-1,"Aquatic Chronic 1"
10836,H318,88918-84-7,"Eye Dam. 1"
10837,H317,88918-84-7,"Skin Sens. 1"
10838,H411,88918-84-7,"Aquatic Chronic 2"
10839,H317,117827-06-2,"Skin Sens. 1"
10840,H318,97888-41-0,"Eye Dam. 1"
10841,H317,142859-67-4,"Skin Sens. 1"
10842,H413,142859-67-4,"Aquatic Chronic 4"
10843,H317,122371-93-1,"Skin Sens. 1"
10844,H413,122371-93-1,"Aquatic Chronic 4"
10845,H373,1939-27-1,"STOT RE 2"
10846,H411,1939-27-1,"Aquatic Chronic 2"
10847,H317,103055-07-8,"Skin Sens. 1"
10848,H400,103055-07-8,"Aquatic Acute 1"
10849,H410,103055-07-8,"Aquatic Chronic 1"
10850,H360D,75-12-7,"Repr. 1B"
10851,H360D,79-16-3,"Repr. 1B"
10852,H351,36734-19-7,"Carc. 2"
10853,H400,36734-19-7,"Aquatic Acute 1"
10854,H410,36734-19-7,"Aquatic Chronic 1"
10855,H351,23950-58-5,"Carc. 2"
10856,H400,23950-58-5,"Aquatic Acute 1"
10857,H410,23950-58-5,"Aquatic Chronic 1"
10858,H360D,123-39-7,"Repr. 1B"
10859,H312,123-39-7,"Acute Tox. 4"
10860,H373,119462-56-5,"STOT RE 2"
10861,H318,119462-56-5,"Eye Dam. 1"
10862,H317,119462-56-5,"Skin Sens. 1"
10863,H400,119462-56-5,"Aquatic Acute 1"
10864,H410,119462-56-5,"Aquatic Chronic 1"
10865,H319,124172-53-8,"Eye Irrit. 2"
10866,H412,124172-53-8,"Aquatic Chronic 3"
10867,H314,70693-57-1,"Skin Corr. 1B"
10868,H412,70693-57-1,"Aquatic Chronic 3"
10869,H331,106917-30-0,"Acute Tox. 3"
10870,H302,106917-30-0,"Acute Tox. 4"
10871,H373,106917-30-0,"STOT RE 2"
10872,H314,106917-30-0,"Skin Corr. 1A"
10873,H400,106917-30-0,"Aquatic Acute 1"
10874,H410,106917-30-0,"Aquatic Chronic 1"
10875,H302,79881-89-3,"Acute Tox. 4"
10876,H373,79881-89-3,"STOT RE 2"
10877,H361f,115662-06-1,"Repr. 2"
10878,H317,174393-75-0,"Skin Sens. 1"
10879,H341,120187-29-3,"Muta. 2"
10880,H413,120187-29-3,"Aquatic Chronic 4"
10881,H319,104958-67-0,"Eye Irrit. 2"
10882,H317,104958-67-0,"Skin Sens. 1"
10883,H412,104958-67-0,"Aquatic Chronic 3"
10884,H302,65197-96-8,"Acute Tox. 4"
10885,H318,65197-96-8,"Eye Dam. 1"
10886,H411,112410-23-8,"Aquatic Chronic 2"
10887,H317,140921-24-0,"Skin Sens. 1"
10888,H302,24856-00-6,"Acute Tox. 4"
10889,H317,24856-00-6,"Skin Sens. 1"
10890,H400,24856-00-6,"Aquatic Acute 1"
10891,H410,24856-00-6,"Aquatic Chronic 1"
10892,H317,129604-78-0,"Skin Sens. 1"
10893,H317,27080-42-8,"Skin Sens. 1"
10894,H412,27080-42-8,"Aquatic Chronic 3"
10895,H400,168900-02-5,"Aquatic Acute 1"
10896,H410,168900-02-5,"Aquatic Chronic 1"
10897,H319,52658-19-2,"Eye Irrit. 2"
10898,H317,52658-19-2,"Skin Sens. 1"
10899,H411,52658-19-2,"Aquatic Chronic 2"
10900,H317,112006-75-4,"Skin Sens. 1"
10901,H412,112006-75-4,"Aquatic Chronic 3"
10902,H341,41107-56-6,"Muta. 2"
10903,H331,70918-74-0,"Acute Tox. 3"
10904,H311,70918-74-0,"Acute Tox. 3"
10905,H301,70918-74-0,"Acute Tox. 3"
10906,H373,70918-74-0,"STOT RE 2"
10907,H411,70918-74-0,"Aquatic Chronic 2"
10908,H340,59653-74-6,"Muta. 1B"
10909,H331,59653-74-6,"Acute Tox. 3"
10910,H302,59653-74-6,"Acute Tox. 4"
10911,H373,59653-74-6,"STOT RE 2"
10912,H318,59653-74-6,"Eye Dam. 1"
10913,H317,59653-74-6,"Skin Sens. 1"
10914,H317,129217-90-9,"Skin Sens. 1"
10915,H411,129217-90-9,"Aquatic Chronic 2"
10916,H411,119126-15-7,"Aquatic Chronic 2"
10917,H302,10218-17-4,"Acute Tox. 4"
10918,H315,10218-17-4,"Skin Irrit. 2"
10919,H302,149182-72-9,"Acute Tox. 4"
10920,H412,149182-72-9,"Aquatic Chronic 3"
10921,H317,120298-38-6,"Skin Sens. 1"
10922,H400,120298-38-6,"Aquatic Acute 1"
10923,H410,120298-38-6,"Aquatic Chronic 1"
10924,H400,71626-11-4,"Aquatic Acute 1"
10925,H410,71626-11-4,"Aquatic Chronic 1"
10926,H351,15545-48-9,"Carc. 2"
10927,H361d,15545-48-9,"Repr. 2"
10928,H400,15545-48-9,"Aquatic Acute 1"
10929,H410,15545-48-9,"Aquatic Chronic 1"
10930,H400,13684-63-4,"Aquatic Acute 1"
10931,H410,13684-63-4,"Aquatic Chronic 1"
10932,H351,142891-20-1,"Carc. 2"
10933,H317,142891-20-1,"Skin Sens. 1"
10934,H400,142891-20-1,"Aquatic Acute 1"
10935,H410,142891-20-1,"Aquatic Chronic 1"
10936,H400,144550-36-7,"Aquatic Acute 1"
10937,H410,144550-36-7,"Aquatic Chronic 1"
10938,H400,141776-32-1,"Aquatic Acute 1"
10939,H410,141776-32-1,"Aquatic Chronic 1"
10940,H302,113136-77-9,"Acute Tox. 4"
10941,H411,113136-77-9,"Aquatic Chronic 2"
10942,H411,126833-17-8,"Aquatic Chronic 2"
10943,H373,144651-06-9,"STOT RE 2"
10944,H400,144651-06-9,"Aquatic Acute 1"
10945,H410,144651-06-9,"Aquatic Chronic 1"
10946,H400,13684-56-5,"Aquatic Acute 1"
10947,H410,13684-56-5,"Aquatic Chronic 1"
10948,H361f,777891-21-1,"Repr. 2"
10949,H317,777891-21-1,"Skin Sens. 1"
10950,H400,777891-21-1,"Aquatic Acute 1"
10951,H410,777891-21-1,"Aquatic Chronic 1"
10952,H302,65797-42-4,"Acute Tox. 4"
10953,H412,65797-42-4,"Aquatic Chronic 3"
10954,H317,129205-19-2,"Skin Sens. 1"
10955,H411,129205-19-2,"Aquatic Chronic 2"
10956,H302,105726-67-8,"Acute Tox. 4"
10957,H400,96141-86-5,"Aquatic Acute 1"
10958,H410,96141-86-5,"Aquatic Chronic 1"
10959,H311,90076-65-6,"Acute Tox. 3"
10960,H301,90076-65-6,"Acute Tox. 3"
10961,H373,90076-65-6,"STOT RE 2"
10962,H314,90076-65-6,"Skin Corr. 1B"
10963,H412,90076-65-6,"Aquatic Chronic 3"
10964,H400,151338-11-3,"Aquatic Acute 1"
10965,H410,151338-11-3,"Aquatic Chronic 1"
10966,H302,139756-01-7,"Acute Tox. 4"
10967,H373,139756-01-7,"STOT RE 2"
10968,H412,139756-01-7,"Aquatic Chronic 3"
10969,H302,42774-15-2,"Acute Tox. 4"
10970,H319,42774-15-2,"Eye Irrit. 2"
10971,H302,17193-28-1,"Acute Tox. 4"
10972,H372,17193-28-1,"STOT RE 1"
10973,H318,17193-28-1,"Eye Dam. 1"
10974,H400,130016-98-7,"Aquatic Acute 1"
10975,H410,130016-98-7,"Aquatic Chronic 1"
10976,H302,149118-66-1,"Acute Tox. 4"
10977,H318,149118-66-1,"Eye Dam. 1"
10978,H400,149118-66-1,"Aquatic Acute 1"
10979,H410,149118-66-1,"Aquatic Chronic 1"
10980,H302,136522-17-3,"Acute Tox. 4"
10981,H412,136522-17-3,"Aquatic Chronic 3"
10982,H317,71526-07-3,"Skin Sens. 1"
10983,H411,71526-07-3,"Aquatic Chronic 2"
10984,H317,112226-61-6,"Skin Sens. 1"
10985,H411,112226-61-6,"Aquatic Chronic 2"
10986,H302,136465-81-1,"Acute Tox. 4"
10987,H318,136465-81-1,"Eye Dam. 1"
10988,H412,136465-81-1,"Aquatic Chronic 3"
10989,H317,133336-92-2,"Skin Sens. 1"
10990,H413,133336-92-2,"Aquatic Chronic 4"
10991,H317,156052-68-5,"Skin Sens. 1"
10992,H400,156052-68-5,"Aquatic Acute 1"
10993,H410,156052-68-5,"Aquatic Chronic 1"
10994,H341,93629-90-4,"Muta. 2"
10995,H318,93629-90-4,"Eye Dam. 1"
10996,H317,93629-90-4,"Skin Sens. 1"
10997,H412,93629-90-4,"Aquatic Chronic 3"
10998,H361f,149591-38-8,"Repr. 2"
10999,H319,149591-38-8,"Eye Irrit. 2"
11000,H413,149591-38-8,"Aquatic Chronic 4"
11001,H302,106700-29-2,"Acute Tox. 4"
11002,H317,106700-29-2,"Skin Sens. 1"
11003,H400,106700-29-2,"Aquatic Acute 1"
11004,H410,106700-29-2,"Aquatic Chronic 1"
11005,H413,142776-95-2,"Aquatic Chronic 4"
11006,H302,139481-22-4,"Acute Tox. 4"
11007,H412,139481-22-4,"Aquatic Chronic 3"
11008,H350,84245-12-5,"Carc. 1B"
11009,H340,84245-12-5,"Muta. 1B"
11010,H360FD,84245-12-5,"Repr. 1B"
11011,H302,171887-03-9,"Acute Tox. 4"
11012,H318,171887-03-9,"Eye Dam. 1"
11013,H317,171887-03-9,"Skin Sens. 1"
11014,H412,171887-03-9,"Aquatic Chronic 3"
11015,H413,125971-96-2,"Aquatic Chronic 4"
11016,H317,125971-57-5,"Skin Sens. 1"
11017,H411,125971-57-5,"Aquatic Chronic 2"
11018,H400,104560-40-9,"Aquatic Acute 1"
11019,H410,104560-40-9,"Aquatic Chronic 1"
11020,H413,204277-61-2,"Aquatic Chronic 4"
11021,H302,114565-70-7,"Acute Tox. 4"
11022,H318,114565-70-7,"Eye Dam. 1"
11023,H400,114565-70-7,"Aquatic Acute 1"
11024,H410,114565-70-7,"Aquatic Chronic 1"
11025,H373,90357-53-2,"STOT RE 2"
11026,H411,90357-53-2,"Aquatic Chronic 2"
11027,H317,61551-69-7,"Skin Sens. 1"
11028,H412,61551-69-7,"Aquatic Chronic 3"
11029,H412,67669-19-6,"Aquatic Chronic 3"
11030,H413,192463-88-0,"Aquatic Chronic 4"
11031,H351,149961-52-4,"Carc. 2"
11032,H361d,149961-52-4,"Repr. 2"
11033,H332,149961-52-4,"Acute Tox. 4"
11034,H400,149961-52-4,"Aquatic Acute 1"
11035,H410,149961-52-4,"Aquatic Chronic 1"
11036,H400,113614-08-7,"Aquatic Acute 1"
11037,H410,113614-08-7,"Aquatic Chronic 1"
11038,H400,120116-88-3,"Aquatic Acute 1"
11039,H410,120116-88-3,"Aquatic Chronic 1"
11040,H319,168612-06-4,"Eye Irrit. 2"
11041,H317,168612-06-4,"Skin Sens. 1"
11042,H317,136997-71-2,"Skin Sens. 1"
11043,H317,92771-56-7,"Skin Sens. 1"
11044,H413,92771-56-7,"Aquatic Chronic 4"
11045,H319,6485-67-2,"Eye Irrit. 2"
11046,H317,6485-67-2,"Skin Sens. 1"
11047,H318,102333-75-5,"Eye Dam. 1"
11048,H317,102333-75-5,"Skin Sens. 1"
11049,H302,14691-89-5,"Acute Tox. 4"
11050,H302,151257-01-1,"Acute Tox. 4"
11051,H319,151257-01-1,"Eye Irrit. 2"
11052,H413,202483-62-3,"Aquatic Chronic 4"
11053,H302,24294-01-7,"Acute Tox. 4"
11054,H412,24294-01-7,"Aquatic Chronic 3"
11055,H413,217324-98-6,"Aquatic Chronic 4"
11056,H413,52583-35-4,"Aquatic Chronic 4"
11057,H318,16634-82-5,"Eye Dam. 1"
11058,H317,16634-82-5,"Skin Sens. 1"
11059,H400,16634-82-5,"Aquatic Acute 1"
11060,H410,16634-82-5,"Aquatic Chronic 1"
11061,H360D,27366-72-9,"Repr. 1B"
11062,H400,27366-72-9,"Aquatic Acute 1"
11063,H410,27366-72-9,"Aquatic Chronic 1"
11064,H400,17417-32-2,"Aquatic Acute 1"
11065,H410,17417-32-2,"Aquatic Chronic 1"
11066,H317,214417-91-1,"Skin Sens. 1"
11067,H411,214417-91-1,"Aquatic Chronic 2"
11068,H413,1854-15-5,"Aquatic Chronic 4"
11069,H413,105043-55-8,"Aquatic Chronic 4"
11070,H412,53641-10-4,"Aquatic Chronic 3"
11071,H317,221215-20-9,"Skin Sens. 1"
11072,H413,221215-20-9,"Aquatic Chronic 4"
11073,H413,452962-97-9,"Aquatic Chronic 4"
11074,H413,64026-19-3,"Aquatic Chronic 4"
11075,H302,406488-30-0,"Acute Tox. 4"
11076,H315,406488-30-0,"Skin Irrit. 2"
11077,H319,406488-30-0,"Eye Irrit. 2"
11078,H317,406488-30-0,"Skin Sens. 1"
11079,H411,406488-30-0,"Aquatic Chronic 2"
11080,H413,727678-39-9,"Aquatic Chronic 4"
11081,H413,368450-39-9,"Aquatic Chronic 4"
11082,H319,34640-92-1,"Eye Irrit. 2"
11083,H332,220926-97-6,"Acute Tox. 4"
11084,H413,220926-97-6,"Aquatic Chronic 4"
11085,H351,67129-08-2,"Carc. 2"
11086,H317,67129-08-2,"Skin Sens. 1B"
11087,H400,67129-08-2,"Aquatic Acute 1"
11088,H410,67129-08-2,"Aquatic Chronic 1"
11089,H362,101463-69-8,Lact.
11090,H400,101463-69-8,"Aquatic Acute 1"
11091,H410,101463-69-8,"Aquatic Chronic 1"
11092,H351,32289-58-0,"Carc. 2"
11093,H330,32289-58-0,"Acute Tox. 2"
11094,H302,32289-58-0,"Acute Tox. 4"
11095,H372,32289-58-0,"STOT RE 1"
11096,H318,32289-58-0,"Eye Dam. 1"
11097,H317,32289-58-0,"Skin Sens. 1B"
11098,H400,32289-58-0,"Aquatic Acute 1"
11099,H410,32289-58-0,"Aquatic Chronic 1"
11100,H351,27083-27-8,"Carc. 2"
11101,H330,27083-27-8,"Acute Tox. 2"
11102,H302,27083-27-8,"Acute Tox. 4"
11103,H372,27083-27-8,"STOT RE 1"
11104,H318,27083-27-8,"Eye Dam. 1"
11105,H317,27083-27-8,"Skin Sens. 1B"
11106,H400,27083-27-8,"Aquatic Acute 1"
11107,H410,27083-27-8,"Aquatic Chronic 1"
11108,H360D,2687-91-4,"Repr. 1B"
11109,H400,120923-37-7,"Aquatic Acute 1"
11110,H410,120923-37-7,"Aquatic Chronic 1"
11111,H301,119168-77-3,"Acute Tox. 3"
11112,H332,119168-77-3,"Acute Tox. 4"
11113,H373,119168-77-3,"STOT RE 2"
11114,H317,119168-77-3,"Skin Sens. 1B"
11115,H400,119168-77-3,"Aquatic Acute 1"
11116,H410,119168-77-3,"Aquatic Chronic 1"
11117,H351,189278-12-4,"Carc. 2"
11118,H400,189278-12-4,"Aquatic Acute 1"
11119,H410,189278-12-4,"Aquatic Chronic 1"
11120,H331,55406-53-6,"Acute Tox. 3"
11121,H302,55406-53-6,"Acute Tox. 4"
11122,H372,55406-53-6,"STOT RE 1"
11123,H318,55406-53-6,"Eye Dam. 1"
11124,H317,55406-53-6,"Skin Sens. 1"
11125,H400,55406-53-6,"Aquatic Acute 1"
11126,H410,55406-53-6,"Aquatic Chronic 1"
11127,H400,374726-62-2,"Aquatic Acute 1"
11128,H410,374726-62-2,"Aquatic Chronic 1"
11129,H351,139528-85-1,"Carc. 2"
11130,H373,139528-85-1,"STOT RE 2"
11131,H400,139528-85-1,"Aquatic Acute 1"
11132,H410,139528-85-1,"Aquatic Chronic 1"
11133,H302,163515-14-8,"Acute Tox. 4"
11134,H317,163515-14-8,"Skin Sens. 1"
11135,H400,163515-14-8,"Aquatic Acute 1"
11136,H410,163515-14-8,"Aquatic Chronic 1"
11137,H302,158062-67-0,"Acute Tox. 4"
11138,H302,946578-00-3,"Acute Tox. 4"
11139,H400,946578-00-3,"Aquatic Acute 1"
11140,H410,946578-00-3,"Aquatic Chronic 1"
11141,H331,1072957-71-1,"Acute Tox. 3"
11142,H301,1072957-71-1,"Acute Tox. 3"
11143,H400,1072957-71-1,"Aquatic Acute 1"
11144,H410,1072957-71-1,"Aquatic Chronic 1"
11145,H411,658066-35-4,"Aquatic Chronic 2"
11146,H400,66063-05-6,"Aquatic Acute 1"
11147,H410,66063-05-6,"Aquatic Chronic 1"
11148,H400,86479-06-3,"Aquatic Acute 1"
11149,H410,86479-06-3,"Aquatic Chronic 1"
11150,H400,183675-82-3,"Aquatic Acute 1"
11151,H410,183675-82-3,"Aquatic Chronic 1"
11152,H351,16118-49-3,"Carc. 2"
11153,H360D,16118-49-3,"Repr. 1B"
11154,H302,16118-49-3,"Acute Tox. 4"
11155,H411,16118-49-3,"Aquatic Chronic 2"
11156,H351,348635-87-0,"Carc. 2"
11157,H319,348635-87-0,"Eye Irrit. 2"
11158,H400,348635-87-0,"Aquatic Acute 1"
11159,H410,348635-87-0,"Aquatic Chronic 1"
11160,H225,110-05-4,"Flam. Liq. 2"
11161,H242,110-05-4,"Org. Perox. E"
11162,H341,110-05-4,"Muta. 2"
11163,H242,80-15-9,"Org. Perox. E"
11164,H331,80-15-9,"Acute Tox. 3"
11165,H312,80-15-9,"Acute Tox. 4"
11166,H302,80-15-9,"Acute Tox. 4"
11167,H373,80-15-9,"STOT RE 2"
11168,H314,80-15-9,"Skin Corr. 1B"
11169,H411,80-15-9,"Aquatic Chronic 2"
11170,H242,105-74-8,"Org. Perox. D"
11171,H242,771-29-9,"Org. Perox. D"
11172,H302,771-29-9,"Acute Tox. 4"
11173,H314,771-29-9,"Skin Corr. 1B"
11174,H400,771-29-9,"Aquatic Acute 1"
11175,H410,771-29-9,"Aquatic Chronic 1"
11176,H242,80-43-3,"Org. Perox. F"
11177,H315,80-43-3,"Skin Irrit. 2"
11178,H319,80-43-3,"Eye Irrit. 2"
11179,H411,80-43-3,"Aquatic Chronic 2"
11180,H242,3457-61-2,"Org. Perox. E"
11181,H315,3457-61-2,"Skin Irrit. 2"
11182,H411,3457-61-2,"Aquatic Chronic 2"
11183,H241,94-36-0,"Org. Perox. B"
11184,H319,94-36-0,"Eye Irrit. 2"
11185,H317,94-36-0,"Skin Sens. 1"
11186,H240,78-18-2,"Org. Perox. A"
11187,H302,78-18-2,"Acute Tox. 4"
11188,H314,78-18-2,"Skin Corr. 1B"
11189,H240,2407-94-5,"Org. Perox. A"
11190,H302,2407-94-5,"Acute Tox. 4"
11191,H314,2407-94-5,"Skin Corr. 1B"
11192,H240,2699-11-8,"Org. Perox. A"
11193,H302,2699-11-8,"Acute Tox. 4"
11194,H314,2699-11-8,"Skin Corr. 1B"
11195,H240,12262-58-7,"Org. Perox. A"
11196,H302,12262-58-7,"Acute Tox. 4"
11197,H314,12262-58-7,"Skin Corr. 1B"
11198,H242,80-47-7,"Org. Perox. D"
11199,H332,80-47-7,"Acute Tox. 4"
11200,H314,80-47-7,"Skin Corr. 1B"
11201,H242,116753-76-5,"Org. Perox. C"
11202,H400,116753-76-5,"Aquatic Acute 1"
11203,H410,116753-76-5,"Aquatic Chronic 1"
11204,H242,104788-63-8,"Org. Perox. C"
11205,H318,104788-63-8,"Eye Dam. 1"
11206,H317,104788-63-8,"Skin Sens. 1"
11207,H400,104788-63-8,"Aquatic Acute 1"
11208,H241,895-85-2,"Org. Perox. B"
11209,H400,895-85-2,"Aquatic Acute 1"
11210,H410,895-85-2,"Aquatic Chronic 1"
11211,H242,32144-25-5,"Org. Perox. D"
11212,H413,32144-25-5,"Aquatic Chronic 4"
11213,H242,71566-50-2,"Org. Perox. C"
11214,H411,71566-50-2,"Aquatic Chronic 2"
11215,H242,128275-31-0,"Org. Perox. D"
11216,H318,128275-31-0,"Eye Dam. 1"
11217,H400,128275-31-0,"Aquatic Acute 1"
11218,H226,117663-11-3,"Flam. Liq. 3"
11219,H242,117663-11-3,"Org. Perox. D"
11220,H411,117663-11-3,"Aquatic Chronic 2"
11221,H341,75-91-2,"Muta. 2"
11222,H334,9001-22-3,"Resp. Sens. 1"
11223,H334,9012-54-8,"Resp. Sens. 1"
11224,H334,37329-65-0,"Resp. Sens. 1"
11225,H335,9001-00-7,"STOT SE 3"
11226,H315,9001-00-7,"Skin Irrit. 2"
11227,H319,9001-00-7,"Eye Irrit. 2"
11228,H334,9001-00-7,"Resp. Sens. 1"
11229,H335,9001-33-6,"STOT SE 3"
11230,H315,9001-33-6,"Skin Irrit. 2"
11231,H319,9001-33-6,"Eye Irrit. 2"
11232,H334,9001-33-6,"Resp. Sens. 1"
11233,H335,9001-73-4,"STOT SE 3"
11234,H315,9001-73-4,"Skin Irrit. 2"
11235,H319,9001-73-4,"Eye Irrit. 2"
11236,H334,9001-73-4,"Resp. Sens. 1"
11237,H335,9001-75-6,"STOT SE 3"
11238,H315,9001-75-6,"Skin Irrit. 2"
11239,H319,9001-75-6,"Eye Irrit. 2"
11240,H334,9001-75-6,"Resp. Sens. 1"
11241,H335,9001-98-3,"STOT SE 3"
11242,H315,9001-98-3,"Skin Irrit. 2"
11243,H319,9001-98-3,"Eye Irrit. 2"
11244,H334,9001-98-3,"Resp. Sens. 1"
11245,H335,9002-07-7,"STOT SE 3"
11246,H315,9002-07-7,"Skin Irrit. 2"
11247,H319,9002-07-7,"Eye Irrit. 2"
11248,H334,9002-07-7,"Resp. Sens. 1"
11249,H335,9004-07-3,"STOT SE 3"
11250,H315,9004-07-3,"Skin Irrit. 2"
11251,H319,9004-07-3,"Eye Irrit. 2"
11252,H334,9004-07-3,"Resp. Sens. 1"
11253,H335,9014-01-1,"STOT SE 3"
11254,H315,9014-01-1,"Skin Irrit. 2"
11255,H318,9014-01-1,"Eye Dam. 1"
11256,H334,9014-01-1,"Resp. Sens. 1"
11257,H335,9068-59-1,"STOT SE 3"
11258,H315,9068-59-1,"Skin Irrit. 2"
11259,H319,9068-59-1,"Eye Irrit. 2"
11260,H334,9068-59-1,"Resp. Sens. 1"
11261,H334,9000-90-2,"Resp. Sens. 1"
11262,H334,80498-15-3,"Resp. Sens. 1"
11263,H350,84650-02-2,"Carc. 1B"
11264,H350,94114-40-6,"Carc. 1B"
11265,H340,94114-40-6,"Muta. 1B"
11266,H350,65996-88-5,"Carc. 1B"
11267,H340,65996-88-5,"Muta. 1B"
11268,H350,101896-26-8,"Carc. 1B"
11269,H340,101896-26-8,"Muta. 1B"
11270,H350,90989-41-6,"Carc. 1B"
11271,H340,90989-41-6,"Muta. 1B"
11272,H350,85536-17-0,"Carc. 1B"
11273,H340,85536-17-0,"Muta. 1B"
11274,H350,85536-20-5,"Carc. 1B"
11275,H340,85536-20-5,"Muta. 1B"
11276,H350,85536-19-2,"Carc. 1B"
11277,H340,85536-19-2,"Muta. 1B"
11278,H350,90641-12-6,"Carc. 1B"
11279,H340,90641-12-6,"Muta. 1B"
11280,H350,90989-38-1,"Carc. 1B"
11281,H340,90989-38-1,"Muta. 1B"
11282,H350,91995-20-9,"Carc. 1B"
11283,H340,91995-20-9,"Muta. 1B"
11284,H350,92062-36-7,"Carc. 1B"
11285,H340,92062-36-7,"Muta. 1B"
11286,H350,91995-61-8,"Carc. 1B"
11287,H340,91995-61-8,"Muta. 1B"
11288,H350,101316-63-6,"Carc. 1B"
11289,H340,101316-63-6,"Muta. 1B"
11290,H350,93821-38-6,"Carc. 1B"
11291,H340,93821-38-6,"Muta. 1B"
11292,H350,90641-02-4,"Carc. 1B"
11293,H340,90641-02-4,"Muta. 1B"
11294,H350,101316-62-5,"Carc. 1B"
11295,H340,101316-62-5,"Muta. 1B"
11296,H350,90641-03-5,"Carc. 1B"
11297,H340,90641-03-5,"Muta. 1B"
11298,H350,65996-79-4,"Carc. 1B"
11299,H340,65996-79-4,"Muta. 1B"
11300,H350,101794-90-5,"Carc. 1B"
11301,H340,101794-90-5,"Muta. 1B"
11302,H350,90640-87-2,"Carc. 1B"
11303,H340,90640-87-2,"Muta. 1B"
11304,H350,84650-03-3,"Carc. 1B"
11305,H340,84650-03-3,"Muta. 1B"
11306,H350,65996-82-9,"Carc. 1B"
11307,H340,65996-82-9,"Muta. 1B"
11308,H350,90641-01-3,"Carc. 1B"
11309,H340,90641-01-3,"Muta. 1B"
11310,H350,65996-87-4,"Carc. 1B"
11311,H340,65996-87-4,"Muta. 1B"
11312,H350,90640-99-6,"Carc. 1B"
11313,H340,90640-99-6,"Muta. 1B"
11314,H350,68391-11-7,"Carc. 1B"
11315,H340,68391-11-7,"Muta. 1B"
11316,H350,92062-33-4,"Carc. 1B"
11317,H340,92062-33-4,"Muta. 1B"
11318,H350,91082-52-9,"Carc. 1B"
11319,H340,91082-52-9,"Muta. 1B"
11320,H350,68937-63-3,"Carc. 1B"
11321,H340,68937-63-3,"Muta. 1B"
11322,H350,92062-28-7,"Carc. 1B"
11323,H340,92062-28-7,"Muta. 1B"
11324,H350,92062-27-6,"Carc. 1B"
11325,H340,92062-27-6,"Muta. 1B"
11326,H350,91082-53-0,"Carc. 1B"
11327,H340,91082-53-0,"Muta. 1B"
11328,H350,91995-31-2,"Carc. 1B"
11329,H340,91995-31-2,"Muta. 1B"
11330,H350,91995-35-6,"Carc. 1B"
11331,H340,91995-35-6,"Muta. 1B"
11332,H350,91995-66-3,"Carc. 1B"
11333,H340,91995-66-3,"Muta. 1B"
11334,H350,122070-79-5,"Carc. 1B"
11335,H340,122070-79-5,"Muta. 1B"
11336,H350,122070-80-8,"Carc. 1B"
11337,H340,122070-80-8,"Muta. 1B"
11338,H350,101316-45-4,"Carc. 1B"
11339,H350,84989-11-7,"Carc. 1B"
11340,H350,90640-85-0,"Carc. 1B"
11341,H350,90640-86-1,"Carc. 1B"
11342,H350,65996-91-0,"Carc. 1B"
11343,H350,91995-14-1,"Carc. 1B"
11344,H350,65996-92-1,"Carc. 1B"
11345,H350,91995-51-6,"Carc. 1B"
11346,H350,101316-49-8,"Carc. 1B"
11347,H350,91995-42-5,"Carc. 1B"
11348,H350,91995-52-7,"Carc. 1B"
11349,H350,97926-76-6,"Carc. 1B"
11350,H350,97926-77-7,"Carc. 1B"
11351,H350,61789-60-4,"Carc. 1B"
11352,H350,65996-93-2,"Carc. 1A"
11353,H340,65996-93-2,"Muta. 1B"
11354,H360FD,65996-93-2,"Repr. 1B"
11355,H350,121575-60-8,"Carc. 1B"
11356,H350,94114-13-3,"Carc. 1B"
11357,H350,92061-94-4,"Carc. 1B"
11358,H350,92062-20-9,"Carc. 1B"
11359,H350,91082-50-7,"Carc. 1B"
11360,H350,100684-51-3,"Carc. 1B"
11361,H350,68990-61-4,"Carc. 1B"
11362,H350,92062-34-5,"Carc. 1B"
11363,H350,91697-23-3,"Carc. 1B"
11364,H350,92045-71-1,"Carc. 1B"
11365,H350,92045-72-2,"Carc. 1B"
11366,H350,97926-78-8,"Carc. 1B"
11367,H350,101316-85-2,"Carc. 1B"
11368,H350,90669-57-1,"Carc. 1B"
11369,H350,90669-59-3,"Carc. 1B"
11370,H350,90669-58-2,"Carc. 1B"
11371,H350,68188-48-7,"Carc. 1B"
11372,H350,101794-74-5,"Carc. 1B"
11373,H350,101794-75-6,"Carc. 1B"
11374,H350,101794-76-7,"Carc. 1B"
11375,H350,68187-57-5,"Carc. 1B"
11376,H350,122070-78-4,"Carc. 1B"
11377,H350,84989-10-6,"Carc. 1B"
11378,H350,90640-80-5,"Carc. 1B"
11379,H350,92061-93-3,"Carc. 1B"
11380,H350,8007-45-2,"Carc. 1A"
11381,H350,65996-89-6,"Carc. 1A"
11382,H350,65996-90-9,"Carc. 1A"
11383,H350,85029-51-2,"Carc. 1B"
11384,H340,85029-51-2,"Muta. 1B"
11385,H350,84650-04-4,"Carc. 1B"
11386,H340,84650-04-4,"Muta. 1B"
11387,H350,84989-09-3,"Carc. 1B"
11388,H340,84989-09-3,"Muta. 1B"
11389,H350,91995-49-2,"Carc. 1B"
11390,H340,91995-49-2,"Muta. 1B"
11391,H350,121620-47-1,"Carc. 1B"
11392,H340,121620-47-1,"Muta. 1B"
11393,H350,121620-48-2,"Carc. 1B"
11394,H340,121620-48-2,"Muta. 1B"
11395,H350,90640-90-7,"Carc. 1B"
11396,H340,90640-90-7,"Muta. 1B"
11397,H350,90641-04-6,"Carc. 1B"
11398,H340,90641-04-6,"Muta. 1B"
11399,H350,101896-27-9,"Carc. 1B"
11400,H340,101896-27-9,"Muta. 1B"
11401,H350,101794-91-6,"Carc. 1B"
11402,H340,101794-91-6,"Muta. 1B"
11403,H350,91995-48-1,"Carc. 1B"
11404,H340,91995-48-1,"Muta. 1B"
11405,H350,90641-05-7,"Carc. 1B"
11406,H340,90641-05-7,"Muta. 1B"
11407,H350,84989-12-8,"Carc. 1B"
11408,H340,84989-12-8,"Muta. 1B"
11409,H350,121620-46-0,"Carc. 1B"
11410,H340,121620-46-0,"Muta. 1B"
11411,H350,90640-84-9,"Carc. 1B"
11412,H350,61789-28-4,"Carc. 1B"
11413,H350,70321-79-8,"Carc. 1B"
11414,H350,8001-58-9,"Carc. 1B"
11415,H350,122384-77-4,"Carc. 1B"
11416,H350,90640-81-6,"Carc. 1B"
11417,H340,90640-81-6,"Muta. 1B"
11418,H350,90640-82-7,"Carc. 1B"
11419,H340,90640-82-7,"Muta. 1B"
11420,H350,92061-92-2,"Carc. 1B"
11421,H340,92061-92-2,"Muta. 1B"
11422,H350,91995-15-2,"Carc. 1B"
11423,H340,91995-15-2,"Muta. 1B"
11424,H350,91995-16-3,"Carc. 1B"
11425,H340,91995-16-3,"Muta. 1B"
11426,H350,91995-17-4,"Carc. 1B"
11427,H340,91995-17-4,"Muta. 1B"
11428,H350,101316-87-4,"Carc. 1B"
11429,H340,101316-87-4,"Muta. 1B"
11430,H350,122384-78-5,"Carc. 1B"
11431,H340,122384-78-5,"Muta. 1B"
11432,H350,84988-93-2,"Carc. 1B"
11433,H340,84988-93-2,"Muta. 1B"
11434,H350,90640-88-3,"Carc. 1B"
11435,H340,90640-88-3,"Muta. 1B"
11436,H350,65996-83-0,"Carc. 1B"
11437,H340,65996-83-0,"Muta. 1B"
11438,H350,90640-89-4,"Carc. 1B"
11439,H340,90640-89-4,"Muta. 1B"
11440,H350,90641-06-8,"Carc. 1B"
11441,H340,90641-06-8,"Muta. 1B"
11442,H350,65996-85-2,"Carc. 1B"
11443,H340,65996-85-2,"Muta. 1B"
11444,H350,101316-86-3,"Carc. 1B"
11445,H340,101316-86-3,"Muta. 1B"
11446,H350,92062-22-1,"Carc. 1B"
11447,H340,92062-22-1,"Muta. 1B"
11448,H350,96690-55-0,"Carc. 1B"
11449,H340,96690-55-0,"Muta. 1B"
11450,H350,84989-04-8,"Carc. 1B"
11451,H340,84989-04-8,"Muta. 1B"
11452,H350,84989-05-9,"Carc. 1B"
11453,H340,84989-05-9,"Muta. 1B"
11454,H350,84989-06-0,"Carc. 1B"
11455,H340,84989-06-0,"Muta. 1B"
11456,H350,84989-03-7,"Carc. 1B"
11457,H340,84989-03-7,"Muta. 1B"
11458,H350,84989-07-1,"Carc. 1B"
11459,H340,84989-07-1,"Muta. 1B"
11460,H350,68477-23-6,"Carc. 1B"
11461,H340,68477-23-6,"Muta. 1B"
11462,H350,68555-24-8,"Carc. 1B"
11463,H340,68555-24-8,"Muta. 1B"
11464,H350,91079-47-9,"Carc. 1B"
11465,H340,91079-47-9,"Muta. 1B"
11466,H350,92062-26-5,"Carc. 1B"
11467,H340,92062-26-5,"Muta. 1B"
11468,H350,94114-29-1,"Carc. 1B"
11469,H340,94114-29-1,"Muta. 1B"
11470,H350,90641-00-2,"Carc. 1B"
11471,H340,90641-00-2,"Muta. 1B"
11472,H350,68513-87-1,"Carc. 1B"
11473,H340,68513-87-1,"Muta. 1B"
11474,H350,70321-67-4,"Carc. 1B"
11475,H340,70321-67-4,"Muta. 1B"
11476,H350,92062-29-8,"Carc. 1B"
11477,H340,92062-29-8,"Muta. 1B"
11478,H350,100801-63-6,"Carc. 1B"
11479,H340,100801-63-6,"Muta. 1B"
11480,H350,100801-65-8,"Carc. 1B"
11481,H340,100801-65-8,"Muta. 1B"
11482,H350,100801-66-9,"Carc. 1B"
11483,H340,100801-66-9,"Muta. 1B"
11484,H350,73665-18-6,"Carc. 1B"
11485,H340,73665-18-6,"Muta. 1B"
11486,H350,70321-80-1,"Carc. 1B"
11487,H350,68815-21-4,"Carc. 1B"
11488,H340,68815-21-4,"Muta. 1B"
11489,H350,65996-86-3,"Carc. 1B"
11490,H340,65996-86-3,"Muta. 1B"
11491,H350,65996-84-1,"Carc. 1B"
11492,H340,65996-84-1,"Muta. 1B"
11493,H350,94114-46-2,"Carc. 1B"
11494,H350,94114-47-3,"Carc. 1B"
11495,H350,94114-48-4,"Carc. 1B"
11496,H350,101316-83-0,"Carc. 1A"
11497,H350,101316-84-1,"Carc. 1A"
11498,H350,65996-78-3,"Carc. 1B"
11499,H340,65996-78-3,"Muta. 1B"
11500,H350,94114-52-0,"Carc. 1B"
11501,H340,94114-52-0,"Muta. 1B"
11502,H350,94114-53-1,"Carc. 1B"
11503,H340,94114-53-1,"Muta. 1B"
11504,H350,94114-54-2,"Carc. 1B"
11505,H340,94114-54-2,"Muta. 1B"
11506,H350,94114-55-3,"Carc. 1B"
11507,H350,94114-56-4,"Carc. 1B"
11508,H340,94114-56-4,"Muta. 1B"
11509,H350,94114-57-5,"Carc. 1B"
11510,H340,94114-57-5,"Muta. 1B"
11511,H351,94114-58-6,"Carc. 2"
11512,H351,94114-59-7,"Carc. 2"
11513,H350,90641-11-5,"Carc. 1B"
11514,H340,90641-11-5,"Muta. 1B"
11515,H350,64742-03-6,"Carc. 1B"
11516,H350,64742-04-7,"Carc. 1B"
11517,H350,64742-05-8,"Carc. 1B"
11518,H350,64742-11-6,"Carc. 1B"
11519,H350,91995-78-7,"Carc. 1B"
11520,H350,97722-04-8,"Carc. 1B"
11521,H350,64741-45-3,"Carc. 1B"
11522,H350,64741-57-7,"Carc. 1B"
11523,H350,64741-61-3,"Carc. 1B"
11524,H350,64741-62-4,"Carc. 1B"
11525,H350,64741-75-9,"Carc. 1B"
11526,H350,64741-80-6,"Carc. 1B"
11527,H350,64741-81-7,"Carc. 1B"
11528,H350,64742-59-2,"Carc. 1B"
11529,H350,64742-78-5,"Carc. 1B"
11530,H350,64742-86-5,"Carc. 1B"
11531,H350,64742-90-1,"Carc. 1B"
11532,H350,68333-22-2,"Carc. 1B"
11533,H350,68333-26-6,"Carc. 1B"
11534,H350,68333-27-7,"Carc. 1B"
11535,H350,68333-28-8,"Carc. 1B"
11536,H350,68476-32-4,"Carc. 1B"
11537,H350,68476-33-5,"Carc. 1B"
11538,H350,68478-13-7,"Carc. 1B"
11539,H350,68478-17-1,"Carc. 1B"
11540,H350,68512-61-8,"Carc. 1B"
11541,H350,68512-62-9,"Carc. 1B"
11542,H350,68513-69-9,"Carc. 1B"
11543,H350,68553-00-4,"Carc. 1B"
11544,H350,68607-30-7,"Carc. 1B"
11545,H350,68783-08-4,"Carc. 1B"
11546,H350,68783-13-1,"Carc. 1B"
11547,H350,68955-27-1,"Carc. 1B"
11548,H350,68955-36-2,"Carc. 1B"
11549,H350,70592-76-6,"Carc. 1B"
11550,H350,70592-77-7,"Carc. 1B"
11551,H350,70592-78-8,"Carc. 1B"
11552,H350,85117-03-9,"Carc. 1B"
11553,H350,90669-75-3,"Carc. 1B"
11554,H350,90669-76-4,"Carc. 1B"
11555,H350,92045-14-2,"Carc. 1B"
11556,H350,92061-97-7,"Carc. 1B"
11557,H350,92201-59-7,"Carc. 1B"
11558,H350,93821-66-0,"Carc. 1B"
11559,H350,98219-64-8,"Carc. 1B"
11560,H350,101316-57-8,"Carc. 1B"
11561,H350,64741-67-9,"Carc. 1B"
11562,H350,8002-05-9,"Carc. 1B"
11563,H350,64741-50-0,"Carc. 1A"
11564,H350,64741-51-1,"Carc. 1A"
11565,H350,64741-52-2,"Carc. 1A"
11566,H350,64741-53-3,"Carc. 1A"
11567,H350,64742-18-3,"Carc. 1A"
11568,H350,64742-19-4,"Carc. 1A"
11569,H350,64742-20-7,"Carc. 1A"
11570,H350,64742-21-8,"Carc. 1A"
11571,H350,64742-27-4,"Carc. 1A"
11572,H350,64742-28-5,"Carc. 1A"
11573,H350,64742-34-3,"Carc. 1A"
11574,H350,64742-35-4,"Carc. 1A"
11575,H220,68477-73-6,"Flam. Gas 1"
11576,H350,68477-73-6,"Press. Gas"
11577,H340,68477-73-6,"Carc. 1A"
11578,H220,68477-74-7,"Flam. Gas 1"
11579,H350,68477-74-7,"Press. Gas"
11580,H340,68477-74-7,"Carc. 1A"
11581,H220,68477-75-8,"Flam. Gas 1"
11582,H350,68477-75-8,"Press. Gas"
11583,H340,68477-75-8,"Carc. 1A"
11584,H220,68477-76-9,"Flam. Gas 1"
11585,H350,68477-76-9,"Press. Gas"
11586,H340,68477-76-9,"Carc. 1A"
11587,H220,68477-79-2,"Flam. Gas 1"
11588,H350,68477-79-2,"Press. Gas"
11589,H340,68477-79-2,"Carc. 1A"
11590,H220,68477-83-8,"Flam. Gas 1"
11591,H350,68477-83-8,"Press. Gas"
11592,H340,68477-83-8,"Carc. 1A"
11593,H220,68477-85-0,"Flam. Gas 1"
11594,H350,68477-85-0,"Press. Gas"
11595,H340,68477-85-0,"Carc. 1A"
11596,H220,68477-86-1,"Flam. Gas 1"
11597,H350,68477-86-1,"Press. Gas"
11598,H340,68477-86-1,"Carc. 1A"
11599,H220,68477-87-2,"Flam. Gas 1"
11600,H350,68477-87-2,"Press. Gas"
11601,H340,68477-87-2,"Carc. 1A"
11602,H220,68477-90-7,"Flam. Gas 1"
11603,H350,68477-90-7,"Press. Gas"
11604,H340,68477-90-7,"Carc. 1A"
11605,H220,68477-91-8,"Flam. Gas 1"
11606,H350,68477-91-8,"Press. Gas"
11607,H340,68477-91-8,"Carc. 1A"
11608,H220,68477-94-1,"Flam. Gas 1"
11609,H350,68477-94-1,"Press. Gas"
11610,H340,68477-94-1,"Carc. 1A"
11611,H220,68477-95-2,"Flam. Gas 1"
11612,H350,68477-95-2,"Press. Gas"
11613,H340,68477-95-2,"Carc. 1A"
11614,H220,68477-99-6,"Flam. Gas 1"
11615,H350,68477-99-6,"Press. Gas"
11616,H340,68477-99-6,"Carc. 1A"
11617,H220,68478-21-7,"Flam. Gas 1"
11618,H350,68478-21-7,"Press. Gas"
11619,H340,68478-21-7,"Carc. 1A"
11620,H220,68478-22-8,"Flam. Gas 1"
11621,H350,68478-22-8,"Press. Gas"
11622,H340,68478-22-8,"Carc. 1A"
11623,H220,68478-24-0,"Flam. Gas 1"
11624,H350,68478-24-0,"Press. Gas"
11625,H340,68478-24-0,"Carc. 1A"
11626,H220,68478-26-2,"Flam. Gas 1"
11627,H350,68478-26-2,"Press. Gas"
11628,H340,68478-26-2,"Carc. 1A"
11629,H220,68478-32-0,"Flam. Gas 1"
11630,H350,68478-32-0,"Press. Gas"
11631,H340,68478-32-0,"Carc. 1A"
11632,H220,68478-33-1,"Flam. Gas 1"
11633,H350,68478-33-1,"Press. Gas"
11634,H340,68478-33-1,"Carc. 1A"
11635,H220,68478-34-2,"Flam. Gas 1"
11636,H350,68478-34-2,"Press. Gas"
11637,H340,68478-34-2,"Carc. 1A"
11638,H220,68512-91-4,"Flam. Gas 1"
11639,H350,68512-91-4,"Press. Gas"
11640,H340,68512-91-4,"Carc. 1A"
11641,H220,68513-15-5,"Flam. Gas 1"
11642,H350,68513-15-5,"Press. Gas"
11643,H340,68513-15-5,"Carc. 1A"
11644,H220,68513-16-6,"Flam. Gas 1"
11645,H350,68513-16-6,"Press. Gas"
11646,H340,68513-16-6,"Carc. 1A"
11647,H220,68513-17-7,"Flam. Gas 1"
11648,H350,68513-17-7,"Press. Gas"
11649,H340,68513-17-7,"Carc. 1A"
11650,H220,68513-66-6,"Flam. Gas 1"
11651,H350,68513-66-6,"Press. Gas"
11652,H340,68513-66-6,"Carc. 1A"
11653,H220,68514-31-8,"Flam. Gas 1"
11654,H350,68514-31-8,"Press. Gas"
11655,H340,68514-31-8,"Carc. 1A"
11656,H220,68514-36-3,"Flam. Gas 1"
11657,H350,68514-36-3,"Press. Gas"
11658,H340,68514-36-3,"Carc. 1A"
11659,H220,68527-16-2,"Flam. Gas 1"
11660,H350,68527-16-2,"Press. Gas"
11661,H340,68527-16-2,"Carc. 1A"
11662,H220,68527-19-5,"Flam. Gas 1"
11663,H350,68527-19-5,"Press. Gas"
11664,H340,68527-19-5,"Carc. 1A"
11665,H220,68602-83-5,"Flam. Gas 1"
11666,H350,68602-83-5,"Press. Gas"
11667,H340,68602-83-5,"Carc. 1A"
11668,H220,68606-25-7,"Flam. Gas 1"
11669,H350,68606-25-7,"Press. Gas"
11670,H340,68606-25-7,"Carc. 1A"
11671,H220,68606-26-8,"Flam. Gas 1"
11672,H350,68606-26-8,"Press. Gas"
11673,H340,68606-26-8,"Carc. 1A"
11674,H220,68606-27-9,"Flam. Gas 1"
11675,H350,68606-27-9,"Press. Gas"
11676,H340,68606-27-9,"Carc. 1A"
11677,H220,68606-34-8,"Flam. Gas 1"
11678,H350,68606-34-8,"Press. Gas"
11679,H340,68606-34-8,"Carc. 1A"
11680,H220,68783-07-3,"Flam. Gas 1"
11681,H350,68783-07-3,"Press. Gas"
11682,H340,68783-07-3,"Carc. 1A"
11683,H220,68783-64-2,"Flam. Gas 1"
11684,H350,68783-64-2,"Press. Gas"
11685,H340,68783-64-2,"Carc. 1A"
11686,H220,68783-65-3,"Flam. Gas 1"
11687,H350,68783-65-3,"Press. Gas"
11688,H340,68783-65-3,"Carc. 1A"
11689,H220,68918-99-0,"Flam. Gas 1"
11690,H350,68918-99-0,"Press. Gas"
11691,H340,68918-99-0,"Carc. 1A"
11692,H220,68919-00-6,"Flam. Gas 1"
11693,H350,68919-00-6,"Press. Gas"
11694,H340,68919-00-6,"Carc. 1A"
11695,H220,68919-05-1,"Flam. Gas 1"
11696,H350,68919-05-1,"Press. Gas"
11697,H340,68919-05-1,"Carc. 1A"
11698,H220,68919-06-2,"Flam. Gas 1"
11699,H350,68919-06-2,"Press. Gas"
11700,H340,68919-06-2,"Carc. 1A"
11701,H220,68919-09-5,"Flam. Gas 1"
11702,H350,68919-09-5,"Press. Gas"
11703,H340,68919-09-5,"Carc. 1A"
11704,H220,68919-20-0,"Flam. Gas 1"
11705,H350,68919-20-0,"Press. Gas"
11706,H340,68919-20-0,"Carc. 1A"
11707,H220,68919-10-8,"Flam. Gas 1"
11708,H350,68919-10-8,"Press. Gas"
11709,H340,68919-10-8,"Carc. 1A"
11710,H220,68952-76-1,"Flam. Gas 1"
11711,H350,68952-76-1,"Press. Gas"
11712,H340,68952-76-1,"Carc. 1A"
11713,H220,68952-77-2,"Flam. Gas 1"
11714,H350,68952-77-2,"Press. Gas"
11715,H340,68952-77-2,"Carc. 1A"
11716,H220,68952-81-8,"Flam. Gas 1"
11717,H350,68952-81-8,"Press. Gas"
11718,H340,68952-81-8,"Carc. 1A"
11719,H220,68952-82-9,"Flam. Gas 1"
11720,H350,68952-82-9,"Press. Gas"
11721,H340,68952-82-9,"Carc. 1A"
11722,H220,68955-28-2,"Flam. Gas 1"
11723,H350,68955-28-2,"Press. Gas"
11724,H340,68955-28-2,"Carc. 1A"
11725,H220,68955-34-0,"Flam. Gas 1"
11726,H350,68955-34-0,"Press. Gas"
11727,H340,68955-34-0,"Carc. 1A"
11728,H220,87741-01-3,"Flam. Gas 1"
11729,H350,87741-01-3,"Press. Gas"
11730,H340,87741-01-3,"Carc. 1A"
11731,H220,90622-55-2,"Flam. Gas 1"
11732,H350,90622-55-2,"Press. Gas"
11733,H340,90622-55-2,"Carc. 1A"
11734,H220,92045-22-2,"Flam. Gas 1"
11735,H350,92045-22-2,"Press. Gas"
11736,H340,92045-22-2,"Carc. 1A"
11737,H220,92045-23-3,"Flam. Gas 1"
11738,H350,92045-23-3,"Press. Gas"
11739,H340,92045-23-3,"Carc. 1A"
11740,H220,92045-80-2,"Flam. Gas 1"
11741,H350,92045-80-2,"Press. Gas"
11742,H340,92045-80-2,"Carc. 1A"
11743,H220,95465-89-7,"Flam. Gas 1"
11744,H350,95465-89-7,"Press. Gas"
11745,H340,95465-89-7,"Carc. 1A"
11746,H220,97722-19-5,"Flam. Gas 1"
11747,H350,97722-19-5,"Press. Gas"
11748,H340,97722-19-5,"Carc. 1A"
11749,H220,68477-65-6,"Flam. Gas 1"
11750,H350,68477-65-6,"Press. Gas"
11751,H340,68477-65-6,"Carc. 1A"
11752,H220,68477-66-7,"Flam. Gas 1"
11753,H350,68477-66-7,"Press. Gas"
11754,H340,68477-66-7,"Carc. 1A"
11755,H220,68477-67-8,"Flam. Gas 1"
11756,H350,68477-67-8,"Press. Gas"
11757,H340,68477-67-8,"Carc. 1A"
11758,H220,68477-68-9,"Flam. Gas 1"
11759,H350,68477-68-9,"Press. Gas"
11760,H340,68477-68-9,"Carc. 1A"
11761,H220,68477-77-0,"Flam. Gas 1"
11762,H350,68477-77-0,"Press. Gas"
11763,H340,68477-77-0,"Carc. 1A"
11764,H220,68477-80-5,"Flam. Gas 1"
11765,H350,68477-80-5,"Press. Gas"
11766,H340,68477-80-5,"Carc. 1A"
11767,H220,68477-81-6,"Flam. Gas 1"
11768,H350,68477-81-6,"Press. Gas"
11769,H340,68477-81-6,"Carc. 1A"
11770,H220,68477-82-7,"Flam. Gas 1"
11771,H350,68477-82-7,"Press. Gas"
11772,H340,68477-82-7,"Carc. 1A"
11773,H220,68477-84-9,"Flam. Gas 1"
11774,H350,68477-84-9,"Press. Gas"
11775,H340,68477-84-9,"Carc. 1A"
11776,H220,68477-92-9,"Flam. Gas 1"
11777,H350,68477-92-9,"Press. Gas"
11778,H340,68477-92-9,"Carc. 1A"
11779,H220,68477-93-0,"Flam. Gas 1"
11780,H350,68477-93-0,"Press. Gas"
11781,H340,68477-93-0,"Carc. 1A"
11782,H220,68477-96-3,"Flam. Gas 1"
11783,H350,68477-96-3,"Press. Gas"
11784,H340,68477-96-3,"Carc. 1A"
11785,H220,68477-97-4,"Flam. Gas 1"
11786,H350,68477-97-4,"Press. Gas"
11787,H340,68477-97-4,"Carc. 1A"
11788,H220,68477-98-5,"Flam. Gas 1"
11789,H350,68477-98-5,"Press. Gas"
11790,H340,68477-98-5,"Carc. 1A"
11791,H220,68478-00-2,"Flam. Gas 1"
11792,H350,68478-00-2,"Press. Gas"
11793,H340,68478-00-2,"Carc. 1A"
11794,H220,68478-01-3,"Flam. Gas 1"
11795,H350,68478-01-3,"Press. Gas"
11796,H340,68478-01-3,"Carc. 1A"
11797,H220,68478-02-4,"Flam. Gas 1"
11798,H350,68478-02-4,"Press. Gas"
11799,H340,68478-02-4,"Carc. 1A"
11800,H220,68478-03-5,"Flam. Gas 1"
11801,H350,68478-03-5,"Press. Gas"
11802,H340,68478-03-5,"Carc. 1A"
11803,H220,68478-04-6,"Flam. Gas 1"
11804,H350,68478-04-6,"Press. Gas"
11805,H340,68478-04-6,"Carc. 1A"
11806,H220,68478-05-7,"Flam. Gas 1"
11807,H350,68478-05-7,"Press. Gas"
11808,H340,68478-05-7,"Carc. 1A"
11809,H220,68478-25-1,"Flam. Gas 1"
11810,H350,68478-25-1,"Press. Gas"
11811,H340,68478-25-1,"Carc. 1A"
11812,H220,68478-27-3,"Flam. Gas 1"
11813,H350,68478-27-3,"Press. Gas"
11814,H340,68478-27-3,"Carc. 1A"
11815,H220,68478-28-4,"Flam. Gas 1"
11816,H350,68478-28-4,"Press. Gas"
11817,H340,68478-28-4,"Carc. 1A"
11818,H220,68478-29-5,"Flam. Gas 1"
11819,H350,68478-29-5,"Press. Gas"
11820,H340,68478-29-5,"Carc. 1A"
11821,H220,68478-30-8,"Flam. Gas 1"
11822,H350,68478-30-8,"Press. Gas"
11823,H340,68478-30-8,"Carc. 1A"
11824,H220,68513-14-4,"Flam. Gas 1"
11825,H350,68513-14-4,"Press. Gas"
11826,H340,68513-14-4,"Carc. 1A"
11827,H220,68513-18-8,"Flam. Gas 1"
11828,H350,68513-18-8,"Press. Gas"
11829,H340,68513-18-8,"Carc. 1A"
11830,H220,68513-19-9,"Flam. Gas 1"
11831,H350,68513-19-9,"Press. Gas"
11832,H340,68513-19-9,"Carc. 1A"
11833,H220,68527-15-1,"Flam. Gas 1"
11834,H350,68527-15-1,"Press. Gas"
11835,H340,68527-15-1,"Carc. 1A"
11836,H220,68602-82-4,"Flam. Gas 1"
11837,H350,68602-82-4,"Press. Gas"
11838,H340,68602-82-4,"Carc. 1A"
11839,H220,68602-84-6,"Flam. Gas 1"
11840,H350,68602-84-6,"Press. Gas"
11841,H340,68602-84-6,"Carc. 1A"
11842,H220,68607-11-4,"Flam. Gas 1"
11843,H350,68607-11-4,"Press. Gas"
11844,H340,68607-11-4,"Carc. 1A"
11845,H220,68783-06-2,"Flam. Gas 1"
11846,H350,68783-06-2,"Press. Gas"
11847,H340,68783-06-2,"Carc. 1A"
11848,H220,68814-67-5,"Flam. Gas 1"
11849,H350,68814-67-5,"Press. Gas"
11850,H340,68814-67-5,"Carc. 1A"
11851,H220,68814-90-4,"Flam. Gas 1"
11852,H350,68814-90-4,"Press. Gas"
11853,H340,68814-90-4,"Carc. 1A"
11854,H220,68911-58-0,"Flam. Gas 1"
11855,H350,68911-58-0,"Press. Gas"
11856,H340,68911-58-0,"Carc. 1A"
11857,H220,68911-59-1,"Flam. Gas 1"
11858,H350,68911-59-1,"Press. Gas"
11859,H340,68911-59-1,"Carc. 1A"
11860,H220,68919-01-7,"Flam. Gas 1"
11861,H350,68919-01-7,"Press. Gas"
11862,H340,68919-01-7,"Carc. 1A"
11863,H220,68919-02-8,"Flam. Gas 1"
11864,H350,68919-02-8,"Press. Gas"
11865,H340,68919-02-8,"Carc. 1A"
11866,H220,68919-03-9,"Flam. Gas 1"
11867,H350,68919-03-9,"Press. Gas"
11868,H340,68919-03-9,"Carc. 1A"
11869,H220,68919-04-0,"Flam. Gas 1"
11870,H350,68919-04-0,"Press. Gas"
11871,H340,68919-04-0,"Carc. 1A"
11872,H220,68919-07-3,"Flam. Gas 1"
11873,H350,68919-07-3,"Press. Gas"
11874,H340,68919-07-3,"Carc. 1A"
11875,H220,68919-08-4,"Flam. Gas 1"
11876,H350,68919-08-4,"Press. Gas"
11877,H340,68919-08-4,"Carc. 1A"
11878,H220,68919-11-9,"Flam. Gas 1"
11879,H350,68919-11-9,"Press. Gas"
11880,H340,68919-11-9,"Carc. 1A"
11881,H220,68919-12-0,"Flam. Gas 1"
11882,H350,68919-12-0,"Press. Gas"
11883,H340,68919-12-0,"Carc. 1A"
11884,H220,68952-79-4,"Flam. Gas 1"
11885,H350,68952-79-4,"Press. Gas"
11886,H340,68952-79-4,"Carc. 1A"
11887,H220,68952-80-7,"Flam. Gas 1"
11888,H350,68952-80-7,"Press. Gas"
11889,H340,68952-80-7,"Carc. 1A"
11890,H220,68955-33-9,"Flam. Gas 1"
11891,H350,68955-33-9,"Press. Gas"
11892,H340,68955-33-9,"Carc. 1A"
11893,H220,68989-88-8,"Flam. Gas 1"
11894,H350,68989-88-8,"Press. Gas"
11895,H340,68989-88-8,"Carc. 1A"
11896,H220,92045-15-3,"Flam. Gas 1"
11897,H350,92045-15-3,"Press. Gas"
11898,H340,92045-15-3,"Carc. 1A"
11899,H220,92045-16-4,"Flam. Gas 1"
11900,H350,92045-16-4,"Press. Gas"
11901,H340,92045-16-4,"Carc. 1A"
11902,H220,92045-17-5,"Flam. Gas 1"
11903,H350,92045-17-5,"Press. Gas"
11904,H340,92045-17-5,"Carc. 1A"
11905,H220,92045-18-6,"Flam. Gas 1"
11906,H350,92045-18-6,"Press. Gas"
11907,H340,92045-18-6,"Carc. 1A"
11908,H220,92045-19-7,"Flam. Gas 1"
11909,H350,92045-19-7,"Press. Gas"
11910,H340,92045-19-7,"Carc. 1A"
11911,H220,92045-20-0,"Flam. Gas 1"
11912,H350,92045-20-0,"Press. Gas"
11913,H340,92045-20-0,"Carc. 1A"
11914,H220,93924-31-3,"Flam. Gas 1"
11915,H350,93924-31-3,"Press. Gas"
11916,H220,93924-32-4,"Flam. Gas 1"
11917,H350,93924-32-4,"Press. Gas"
11918,H220,68131-75-9,"Flam. Gas 1"
11919,H350,68131-75-9,"Press. Gas"
11920,H340,68131-75-9,"Carc. 1A"
11921,H220,68307-98-2,"Flam. Gas 1"
11922,H350,68307-98-2,"Press. Gas"
11923,H340,68307-98-2,"Carc. 1A"
11924,H220,68307-99-3,"Flam. Gas 1"
11925,H350,68307-99-3,"Press. Gas"
11926,H340,68307-99-3,"Carc. 1A"
11927,H220,68308-00-9,"Flam. Gas 1"
11928,H350,68308-00-9,"Press. Gas"
11929,H340,68308-00-9,"Carc. 1A"
11930,H220,68308-01-0,"Flam. Gas 1"
11931,H350,68308-01-0,"Press. Gas"
11932,H340,68308-01-0,"Carc. 1A"
11933,H220,68308-10-1,"Flam. Gas 1"
11934,H350,68308-10-1,"Press. Gas"
11935,H340,68308-10-1,"Carc. 1A"
11936,H220,68308-03-2,"Flam. Gas 1"
11937,H350,68308-03-2,"Press. Gas"
11938,H340,68308-03-2,"Carc. 1A"
11939,H220,68308-04-3,"Flam. Gas 1"
11940,H350,68308-04-3,"Press. Gas"
11941,H340,68308-04-3,"Carc. 1A"
11942,H220,68308-05-4,"Flam. Gas 1"
11943,H350,68308-05-4,"Press. Gas"
11944,H340,68308-05-4,"Carc. 1A"
11945,H220,68308-06-5,"Flam. Gas 1"
11946,H350,68308-06-5,"Press. Gas"
11947,H340,68308-06-5,"Carc. 1A"
11948,H220,68308-07-6,"Flam. Gas 1"
11949,H350,68308-07-6,"Press. Gas"
11950,H340,68308-07-6,"Carc. 1A"
11951,H220,68308-09-8,"Flam. Gas 1"
11952,H350,68308-09-8,"Press. Gas"
11953,H340,68308-09-8,"Carc. 1A"
11954,H220,68308-11-2,"Flam. Gas 1"
11955,H350,68308-11-2,"Press. Gas"
11956,H340,68308-11-2,"Carc. 1A"
11957,H220,68308-12-3,"Flam. Gas 1"
11958,H350,68308-12-3,"Press. Gas"
11959,H340,68308-12-3,"Carc. 1A"
11960,H220,68409-99-4,"Flam. Gas 1"
11961,H350,68409-99-4,"Press. Gas"
11962,H340,68409-99-4,"Carc. 1A"
11963,H220,68475-57-0,"Flam. Gas 1"
11964,H350,68475-57-0,"Press. Gas"
11965,H340,68475-57-0,"Carc. 1A"
11966,H220,68475-58-1,"Flam. Gas 1"
11967,H350,68475-58-1,"Press. Gas"
11968,H340,68475-58-1,"Carc. 1A"
11969,H220,68475-59-2,"Flam. Gas 1"
11970,H350,68475-59-2,"Press. Gas"
11971,H340,68475-59-2,"Carc. 1A"
11972,H220,68475-60-5,"Flam. Gas 1"
11973,H350,68475-60-5,"Press. Gas"
11974,H340,68475-60-5,"Carc. 1A"
11975,H220,68476-26-6,"Flam. Gas 1"
11976,H350,68476-26-6,"Press. Gas"
11977,H340,68476-26-6,"Carc. 1A"
11978,H220,68476-29-9,"Flam. Gas 1"
11979,H350,68476-29-9,"Press. Gas"
11980,H340,68476-29-9,"Carc. 1A"
11981,H220,68476-40-4,"Flam. Gas 1"
11982,H350,68476-40-4,"Press. Gas"
11983,H340,68476-40-4,"Carc. 1A"
11984,H220,68476-42-6,"Flam. Gas 1"
11985,H350,68476-42-6,"Press. Gas"
11986,H340,68476-42-6,"Carc. 1A"
11987,H220,68476-49-3,"Flam. Gas 1"
11988,H350,68476-49-3,"Press. Gas"
11989,H340,68476-49-3,"Carc. 1A"
11990,H220,68476-85-7,"Flam. Gas 1"
11991,H350,68476-85-7,"Press. Gas"
11992,H340,68476-85-7,"Carc. 1A"
11993,H220,68476-86-8,"Flam. Gas 1"
11994,H350,68476-86-8,"Press. Gas"
11995,H340,68476-86-8,"Carc. 1A"
11996,H220,68477-33-8,"Flam. Gas 1"
11997,H350,68477-33-8,"Press. Gas"
11998,H340,68477-33-8,"Carc. 1A"
11999,H220,68477-35-0,"Flam. Gas 1"
12000,H350,68477-35-0,"Press. Gas"
12001,H340,68477-35-0,"Carc. 1A"
12002,H220,68477-69-0,"Flam. Gas 1"
12003,H350,68477-69-0,"Press. Gas"
12004,H340,68477-69-0,"Carc. 1A"
12005,H220,68477-70-3,"Flam. Gas 1"
12006,H350,68477-70-3,"Press. Gas"
12007,H340,68477-70-3,"Carc. 1A"
12008,H220,68477-71-4,"Flam. Gas 1"
12009,H350,68477-71-4,"Press. Gas"
12010,H340,68477-71-4,"Carc. 1A"
12011,H220,68477-72-5,"Flam. Gas 1"
12012,H350,68477-72-5,"Press. Gas"
12013,H340,68477-72-5,"Carc. 1A"
12014,H220,68308-08-7,"Flam. Gas 1"
12015,H350,68308-08-7,"Press. Gas"
12016,H340,68308-08-7,"Carc. 1A"
12017,H350,97862-76-5,"Carc. 1B"
12018,H350,64741-86-2,"Carc. 1B"
12019,H350,64741-90-8,"Carc. 1B"
12020,H350,64741-91-9,"Carc. 1B"
12021,H350,64742-12-7,"Carc. 1B"
12022,H350,64742-13-8,"Carc. 1B"
12023,H350,64742-14-9,"Carc. 1B"
12024,H350,64742-29-6,"Carc. 1B"
12025,H350,64742-30-9,"Carc. 1B"
12026,H350,64742-38-7,"Carc. 1B"
12027,H350,64742-46-7,"Carc. 1B"
12028,H350,64742-79-6,"Carc. 1B"
12029,H350,64742-80-9,"Carc. 1B"
12030,H351,68334-30-5,"Carc. 2"
12031,H351,68476-30-2,"Carc. 2"
12032,H351,68476-31-3,"Carc. 2"
12033,H351,68476-34-6,"Carc. 2"
12034,H350,68477-29-2,"Carc. 1B"
12035,H350,68477-30-5,"Carc. 1B"
12036,H350,68477-31-6,"Carc. 1B"
12037,H350,90640-93-0,"Carc. 1B"
12038,H350,91995-34-5,"Carc. 1B"
12039,H350,93924-33-5,"Carc. 1B"
12040,H350,97488-96-5,"Carc. 1B"
12041,H350,97675-85-9,"Carc. 1B"
12042,H350,97675-86-0,"Carc. 1B"
12043,H350,97722-08-2,"Carc. 1B"
12044,H350,97862-78-7,"Carc. 1B"
12045,H350,100683-97-4,"Carc. 1B"
12046,H350,100683-98-5,"Carc. 1B"
12047,H350,100683-99-6,"Carc. 1B"
12048,H350,90622-53-0,"Carc. 1B"
12049,H350,74869-21-9,"Carc. 1B"
12050,H350,64742-61-6,"Carc. 1B"
12051,H350,90669-77-5,"Carc. 1B"
12052,H350,90669-78-6,"Carc. 1B"
12053,H350,92062-09-4,"Carc. 1B"
12054,H350,92062-10-7,"Carc. 1B"
12055,H350,92062-11-8,"Carc. 1B"
12056,H350,97863-04-2,"Carc. 1B"
12057,H350,97863-05-3,"Carc. 1B"
12058,H350,97863-06-4,"Carc. 1B"
12059,H350,100684-49-9,"Carc. 1B"
12060,H350,8009-03-8,"Carc. 1B"
12061,H350,64743-01-7,"Carc. 1B"
12062,H350,85029-74-9,"Carc. 1B"
12063,H350,92045-77-7,"Carc. 1B"
12064,H350,97862-97-0,"Carc. 1B"
12065,H350,97862-98-1,"Carc. 1B"
12066,H350,100684-33-1,"Carc. 1B"
12067,H350,8006-61-9,"Carc. 1B"
12068,H340,8006-61-9,"Muta. 1B"
12069,H304,8006-61-9,"Asp. Tox. 1"
12070,H350,8030-30-6,"Carc. 1B"
12071,H340,8030-30-6,"Muta. 1B"
12072,H304,8030-30-6,"Asp. Tox. 1"
12073,H350,8032-32-4,"Carc. 1B"
12074,H340,8032-32-4,"Muta. 1B"
12075,H304,8032-32-4,"Asp. Tox. 1"
12076,H350,64741-41-9,"Carc. 1B"
12077,H340,64741-41-9,"Muta. 1B"
12078,H304,64741-41-9,"Asp. Tox. 1"
12079,H350,64741-42-0,"Carc. 1B"
12080,H340,64741-42-0,"Muta. 1B"
12081,H304,64741-42-0,"Asp. Tox. 1"
12082,H350,64741-46-4,"Carc. 1B"
12083,H340,64741-46-4,"Muta. 1B"
12084,H304,64741-46-4,"Asp. Tox. 1"
12085,H350,64742-89-8,"Carc. 1B"
12086,H340,64742-89-8,"Muta. 1B"
12087,H304,64742-89-8,"Asp. Tox. 1"
12088,H350,68410-05-9,"Carc. 1B"
12089,H340,68410-05-9,"Muta. 1B"
12090,H304,68410-05-9,"Asp. Tox. 1"
12091,H350,68514-15-8,"Carc. 1B"
12092,H340,68514-15-8,"Muta. 1B"
12093,H304,68514-15-8,"Asp. Tox. 1"
12094,H350,68606-11-1,"Carc. 1B"
12095,H340,68606-11-1,"Muta. 1B"
12096,H304,68606-11-1,"Asp. Tox. 1"
12097,H350,68783-12-0,"Carc. 1B"
12098,H340,68783-12-0,"Muta. 1B"
12099,H304,68783-12-0,"Asp. Tox. 1"
12100,H350,68921-08-4,"Carc. 1B"
12101,H340,68921-08-4,"Muta. 1B"
12102,H304,68921-08-4,"Asp. Tox. 1"
12103,H350,101631-20-3,"Carc. 1B"
12104,H340,101631-20-3,"Muta. 1B"
12105,H304,101631-20-3,"Asp. Tox. 1"
12106,H350,64741-64-6,"Carc. 1B"
12107,H340,64741-64-6,"Muta. 1B"
12108,H304,64741-64-6,"Asp. Tox. 1"
12109,H350,64741-65-7,"Carc. 1B"
12110,H340,64741-65-7,"Muta. 1B"
12111,H304,64741-65-7,"Asp. Tox. 1"
12112,H350,64741-66-8,"Carc. 1B"
12113,H340,64741-66-8,"Muta. 1B"
12114,H304,64741-66-8,"Asp. Tox. 1"
12115,H350,64741-70-4,"Carc. 1B"
12116,H340,64741-70-4,"Muta. 1B"
12117,H304,64741-70-4,"Asp. Tox. 1"
12118,H350,64741-84-0,"Carc. 1B"
12119,H340,64741-84-0,"Muta. 1B"
12120,H304,64741-84-0,"Asp. Tox. 1"
12121,H350,64741-92-0,"Carc. 1B"
12122,H340,64741-92-0,"Muta. 1B"
12123,H304,64741-92-0,"Asp. Tox. 1"
12124,H350,68410-71-9,"Carc. 1B"
12125,H340,68410-71-9,"Muta. 1B"
12126,H304,68410-71-9,"Asp. Tox. 1"
12127,H350,68425-35-4,"Carc. 1B"
12128,H340,68425-35-4,"Muta. 1B"
12129,H304,68425-35-4,"Asp. Tox. 1"
12130,H350,68527-27-5,"Carc. 1B"
12131,H340,68527-27-5,"Muta. 1B"
12132,H304,68527-27-5,"Asp. Tox. 1"
12133,H350,91995-53-8,"Carc. 1B"
12134,H340,91995-53-8,"Muta. 1B"
12135,H304,91995-53-8,"Asp. Tox. 1"
12136,H350,92045-49-3,"Carc. 1B"
12137,H340,92045-49-3,"Muta. 1B"
12138,H304,92045-49-3,"Asp. Tox. 1"
12139,H350,92045-55-1,"Carc. 1B"
12140,H340,92045-55-1,"Muta. 1B"
12141,H304,92045-55-1,"Asp. Tox. 1"
12142,H350,92045-58-4,"Carc. 1B"
12143,H340,92045-58-4,"Muta. 1B"
12144,H304,92045-58-4,"Asp. Tox. 1"
12145,H350,92045-64-2,"Carc. 1B"
12146,H340,92045-64-2,"Muta. 1B"
12147,H304,92045-64-2,"Asp. Tox. 1"
12148,H350,101316-67-0,"Carc. 1B"
12149,H340,101316-67-0,"Muta. 1B"
12150,H304,101316-67-0,"Asp. Tox. 1"
12151,H350,64741-54-4,"Carc. 1B"
12152,H340,64741-54-4,"Muta. 1B"
12153,H304,64741-54-4,"Asp. Tox. 1"
12154,H350,64741-55-5,"Carc. 1B"
12155,H340,64741-55-5,"Muta. 1B"
12156,H304,64741-55-5,"Asp. Tox. 1"
12157,H350,68476-46-0,"Carc. 1B"
12158,H340,68476-46-0,"Muta. 1B"
12159,H304,68476-46-0,"Asp. Tox. 1"
12160,H350,68783-09-5,"Carc. 1B"
12161,H340,68783-09-5,"Muta. 1B"
12162,H304,68783-09-5,"Asp. Tox. 1"
12163,H350,91995-50-5,"Carc. 1B"
12164,H340,91995-50-5,"Muta. 1B"
12165,H304,91995-50-5,"Asp. Tox. 1"
12166,H350,92045-50-6,"Carc. 1B"
12167,H340,92045-50-6,"Muta. 1B"
12168,H304,92045-50-6,"Asp. Tox. 1"
12169,H350,92045-59-5,"Carc. 1B"
12170,H340,92045-59-5,"Muta. 1B"
12171,H304,92045-59-5,"Asp. Tox. 1"
12172,H350,92128-94-4,"Carc. 1B"
12173,H340,92128-94-4,"Muta. 1B"
12174,H304,92128-94-4,"Asp. Tox. 1"
12175,H350,101794-97-2,"Carc. 1B"
12176,H340,101794-97-2,"Muta. 1B"
12177,H304,101794-97-2,"Asp. Tox. 1"
12178,H350,101896-28-0,"Carc. 1B"
12179,H340,101896-28-0,"Muta. 1B"
12180,H304,101896-28-0,"Asp. Tox. 1"
12181,H350,64741-63-5,"Carc. 1B"
12182,H340,64741-63-5,"Muta. 1B"
12183,H304,64741-63-5,"Asp. Tox. 1"
12184,H350,64741-68-0,"Carc. 1B"
12185,H340,64741-68-0,"Muta. 1B"
12186,H304,64741-68-0,"Asp. Tox. 1"
12187,H350,68475-79-6,"Carc. 1B"
12188,H340,68475-79-6,"Muta. 1B"
12189,H304,68475-79-6,"Asp. Tox. 1"
12190,H350,68476-47-1,"Carc. 1B"
12191,H340,68476-47-1,"Muta. 1B"
12192,H304,68476-47-1,"Asp. Tox. 1"
12193,H350,68478-15-9,"Carc. 1B"
12194,H340,68478-15-9,"Muta. 1B"
12195,H304,68478-15-9,"Asp. Tox. 1"
12196,H350,68513-03-1,"Carc. 1B"
12197,H340,68513-03-1,"Muta. 1B"
12198,H304,68513-03-1,"Asp. Tox. 1"
12199,H350,68513-63-3,"Carc. 1B"
12200,H340,68513-63-3,"Muta. 1B"
12201,H304,68513-63-3,"Asp. Tox. 1"
12202,H350,68514-79-4,"Carc. 1B"
12203,H340,68514-79-4,"Muta. 1B"
12204,H304,68514-79-4,"Asp. Tox. 1"
12205,H350,68919-37-9,"Carc. 1B"
12206,H340,68919-37-9,"Muta. 1B"
12207,H304,68919-37-9,"Asp. Tox. 1"
12208,H350,68955-35-1,"Carc. 1B"
12209,H340,68955-35-1,"Muta. 1B"
12210,H304,68955-35-1,"Asp. Tox. 1"
12211,H350,85116-58-1,"Carc. 1B"
12212,H340,85116-58-1,"Muta. 1B"
12213,H304,85116-58-1,"Asp. Tox. 1"
12214,H350,91995-18-5,"Carc. 1B"
12215,H340,91995-18-5,"Muta. 1B"
12216,H304,91995-18-5,"Asp. Tox. 1"
12217,H350,93571-75-6,"Carc. 1B"
12218,H340,93571-75-6,"Muta. 1B"
12219,H304,93571-75-6,"Asp. Tox. 1"
12220,H350,93572-29-3,"Carc. 1B"
12221,H340,93572-29-3,"Muta. 1B"
12222,H304,93572-29-3,"Asp. Tox. 1"
12223,H350,93572-35-1,"Carc. 1B"
12224,H340,93572-35-1,"Muta. 1B"
12225,H304,93572-35-1,"Asp. Tox. 1"
12226,H350,93572-36-2,"Carc. 1B"
12227,H340,93572-36-2,"Muta. 1B"
12228,H304,93572-36-2,"Asp. Tox. 1"
12229,H350,97862-77-6,"Carc. 1B"
12230,H350,64741-74-8,"Carc. 1B"
12231,H340,64741-74-8,"Muta. 1B"
12232,H304,64741-74-8,"Asp. Tox. 1"
12233,H350,64741-83-9,"Carc. 1B"
12234,H340,64741-83-9,"Muta. 1B"
12235,H304,64741-83-9,"Asp. Tox. 1"
12236,H350,67891-79-6,"Carc. 1B"
12237,H340,67891-79-6,"Muta. 1B"
12238,H304,67891-79-6,"Asp. Tox. 1"
12239,H350,67891-80-9,"Carc. 1B"
12240,H340,67891-80-9,"Muta. 1B"
12241,H304,67891-80-9,"Asp. Tox. 1"
12242,H350,68425-29-6,"Carc. 1B"
12243,H340,68425-29-6,"Muta. 1B"
12244,H304,68425-29-6,"Asp. Tox. 1"
12245,H350,68475-70-7,"Carc. 1B"
12246,H340,68475-70-7,"Muta. 1B"
12247,H304,68475-70-7,"Asp. Tox. 1"
12248,H350,68603-00-9,"Carc. 1B"
12249,H340,68603-00-9,"Muta. 1B"
12250,H304,68603-00-9,"Asp. Tox. 1"
12251,H350,68603-01-0,"Carc. 1B"
12252,H340,68603-01-0,"Muta. 1B"
12253,H304,68603-01-0,"Asp. Tox. 1"
12254,H350,68603-03-2,"Carc. 1B"
12255,H340,68603-03-2,"Muta. 1B"
12256,H304,68603-03-2,"Asp. Tox. 1"
12257,H350,68955-29-3,"Carc. 1B"
12258,H340,68955-29-3,"Muta. 1B"
12259,H304,68955-29-3,"Asp. Tox. 1"
12260,H350,92045-65-3,"Carc. 1B"
12261,H340,92045-65-3,"Muta. 1B"
12262,H304,92045-65-3,"Asp. Tox. 1"
12263,H350,64742-48-9,"Carc. 1B"
12264,H340,64742-48-9,"Muta. 1B"
12265,H304,64742-48-9,"Asp. Tox. 1"
12266,H350,64742-49-0,"Carc. 1B"
12267,H340,64742-49-0,"Muta. 1B"
12268,H304,64742-49-0,"Asp. Tox. 1"
12269,H350,64742-73-0,"Carc. 1B"
12270,H340,64742-73-0,"Muta. 1B"
12271,H304,64742-73-0,"Asp. Tox. 1"
12272,H350,64742-82-1,"Carc. 1B"
12273,H340,64742-82-1,"Muta. 1B"
12274,H304,64742-82-1,"Asp. Tox. 1"
12275,H372,64742-82-1,"STOT RE 1"
12276,H350,68410-96-8,"Carc. 1B"
12277,H340,68410-96-8,"Muta. 1B"
12278,H304,68410-96-8,"Asp. Tox. 1"
12279,H350,68410-97-9,"Carc. 1B"
12280,H340,68410-97-9,"Muta. 1B"
12281,H304,68410-97-9,"Asp. Tox. 1"
12282,H350,68410-98-0,"Carc. 1B"
12283,H340,68410-98-0,"Muta. 1B"
12284,H304,68410-98-0,"Asp. Tox. 1"
12285,H350,68512-78-7,"Carc. 1B"
12286,H340,68512-78-7,"Muta. 1B"
12287,H304,68512-78-7,"Asp. Tox. 1"
12288,H350,85116-60-5,"Carc. 1B"
12289,H340,85116-60-5,"Muta. 1B"
12290,H304,85116-60-5,"Asp. Tox. 1"
12291,H350,85116-61-6,"Carc. 1B"
12292,H340,85116-61-6,"Muta. 1B"
12293,H304,85116-61-6,"Asp. Tox. 1"
12294,H350,92045-51-7,"Carc. 1B"
12295,H340,92045-51-7,"Muta. 1B"
12296,H304,92045-51-7,"Asp. Tox. 1"
12297,H350,92045-52-8,"Carc. 1B"
12298,H340,92045-52-8,"Muta. 1B"
12299,H304,92045-52-8,"Asp. Tox. 1"
12300,H350,92045-57-3,"Carc. 1B"
12301,H340,92045-57-3,"Muta. 1B"
12302,H304,92045-57-3,"Asp. Tox. 1"
12303,H350,92045-61-9,"Carc. 1B"
12304,H340,92045-61-9,"Muta. 1B"
12305,H304,92045-61-9,"Asp. Tox. 1"
12306,H350,92062-15-2,"Carc. 1B"
12307,H340,92062-15-2,"Muta. 1B"
12308,H304,92062-15-2,"Asp. Tox. 1"
12309,H350,93165-55-0,"Carc. 1B"
12310,H340,93165-55-0,"Muta. 1B"
12311,H304,93165-55-0,"Asp. Tox. 1"
12312,H350,93763-33-8,"Carc. 1B"
12313,H340,93763-33-8,"Muta. 1B"
12314,H304,93763-33-8,"Asp. Tox. 1"
12315,H350,93763-34-9,"Carc. 1B"
12316,H340,93763-34-9,"Muta. 1B"
12317,H304,93763-34-9,"Asp. Tox. 1"
12318,H350,8052-41-3,"Carc. 1B"
12319,H340,8052-41-3,"Muta. 1B"
12320,H304,8052-41-3,"Asp. Tox. 1"
12321,H372,8052-41-3,"STOT RE 1"
12322,H350,64741-47-5,"Carc. 1B"
12323,H340,64741-47-5,"Muta. 1B"
12324,H304,64741-47-5,"Asp. Tox. 1"
12325,H350,64741-48-6,"Carc. 1B"
12326,H340,64741-48-6,"Muta. 1B"
12327,H304,64741-48-6,"Asp. Tox. 1"
12328,H350,64741-69-1,"Carc. 1B"
12329,H340,64741-69-1,"Muta. 1B"
12330,H304,64741-69-1,"Asp. Tox. 1"
12331,H350,64741-78-2,"Carc. 1B"
12332,H340,64741-78-2,"Muta. 1B"
12333,H304,64741-78-2,"Asp. Tox. 1"
12334,H350,64741-87-3,"Carc. 1B"
12335,H340,64741-87-3,"Muta. 1B"
12336,H304,64741-87-3,"Asp. Tox. 1"
12337,H350,64742-15-0,"Carc. 1B"
12338,H340,64742-15-0,"Muta. 1B"
12339,H304,64742-15-0,"Asp. Tox. 1"
12340,H350,64742-22-9,"Carc. 1B"
12341,H340,64742-22-9,"Muta. 1B"
12342,H304,64742-22-9,"Asp. Tox. 1"
12343,H350,64742-23-0,"Carc. 1B"
12344,H340,64742-23-0,"Muta. 1B"
12345,H304,64742-23-0,"Asp. Tox. 1"
12346,H350,64742-66-1,"Carc. 1B"
12347,H340,64742-66-1,"Muta. 1B"
12348,H304,64742-66-1,"Asp. Tox. 1"
12349,H350,64742-83-2,"Carc. 1B"
12350,H340,64742-83-2,"Muta. 1B"
12351,H304,64742-83-2,"Asp. Tox. 1"
12352,H350,64742-95-6,"Carc. 1B"
12353,H340,64742-95-6,"Muta. 1B"
12354,H304,64742-95-6,"Asp. Tox. 1"
12355,H350,68131-49-7,"Carc. 1B"
12356,H340,68131-49-7,"Muta. 1B"
12357,H304,68131-49-7,"Asp. Tox. 1"
12358,H350,68477-34-9,"Carc. 1B"
12359,H340,68477-34-9,"Muta. 1B"
12360,H304,68477-34-9,"Asp. Tox. 1"
12361,H350,68477-50-9,"Carc. 1B"
12362,H340,68477-50-9,"Muta. 1B"
12363,H304,68477-50-9,"Asp. Tox. 1"
12364,H350,68477-53-2,"Carc. 1B"
12365,H340,68477-53-2,"Muta. 1B"
12366,H304,68477-53-2,"Asp. Tox. 1"
12367,H350,68477-55-4,"Carc. 1B"
12368,H340,68477-55-4,"Muta. 1B"
12369,H304,68477-55-4,"Asp. Tox. 1"
12370,H350,68477-61-2,"Carc. 1B"
12371,H340,68477-61-2,"Muta. 1B"
12372,H304,68477-61-2,"Asp. Tox. 1"
12373,H350,68477-89-4,"Carc. 1B"
12374,H340,68477-89-4,"Muta. 1B"
12375,H304,68477-89-4,"Asp. Tox. 1"
12376,H350,68478-12-6,"Carc. 1B"
12377,H340,68478-12-6,"Muta. 1B"
12378,H304,68478-12-6,"Asp. Tox. 1"
12379,H350,68478-16-0,"Carc. 1B"
12380,H340,68478-16-0,"Muta. 1B"
12381,H304,68478-16-0,"Asp. Tox. 1"
12382,H350,68513-02-0,"Carc. 1B"
12383,H340,68513-02-0,"Muta. 1B"
12384,H304,68513-02-0,"Asp. Tox. 1"
12385,H350,68516-20-1,"Carc. 1B"
12386,H340,68516-20-1,"Muta. 1B"
12387,H304,68516-20-1,"Asp. Tox. 1"
12388,H350,68527-21-9,"Carc. 1B"
12389,H340,68527-21-9,"Muta. 1B"
12390,H304,68527-21-9,"Asp. Tox. 1"
12391,H350,68527-22-0,"Carc. 1B"
12392,H340,68527-22-0,"Muta. 1B"
12393,H304,68527-22-0,"Asp. Tox. 1"
12394,H350,68527-23-1,"Carc. 1B"
12395,H340,68527-23-1,"Muta. 1B"
12396,H304,68527-23-1,"Asp. Tox. 1"
12397,H350,68527-26-4,"Carc. 1B"
12398,H340,68527-26-4,"Muta. 1B"
12399,H304,68527-26-4,"Asp. Tox. 1"
12400,H350,68603-08-7,"Carc. 1B"
12401,H340,68603-08-7,"Muta. 1B"
12402,H304,68603-08-7,"Asp. Tox. 1"
12403,H350,68606-10-0,"Carc. 1B"
12404,H340,68606-10-0,"Muta. 1B"
12405,H304,68606-10-0,"Asp. Tox. 1"
12406,H350,68783-66-4,"Carc. 1B"
12407,H340,68783-66-4,"Muta. 1B"
12408,H304,68783-66-4,"Asp. Tox. 1"
12409,H350,68919-39-1,"Carc. 1B"
12410,H340,68919-39-1,"Muta. 1B"
12411,H304,68919-39-1,"Asp. Tox. 1"
12412,H350,68921-09-5,"Carc. 1B"
12413,H340,68921-09-5,"Muta. 1B"
12414,H304,68921-09-5,"Asp. Tox. 1"
12415,H350,85116-59-2,"Carc. 1B"
12416,H340,85116-59-2,"Muta. 1B"
12417,H304,85116-59-2,"Asp. Tox. 1"
12418,H350,86290-81-5,"Carc. 1B"
12419,H340,86290-81-5,"Muta. 1B"
12420,H304,86290-81-5,"Asp. Tox. 1"
12421,H350,90989-42-7,"Carc. 1B"
12422,H340,90989-42-7,"Muta. 1B"
12423,H304,90989-42-7,"Asp. Tox. 1"
12424,H350,91995-38-9,"Carc. 1B"
12425,H340,91995-38-9,"Muta. 1B"
12426,H304,91995-38-9,"Asp. Tox. 1"
12427,H350,91995-41-4,"Carc. 1B"
12428,H340,91995-41-4,"Muta. 1B"
12429,H304,91995-41-4,"Asp. Tox. 1"
12430,H350,91995-68-5,"Carc. 1B"
12431,H340,91995-68-5,"Muta. 1B"
12432,H304,91995-68-5,"Asp. Tox. 1"
12433,H350,92045-53-9,"Carc. 1B"
12434,H340,92045-53-9,"Muta. 1B"
12435,H304,92045-53-9,"Asp. Tox. 1"
12436,H350,92045-60-8,"Carc. 1B"
12437,H340,92045-60-8,"Muta. 1B"
12438,H304,92045-60-8,"Asp. Tox. 1"
12439,H350,92045-62-0,"Carc. 1B"
12440,H340,92045-62-0,"Muta. 1B"
12441,H304,92045-62-0,"Asp. Tox. 1"
12442,H350,92045-63-1,"Carc. 1B"
12443,H340,92045-63-1,"Muta. 1B"
12444,H304,92045-63-1,"Asp. Tox. 1"
12445,H350,92201-97-3,"Carc. 1B"
12446,H340,92201-97-3,"Muta. 1B"
12447,H304,92201-97-3,"Asp. Tox. 1"
12448,H350,93165-19-6,"Carc. 1B"
12449,H340,93165-19-6,"Muta. 1B"
12450,H304,93165-19-6,"Asp. Tox. 1"
12451,H350,94114-03-1,"Carc. 1B"
12452,H340,94114-03-1,"Muta. 1B"
12453,H304,94114-03-1,"Asp. Tox. 1"
12454,H350,95009-23-7,"Carc. 1B"
12455,H340,95009-23-7,"Muta. 1B"
12456,H304,95009-23-7,"Asp. Tox. 1"
12457,H350,97926-43-7,"Carc. 1B"
12458,H340,97926-43-7,"Muta. 1B"
12459,H304,97926-43-7,"Asp. Tox. 1"
12460,H350,98219-46-6,"Carc. 1B"
12461,H340,98219-46-6,"Muta. 1B"
12462,H304,98219-46-6,"Asp. Tox. 1"
12463,H350,98219-47-7,"Carc. 1B"
12464,H340,98219-47-7,"Muta. 1B"
12465,H304,98219-47-7,"Asp. Tox. 1"
12466,H350,101316-56-7,"Carc. 1B"
12467,H340,101316-56-7,"Muta. 1B"
12468,H304,101316-56-7,"Asp. Tox. 1"
12469,H350,101316-66-9,"Carc. 1B"
12470,H340,101316-66-9,"Muta. 1B"
12471,H304,101316-66-9,"Asp. Tox. 1"
12472,H350,101316-76-1,"Carc. 1B"
12473,H340,101316-76-1,"Muta. 1B"
12474,H304,101316-76-1,"Asp. Tox. 1"
12475,H350,101795-01-1,"Carc. 1B"
12476,H340,101795-01-1,"Muta. 1B"
12477,H304,101795-01-1,"Asp. Tox. 1"
12478,H350,102110-14-5,"Carc. 1B"
12479,H340,102110-14-5,"Muta. 1B"
12480,H304,102110-14-5,"Asp. Tox. 1"
12481,H350,102110-15-6,"Carc. 1B"
12482,H340,102110-15-6,"Muta. 1B"
12483,H304,102110-15-6,"Asp. Tox. 1"
12484,H350,102110-55-4,"Carc. 1B"
12485,H340,102110-55-4,"Muta. 1B"
12486,H304,102110-55-4,"Asp. Tox. 1"
12487,H350,68476-50-6,"Carc. 1B"
12488,H340,68476-50-6,"Muta. 1B"
12489,H304,68476-50-6,"Asp. Tox. 1"
12490,H350,68476-55-1,"Carc. 1B"
12491,H340,68476-55-1,"Muta. 1B"
12492,H304,68476-55-1,"Asp. Tox. 1"
12493,H350,90989-39-2,"Carc. 1B"
12494,H340,90989-39-2,"Muta. 1B"
12495,H304,90989-39-2,"Asp. Tox. 1"
12496,H304,8008-20-6,"Asp. Tox. 1"
12497,H304,64742-88-7,"Asp. Tox. 1"
12498,H372,64742-88-7,"STOT RE 1"
12499,H304,64742-96-7,"Asp. Tox. 1"
12500,H304,92045-37-9,"Asp. Tox. 1"
12501,H304,64742-91-2,"Asp. Tox. 1"
12502,H304,68477-39-4,"Asp. Tox. 1"
12503,H304,68477-40-7,"Asp. Tox. 1"
12504,H304,68477-54-3,"Asp. Tox. 1"
12505,H304,85116-55-8,"Asp. Tox. 1"
12506,H304,90640-98-5,"Asp. Tox. 1"
12507,H304,90641-13-7,"Asp. Tox. 1"
12508,H304,101316-61-4,"Asp. Tox. 1"
12509,H304,101631-13-4,"Asp. Tox. 1"
12510,H304,101316-80-7,"Asp. Tox. 1"
12511,H304,101631-15-6,"Asp. Tox. 1"
12512,H304,64741-73-7,"Asp. Tox. 1"
12513,H304,64741-98-6,"Asp. Tox. 1"
12514,H304,64742-31-0,"Asp. Tox. 1"
12515,H304,64742-47-8,"Asp. Tox. 1"
12516,H304,64742-81-0,"Asp. Tox. 1"
12517,H304,64742-94-5,"Asp. Tox. 1"
12518,H304,68333-23-3,"Asp. Tox. 1"
12519,H304,85116-57-0,"Asp. Tox. 1"
12520,H304,91770-15-9,"Asp. Tox. 1"
12521,H304,92045-36-8,"Asp. Tox. 1"
12522,H304,93763-35-0,"Asp. Tox. 1"
12523,H304,97488-94-3,"Asp. Tox. 1"
12524,H304,101316-58-9,"Asp. Tox. 1"
12525,H304,101316-81-8,"Asp. Tox. 1"
12526,H304,101316-82-9,"Asp. Tox. 1"
12527,H304,101631-19-0,"Asp. Tox. 1"
12528,H350,64741-59-9,"Carc. 1B"
12529,H350,64741-60-2,"Carc. 1B"
12530,H351,64741-77-1,"Carc. 2"
12531,H350,64741-82-8,"Carc. 1B"
12532,H350,68333-25-5,"Carc. 1B"
12533,H350,68475-80-9,"Carc. 1B"
12534,H350,68477-38-3,"Carc. 1B"
12535,H350,68527-18-4,"Carc. 1B"
12536,H350,85116-53-6,"Carc. 1B"
12537,H350,92045-29-9,"Carc. 1B"
12538,H350,92062-00-5,"Carc. 1B"
12539,H350,92062-04-9,"Carc. 1B"
12540,H350,92201-60-0,"Carc. 1B"
12541,H350,93763-85-0,"Carc. 1B"
12542,H351,97675-88-2,"Carc. 2"
12543,H350,97926-59-5,"Carc. 1B"
12544,H350,101316-59-0,"Carc. 1B"
12545,H350,101631-14-5,"Carc. 1B"
12546,H350,64741-76-0,"Carc. 1B"
12547,H350,64741-88-4,"Carc. 1B"
12548,H350,64741-89-5,"Carc. 1B"
12549,H350,64741-95-3,"Carc. 1B"
12550,H350,64741-96-4,"Carc. 1B"
12551,H350,64741-97-5,"Carc. 1B"
12552,H350,64742-01-4,"Carc. 1B"
12553,H350,64742-36-5,"Carc. 1B"
12554,H350,64742-37-6,"Carc. 1B"
12555,H350,64742-41-2,"Carc. 1B"
12556,H350,64742-44-5,"Carc. 1B"
12557,H350,64742-45-6,"Carc. 1B"
12558,H350,64742-52-5,"Carc. 1B"
12559,H350,64742-53-6,"Carc. 1B"
12560,H350,64742-54-7,"Carc. 1B"
12561,H350,64742-55-8,"Carc. 1B"
12562,H350,64742-56-9,"Carc. 1B"
12563,H350,64742-57-0,"Carc. 1B"
12564,H350,64742-62-7,"Carc. 1B"
12565,H350,64742-63-8,"Carc. 1B"
12566,H350,64742-64-9,"Carc. 1B"
12567,H350,64742-65-0,"Carc. 1B"
12568,H350,64742-68-3,"Carc. 1B"
12569,H350,64742-69-4,"Carc. 1B"
12570,H350,64742-70-7,"Carc. 1B"
12571,H350,64742-71-8,"Carc. 1B"
12572,H350,64742-75-2,"Carc. 1B"
12573,H350,64742-76-3,"Carc. 1B"
12574,H350,72623-85-9,"Carc. 1B"
12575,H350,72623-86-0,"Carc. 1B"
12576,H350,72623-87-1,"Carc. 1B"
12577,H350,74869-22-0,"Carc. 1B"
12578,H350,90640-91-8,"Carc. 1B"
12579,H350,90640-92-9,"Carc. 1B"
12580,H350,90640-94-1,"Carc. 1B"
12581,H350,90640-95-2,"Carc. 1B"
12582,H350,90640-96-3,"Carc. 1B"
12583,H350,90640-97-4,"Carc. 1B"
12584,H350,90669-74-2,"Carc. 1B"
12585,H350,91770-57-9,"Carc. 1B"
12586,H350,91995-39-0,"Carc. 1B"
12587,H350,91995-40-3,"Carc. 1B"
12588,H350,91995-45-8,"Carc. 1B"
12589,H350,91995-54-9,"Carc. 1B"
12590,H350,92045-42-6,"Carc. 1B"
12591,H350,92045-43-7,"Carc. 1B"
12592,H350,92061-86-4,"Carc. 1B"
12593,H350,92129-09-4,"Carc. 1B"
12594,H350,93572-43-1,"Carc. 1B"
12595,H350,93763-38-3,"Carc. 1B"
12596,H350,93924-61-9,"Carc. 1B"
12597,H350,94733-08-1,"Carc. 1B"
12598,H350,94733-09-2,"Carc. 1B"
12599,H350,94733-15-0,"Carc. 1B"
12600,H350,94733-16-1,"Carc. 1B"
12601,H350,95371-04-3,"Carc. 1B"
12602,H350,95371-05-4,"Carc. 1B"
12603,H350,95371-07-6,"Carc. 1B"
12604,H350,95371-08-7,"Carc. 1B"
12605,H350,97488-73-8,"Carc. 1B"
12606,H350,97488-74-9,"Carc. 1B"
12607,H350,97488-95-4,"Carc. 1B"
12608,H350,97675-87-1,"Carc. 1B"
12609,H350,97722-06-0,"Carc. 1B"
12610,H350,97722-09-3,"Carc. 1B"
12611,H350,97722-10-6,"Carc. 1B"
12612,H350,97862-81-2,"Carc. 1B"
12613,H350,97862-82-3,"Carc. 1B"
12614,H350,97862-83-4,"Carc. 1B"
12615,H350,97926-68-6,"Carc. 1B"
12616,H350,97926-70-0,"Carc. 1B"
12617,H350,97926-71-1,"Carc. 1B"
12618,H350,100684-37-5,"Carc. 1B"
12619,H350,100684-38-6,"Carc. 1B"
12620,H350,101316-69-2,"Carc. 1B"
12621,H350,101316-70-5,"Carc. 1B"
12622,H350,101316-71-6,"Carc. 1B"
12623,H350,101316-72-7,"Carc. 1B"
12624,H350,68783-00-6,"Carc. 1B"
12625,H350,68783-04-0,"Carc. 1B"
12626,H350,68814-89-1,"Carc. 1B"
12627,H350,90641-07-9,"Carc. 1B"
12628,H350,90641-08-0,"Carc. 1B"
12629,H350,90641-09-1,"Carc. 1B"
12630,H350,91995-73-2,"Carc. 1B"
12631,H350,91995-75-4,"Carc. 1B"
12632,H350,91995-76-5,"Carc. 1B"
12633,H350,91995-77-6,"Carc. 1B"
12634,H350,91995-79-8,"Carc. 1B"
12635,H350,92704-08-0,"Carc. 1B"
12636,H350,93763-10-1,"Carc. 1B"
12637,H350,93763-11-2,"Carc. 1B"
12638,H350,100684-02-4,"Carc. 1B"
12639,H350,100684-03-5,"Carc. 1B"
12640,H350,100684-04-6,"Carc. 1B"
12641,H350,100684-05-7,"Carc. 1B"
12642,H350,64742-67-2,"Carc. 1B"
12643,H350,92045-12-0,"Carc. 1B"
12644,H226,8006-64-2,"Flam. Liq. 3"
12645,H332,8006-64-2,"Acute Tox. 4"
12646,H312,8006-64-2,"Acute Tox. 4"
12647,H302,8006-64-2,"Acute Tox. 4"
12648,H304,8006-64-2,"Asp. Tox. 1"
12649,H315,8006-64-2,"Skin Irrit. 2"
12650,H319,8006-64-2,"Eye Irrit. 2"
12651,H317,8006-64-2,"Skin Sens. 1"
12652,H411,8006-64-2,"Aquatic Chronic 2"
12653,H302,80-38-6,"Acute Tox. 4"
12654,H319,80-38-6,"Eye Irrit. 2"
12655,H411,80-38-6,"Aquatic Chronic 2"
12656,H302,991-42-4,"Acute Tox. 4"
12657,H301,83-79-4,"Acute Tox. 3"
12658,H335,83-79-4,"STOT SE 3"
12659,H315,83-79-4,"Skin Irrit. 2"
12660,H319,83-79-4,"Eye Irrit. 2"
12661,H400,83-79-4,"Aquatic Acute 1"
12662,H410,83-79-4,"Aquatic Chronic 1"
12663,H301,495-73-8,"Acute Tox. 3"
12664,H312,495-73-8,"Acute Tox. 4"
12665,H351,6164-98-3,"Carc. 2"
12666,H312,6164-98-3,"Acute Tox. 4"
12667,H302,6164-98-3,"Acute Tox. 4"
12668,H400,6164-98-3,"Aquatic Acute 1"
12669,H410,6164-98-3,"Aquatic Chronic 1"
12670,H301,5707-69-7,"Acute Tox. 3"
12671,H400,5707-69-7,"Aquatic Acute 1"
12672,H410,5707-69-7,"Aquatic Chronic 1"
12673,H351,19750-95-9,"Carc. 2"
12674,H302,19750-95-9,"Acute Tox. 4"
12675,H400,19750-95-9,"Aquatic Acute 1"
12676,H410,19750-95-9,"Aquatic Chronic 1"
12677,H351,1694-09-3,"Carc. 2"
12678,H350,12510-42-8,"Carc. 1A"
12679,H350,12001-28-4,"Carc. 1A"
12680,H372,12001-28-4,"STOT RE 1"
12681,H350,132207-32-0,"Carc. 1A"
12682,H372,132207-32-0,"STOT RE 1"
12683,H350,12172-73-5,"Carc. 1A"
12684,H372,12172-73-5,"STOT RE 1"
12685,H350,77536-66-4,"Carc. 1A"
12686,H372,77536-66-4,"STOT RE 1"
12687,H350,77536-68-6,"Carc. 1A"
12688,H372,77536-68-6,"STOT RE 1"
12689,H350,77536-67-5,"Carc. 1A"
12690,H372,77536-67-5,"STOT RE 1"
12691,H350,12001-29-5,"Carc. 1A"
12692,H372,12001-29-5,"STOT RE 1"
12693,H317,8050-09-7,"Skin Sens. 1"
12694,H317,8052-10-6,"Skin Sens. 1"
12695,H317,73138-82-6,"Skin Sens. 1"
12696,H302,55-55-0,"Acute Tox. 4"
12697,H373,55-55-0,"STOT RE 2"
12698,H317,55-55-0,"Skin Sens. 1"
12699,H400,55-55-0,"Aquatic Acute 1"
12700,H410,55-55-0,"Aquatic Chronic 1"
12701,H360D,94361-06-5,"Repr. 1B"
12702,H301,94361-06-5,"Acute Tox. 3"
12703,H373,94361-06-5,"STOT RE 2"
12704,H400,94361-06-5,"Aquatic Acute 1"
12705,H410,94361-06-5,"Aquatic Chronic 1"
12706,H400,82097-50-5,"Aquatic Acute 1"
12707,H410,82097-50-5,"Aquatic Chronic 1"
12708,H315,158570-99-1,"Skin Irrit. 2"
12709,H317,158570-99-1,"Skin Sens. 1"
12710,H400,158570-99-1,"Aquatic Acute 1"
12711,H410,158570-99-1,"Aquatic Chronic 1"
12712,H302,12222-04-7,"Acute Tox. 4"
12713,H373,12222-04-7,"STOT RE 2"
12714,H411,12222-04-7,"Aquatic Chronic 2"
12715,H302,134164-24-2,"Acute Tox. 4"
12716,H372,134164-24-2,"STOT RE 1"
12717,H318,134164-24-2,"Eye Dam. 1"
12718,H317,134164-24-2,"Skin Sens. 1"
12719,H411,134164-24-2,"Aquatic Chronic 2"
12720,H400,155925-27-2,"Aquatic Acute 1"
12721,H410,155925-27-2,"Aquatic Chronic 1"
